publisher_domain,publisher_category,ssp_domain,seller_id,relationship,verified_legal_entity
nytimes.com,News & Media,amazon-adsystem.com,3030,DIRECT,Not Tracked (Non-Top 3 SSP)
nytimes.com,News & Media,google.com,pub-4177862836555934,DIRECT,NYTimes
nytimes.com,News & Media,google.com,pub-9542126426993714,DIRECT,Unlisted / Unknown ID
nytimes.com,News & Media,indexexchange.com,184733,DIRECT,Not Tracked (Non-Top 3 SSP)
nytimes.com,News & Media,liveintent.com,130,DIRECT,Not Tracked (Non-Top 3 SSP)
nytimes.com,News & Media,openx.com,537145107,DIRECT,Not Tracked (Non-Top 3 SSP)
nytimes.com,News & Media,openx.com,539936340,DIRECT,Not Tracked (Non-Top 3 SSP)
nytimes.com,News & Media,openx.com,539052954,DIRECT,Not Tracked (Non-Top 3 SSP)
nytimes.com,News & Media,openx.com,544071378,DIRECT,Not Tracked (Non-Top 3 SSP)
nytimes.com,News & Media,rubiconproject.com,12330,DIRECT,The New York Times Company
nytimes.com,News & Media,rubiconproject.com,17470,DIRECT,Google
nytimes.com,News & Media,triplelift.com,746,DIRECT,Not Tracked (Non-Top 3 SSP)
nytimes.com,News & Media,pubmatic.com,158573,DIRECT,Not Tracked (Non-Top 3 SSP)
nytimes.com,News & Media,pubmatic.com,158945,DIRECT,Not Tracked (Non-Top 3 SSP)
nytimes.com,News & Media,pubmatic.com,163427,DIRECT,Not Tracked (Non-Top 3 SSP)
nytimes.com,News & Media,media.net,8CU2553YN,DIRECT,Not Tracked (Non-Top 3 SSP)
nytimes.com,News & Media,media.net,8CU83M88N,DIRECT,Not Tracked (Non-Top 3 SSP)
nytimes.com,News & Media,media.net,8CU4XCJ1B,DIRECT,Not Tracked (Non-Top 3 SSP)
nytimes.com,News & Media,yahoo.com,55861,DIRECT,Not Tracked (Non-Top 3 SSP)
nytimes.com,News & Media,google.com,pub-1793726897772453,DIRECT,"Submarine Leisure Club, LLC."
nytimes.com,News & Media,aps.amazon.com,3030,DIRECT,Not Tracked (Non-Top 3 SSP)
nytimes.com,News & Media,indexexchange.com,196165,DIRECT,Not Tracked (Non-Top 3 SSP)
nytimes.com,News & Media,indexexchange.com,205938,DIRECT,Not Tracked (Non-Top 3 SSP)
nytimes.com,News & Media,adswizz.com,nytimes,DIRECT,Not Tracked (Non-Top 3 SSP)
nytimes.com,News & Media,triplelift.com,746-EB,DIRECT,Not Tracked (Non-Top 3 SSP)
nytimes.com,News & Media,liveintent.com,74445,DIRECT,Not Tracked (Non-Top 3 SSP)
nytimes.com,News & Media,themediagrid.com,B7HPLK,DIRECT,Not Tracked (Non-Top 3 SSP)
nytimes.com,News & Media,adswizz.com,463,DIRECT,Not Tracked (Non-Top 3 SSP)
nytimes.com,News & Media,connatix.com,2013252542147178,DIRECT,Not Tracked (Non-Top 3 SSP)
nytimes.com,News & Media,kargo.com,9123,DIRECT,Not Tracked (Non-Top 3 SSP)
cnn.com,News & Media,mgid.com,909340,DIRECT,Not Tracked (Non-Top 3 SSP)
cnn.com,News & Media,themediagrid.com,9UX1JV,DIRECT,Not Tracked (Non-Top 3 SSP)
cnn.com,News & Media,triplelift.com,953,DIRECT,Not Tracked (Non-Top 3 SSP)
cnn.com,News & Media,indexexchange.com,194132,DIRECT,Not Tracked (Non-Top 3 SSP)
cnn.com,News & Media,google.com,pub-7439281311086140,DIRECT,"Turner Broadcasting System, Inc."
cnn.com,News & Media,rubiconproject.com,11078,DIRECT,Turnier Digital Ad Sal
cnn.com,News & Media,saambaa.com,72000661,DIRECT,Not Tracked (Non-Top 3 SSP)
cnn.com,News & Media,lijit.com,252623,DIRECT,Not Tracked (Non-Top 3 SSP)
cnn.com,News & Media,pubmatic.com,161763,RESELLER,Not Tracked (Non-Top 3 SSP)
cnn.com,News & Media,sonobi.com,8b725e5cd3,DIRECT,Not Tracked (Non-Top 3 SSP)
cnn.com,News & Media,indexexchange.com,188146,RESELLER,Not Tracked (Non-Top 3 SSP)
cnn.com,News & Media,indexexchange.com,193397,RESELLER,Not Tracked (Non-Top 3 SSP)
cnn.com,News & Media,video.unrulymedia.com,4220119312,RESELLER,Not Tracked (Non-Top 3 SSP)
cnn.com,News & Media,amxrtb.com,105199526,DIRECT,Not Tracked (Non-Top 3 SSP)
cnn.com,News & Media,appnexus.com,12290,RESELLER,Not Tracked (Non-Top 3 SSP)
cnn.com,News & Media,google.com,pub-4824951468046394,DIRECT,Unlisted / Unknown ID
cnn.com,News & Media,yahoo.com,49648,RESELLER,Not Tracked (Non-Top 3 SSP)
cnn.com,News & Media,pubmatic.com,158355,RESELLER,Not Tracked (Non-Top 3 SSP)
cnn.com,News & Media,rubiconproject.com,23844,RESELLER,Monet Engine Inc
cnn.com,News & Media,rubiconproject.com,17960,RESELLER,Sovrn Inc.
cnn.com,News & Media,rubiconproject.com,24022,DIRECT,Saambaa LLC
cnn.com,News & Media,appnexus.com,9027,RESELLER,Not Tracked (Non-Top 3 SSP)
cnn.com,News & Media,voicemediagroup.com,9262,RESELLER,Not Tracked (Non-Top 3 SSP)
cnn.com,News & Media,jfacassoc.com,1622,RESELLER,Not Tracked (Non-Top 3 SSP)
cnn.com,News & Media,rubiconproject.com,25230,RESELLER,Unlisted / Unknown ID
cnn.com,News & Media,yieldmo.com,2898690995346416534,RESELLER,Not Tracked (Non-Top 3 SSP)
cnn.com,News & Media,xandr.com,14674,RESELLER,Not Tracked (Non-Top 3 SSP)
cnn.com,News & Media,conversantmedia.com,41685,DIRECT,Not Tracked (Non-Top 3 SSP)
cnn.com,News & Media,rubiconproject.com,23644,RESELLER,Conversant LLC
cnn.com,News & Media,aps.amazon.com,3159,DIRECT,Not Tracked (Non-Top 3 SSP)
cnn.com,News & Media,appnexus.com,7745,DIRECT,Not Tracked (Non-Top 3 SSP)
cnn.com,News & Media,pubmatic.com,162078,DIRECT,Not Tracked (Non-Top 3 SSP)
cnn.com,News & Media,indexexchange.com,186948,DIRECT,Not Tracked (Non-Top 3 SSP)
cnn.com,News & Media,indexexchange.com,187781,DIRECT,Not Tracked (Non-Top 3 SSP)
cnn.com,News & Media,yieldmo.com,764343212726492773,DIRECT,Not Tracked (Non-Top 3 SSP)
cnn.com,News & Media,yieldmo.com,1981084746893657653,DIRECT,Not Tracked (Non-Top 3 SSP)
cnn.com,News & Media,yieldmo.com,2140675095243950036,DIRECT,Not Tracked (Non-Top 3 SSP)
cnn.com,News & Media,indexexchange.com,183753,RESELLER,Not Tracked (Non-Top 3 SSP)
cnn.com,News & Media,pubmatic.com,156512,RESELLER,Not Tracked (Non-Top 3 SSP)
cnn.com,News & Media,pubmatic.com,156565,RESELLER,Not Tracked (Non-Top 3 SSP)
cnn.com,News & Media,behave.com,1092,DIRECT,Not Tracked (Non-Top 3 SSP)
cnn.com,News & Media,pubmatic.com,156599,DIRECT,Not Tracked (Non-Top 3 SSP)
cnn.com,News & Media,pubmatic.com,158801,DIRECT,Not Tracked (Non-Top 3 SSP)
cnn.com,News & Media,spotxchange.com,219004,DIRECT,Not Tracked (Non-Top 3 SSP)
cnn.com,News & Media,spotx.tv,219004,DIRECT,Not Tracked (Non-Top 3 SSP)
cnn.com,News & Media,tremorhub.com,eq97f-x7x7v,DIRECT,Not Tracked (Non-Top 3 SSP)
cnn.com,News & Media,spotxchange.com,184125,RESELLER,Not Tracked (Non-Top 3 SSP)
cnn.com,News & Media,spotx.tv,184125,RESELLER,Not Tracked (Non-Top 3 SSP)
cnn.com,News & Media,media.net,8CUIG2452,RESELLER,Not Tracked (Non-Top 3 SSP)
cnn.com,News & Media,media.net,8CUS8896N,RESELLER,Not Tracked (Non-Top 3 SSP)
cnn.com,News & Media,rubiconproject.com,18426,DIRECT,Google
cnn.com,News & Media,outbrain.com,006c1fd20328a00c44f29602235a735bfd,DIRECT,Not Tracked (Non-Top 3 SSP)
cnn.com,News & Media,tremorhub.com,q017o-78mlk,RESELLER,Not Tracked (Non-Top 3 SSP)
cnn.com,News & Media,spotxchange.com,225721,RESELLER,Not Tracked (Non-Top 3 SSP)
cnn.com,News & Media,rubiconproject.com,17130,RESELLER,Vidazoo LTD.
cnn.com,News & Media,lkqd.net,450,RESELLER,Not Tracked (Non-Top 3 SSP)
cnn.com,News & Media,spotx.tv,238936,RESELLER,Not Tracked (Non-Top 3 SSP)
cnn.com,News & Media,spotxchange.com,238936,RESELLER,Not Tracked (Non-Top 3 SSP)
cnn.com,News & Media,liveintent.com,47905,DIRECT,Not Tracked (Non-Top 3 SSP)
cnn.com,News & Media,freewheel.tv,48804,DIRECT,Not Tracked (Non-Top 3 SSP)
cnn.com,News & Media,triplelift.com,876,DIRECT,Not Tracked (Non-Top 3 SSP)
cnn.com,News & Media,lkqd.net,602,RESELLER,Not Tracked (Non-Top 3 SSP)
cnn.com,News & Media,telaria.com,eq97f-x7x7v,DIRECT,Not Tracked (Non-Top 3 SSP)
cnn.com,News & Media,indexexchange.com,194132,RESELLER,Not Tracked (Non-Top 3 SSP)
cnn.com,News & Media,triplelift.com,9646,RESELLER,Not Tracked (Non-Top 3 SSP)
cnn.com,News & Media,themediagrid.com,4IPE95,RESELLER,Not Tracked (Non-Top 3 SSP)
cnn.com,News & Media,tritondigital.com,54413,RESELLER,Not Tracked (Non-Top 3 SSP)
cnn.com,News & Media,triplelift.com,876-EB,RESELLER,Not Tracked (Non-Top 3 SSP)
cnn.com,News & Media,triplelift.com,9646-EB,RESELLER,Not Tracked (Non-Top 3 SSP)
cnn.com,News & Media,sovrn.com,367853,RESELLER,Not Tracked (Non-Top 3 SSP)
cnn.com,News & Media,lijit.com,367853,RESELLER,Not Tracked (Non-Top 3 SSP)
cnn.com,News & Media,lijit.com,367853-eb,RESELLER,Not Tracked (Non-Top 3 SSP)
cnn.com,News & Media,wunderkind.co,340,DIRECT,Not Tracked (Non-Top 3 SSP)
cnn.com,News & Media,yahoo.com,100055,RESELLER,Not Tracked (Non-Top 3 SSP)
cnn.com,News & Media,sharethrough.com,5847,RESELLER,Not Tracked (Non-Top 3 SSP)
cnn.com,News & Media,pubmatic.com,161163,RESELLER,Not Tracked (Non-Top 3 SSP)
cnn.com,News & Media,inmobi.com,b4e83026d85c4f5c8e2f64328ec31b9c,RESELLER,Not Tracked (Non-Top 3 SSP)
cnn.com,News & Media,freewheel.tv,515123,RESELLER,Not Tracked (Non-Top 3 SSP)
cnn.com,News & Media,teads.tv,23337,DIRECT,Not Tracked (Non-Top 3 SSP)
cnn.com,News & Media,yahoo.com,59494,DIRECT,Not Tracked (Non-Top 3 SSP)
cnn.com,News & Media,freewheel.tv,499607,RESELLER,Not Tracked (Non-Top 3 SSP)
cnn.com,News & Media,pubmatic.com,161335,RESELLER,Not Tracked (Non-Top 3 SSP)
cnn.com,News & Media,richaudience.com,1ru8dKmJJV,RESELLER,Not Tracked (Non-Top 3 SSP)
cnn.com,News & Media,conversantmedia.com,100195,RESELLER,Not Tracked (Non-Top 3 SSP)
cnn.com,News & Media,freewheel.tv,384777,RESELLER,Not Tracked (Non-Top 3 SSP)
cnn.com,News & Media,themediagrid.com,9UX1JV,DIRECT,Not Tracked (Non-Top 3 SSP)
cnn.com,News & Media,criteo.com,B-058240,DIRECT,Unlisted / Unknown ID
cnn.com,News & Media,google.com,pub-5028215366626589,RESELLER,DistroScale Inc.
cnn.com,News & Media,aps.amazon.com,510b2083-6681-4521-93bd-7d95b5afa83c,RESELLER,Not Tracked (Non-Top 3 SSP)
cnn.com,News & Media,yahoo.com,59052,RESELLER,Not Tracked (Non-Top 3 SSP)
cnn.com,News & Media,distroscale.com,1369720403,RESELLER,Not Tracked (Non-Top 3 SSP)
cnn.com,News & Media,google.com,pub-3851171199385532,RESELLER,"DistroScale, Inc."
cnn.com,News & Media,freewheel.tv,372496,RESELLER,Not Tracked (Non-Top 3 SSP)
cnn.com,News & Media,telaria.com,dix75-1lxhm,DIRECT,Not Tracked (Non-Top 3 SSP)
cnn.com,News & Media,tremorhub.com,dix75-1lxhm,DIRECT,Not Tracked (Non-Top 3 SSP)
cnn.com,News & Media,spotx.tv,dix75-1lxhm,DIRECT,Not Tracked (Non-Top 3 SSP)
cnn.com,News & Media,spotxchange.com,dix75-1lxhm,DIRECT,Not Tracked (Non-Top 3 SSP)
cnn.com,News & Media,vi.ai,649774461155146,DIRECT,Not Tracked (Non-Top 3 SSP)
cnn.com,News & Media,spotxchange.com,304237,RESELLER,Not Tracked (Non-Top 3 SSP)
cnn.com,News & Media,spotx.tv,304237,RESELLER,Not Tracked (Non-Top 3 SSP)
cnn.com,News & Media,yahoo.com,59658,RESELLER,Not Tracked (Non-Top 3 SSP)
cnn.com,News & Media,indexexchange.com,191231,RESELLER,Not Tracked (Non-Top 3 SSP)
cnn.com,News & Media,indexexchange.com,191512,RESELLER,Not Tracked (Non-Top 3 SSP)
cnn.com,News & Media,indexexchange.com,197167,RESELLER,Not Tracked (Non-Top 3 SSP)
cnn.com,News & Media,rubiconproject.com,16578,RESELLER,DistroScale
cnn.com,News & Media,rubiconproject.com,21916,RESELLER,Unlisted / Unknown ID
cnn.com,News & Media,pubmatic.com,158001,RESELLER,Not Tracked (Non-Top 3 SSP)
cnn.com,News & Media,pubmatic.com,161299,RESELLER,Not Tracked (Non-Top 3 SSP)
cnn.com,News & Media,openx.com,537139075,RESELLER,Not Tracked (Non-Top 3 SSP)
cnn.com,News & Media,openx.com,540884769,RESELLER,Not Tracked (Non-Top 3 SSP)
cnn.com,News & Media,openx.com,540911068,RESELLER,Not Tracked (Non-Top 3 SSP)
cnn.com,News & Media,openx.com,552074241,RESELLER,Not Tracked (Non-Top 3 SSP)
cnn.com,News & Media,appnexus.com,7259,RESELLER,Not Tracked (Non-Top 3 SSP)
cnn.com,News & Media,triplelift.com,11632,RESELLER,Not Tracked (Non-Top 3 SSP)
cnn.com,News & Media,freewheel.tv,191701,DIRECT,Not Tracked (Non-Top 3 SSP)
cnn.com,News & Media,freewheel.tv,191701-523319,DIRECT,Not Tracked (Non-Top 3 SSP)
cnn.com,News & Media,yahoo.com,59995,DIRECT,Not Tracked (Non-Top 3 SSP)
cnn.com,News & Media,indexexchange.com,190500,RESELLER,Not Tracked (Non-Top 3 SSP)
cnn.com,News & Media,themediagrid.com,N71MIF,DIRECT,Not Tracked (Non-Top 3 SSP)
cnn.com,News & Media,admanmedia.com,1061,RESELLER,Not Tracked (Non-Top 3 SSP)
cnn.com,News & Media,media.net,8CU3BYI96,RESELLER,Not Tracked (Non-Top 3 SSP)
cnn.com,News & Media,pubmatic.com,162583,RESELLER,Not Tracked (Non-Top 3 SSP)
cnn.com,News & Media,adform.com,2921,RESELLER,Not Tracked (Non-Top 3 SSP)
cnn.com,News & Media,freewheel.tv,499607-523319,DIRECT,Not Tracked (Non-Top 3 SSP)
cnn.com,News & Media,yahoo.com,60105,DIRECT,Not Tracked (Non-Top 3 SSP)
cnn.com,News & Media,openx.com,558598331,RESELLER,Not Tracked (Non-Top 3 SSP)
cnn.com,News & Media,pubmatic.com,162932,DIRECT,Not Tracked (Non-Top 3 SSP)
cnn.com,News & Media,indexexchange.com,202522,DIRECT,Not Tracked (Non-Top 3 SSP)
cnn.com,News & Media,pubmatic.com,158370,RESELLER,Not Tracked (Non-Top 3 SSP)
cnn.com,News & Media,openx.com,557894883,DIRECT,Not Tracked (Non-Top 3 SSP)
cnn.com,News & Media,appnexus.com,8458,RESELLER,Not Tracked (Non-Top 3 SSP)
cnn.com,News & Media,rubiconproject.com,17046,RESELLER,"BOW- Business On Web, LLC"
cnn.com,News & Media,yourbow.com,632,DIRECT,Not Tracked (Non-Top 3 SSP)
cnn.com,News & Media,telaria.com,r5rfy-ubehw,DIRECT,Not Tracked (Non-Top 3 SSP)
cnn.com,News & Media,tremorhub.com,r5rfy-ubehw,DIRECT,Not Tracked (Non-Top 3 SSP)
cnn.com,News & Media,kargo.com,113,DIRECT,Not Tracked (Non-Top 3 SSP)
cnn.com,News & Media,fabrik.com,52,DIRECT,Not Tracked (Non-Top 3 SSP)
cnn.com,News & Media,google.com,pub-6358294573682566,RESELLER,Kargo Publishing LLC
cnn.com,News & Media,video.unrulymedia.com,1858504412,RESELLER,Not Tracked (Non-Top 3 SSP)
cnn.com,News & Media,appnexus.com,8173,RESELLER,Not Tracked (Non-Top 3 SSP)
cnn.com,News & Media,rubiconproject.com,11864,RESELLER,"Kargo Global, Inc."
cnn.com,News & Media,contextweb.com,562001,RESELLER,Not Tracked (Non-Top 3 SSP)
cnn.com,News & Media,telaria.com,r5rfy-ezca7,DIRECT,Not Tracked (Non-Top 3 SSP)
cnn.com,News & Media,tremorhub.com,r5rfy-ezca7,DIRECT,Not Tracked (Non-Top 3 SSP)
cnn.com,News & Media,telaria.com,r5rfy-acutr,DIRECT,Not Tracked (Non-Top 3 SSP)
cnn.com,News & Media,tremorhub.com,r5rfy-acutr,DIRECT,Not Tracked (Non-Top 3 SSP)
cnn.com,News & Media,spotxchange.com,212562,DIRECT,Not Tracked (Non-Top 3 SSP)
cnn.com,News & Media,spotx.tv,212562,DIRECT,Not Tracked (Non-Top 3 SSP)
cnn.com,News & Media,amxrtb.com,105199716,DIRECT,Not Tracked (Non-Top 3 SSP)
cnn.com,News & Media,lijit.com,260380,RESELLER,Not Tracked (Non-Top 3 SSP)
cnn.com,News & Media,pubmatic.com,161527,RESELLER,Not Tracked (Non-Top 3 SSP)
cnn.com,News & Media,adform.com,2865,RESELLER,Not Tracked (Non-Top 3 SSP)
cnn.com,News & Media,smartadserver.com,3056,RESELLER,Not Tracked (Non-Top 3 SSP)
cnn.com,News & Media,undertone.com,4159,RESELLER,Not Tracked (Non-Top 3 SSP)
cnn.com,News & Media,openx.com,537153564,RESELLER,Not Tracked (Non-Top 3 SSP)
cnn.com,News & Media,rubiconproject.com,22412,RESELLER,Intercept Interactive Inc. D.B.A Undertone
cnn.com,News & Media,pubmatic.com,160318,RESELLER,Not Tracked (Non-Top 3 SSP)
cnn.com,News & Media,yahoo.com,59262,RESELLER,Not Tracked (Non-Top 3 SSP)
cnn.com,News & Media,indexexchange.com,197137,RESELLER,Not Tracked (Non-Top 3 SSP)
cnn.com,News & Media,onetag.com,7e41763fae9f91e,RESELLER,Not Tracked (Non-Top 3 SSP)
cnn.com,News & Media,onetag.com,7e41763fae9f91e-OB,RESELLER,Not Tracked (Non-Top 3 SSP)
cnn.com,News & Media,freewheel.tv,505334,RESELLER,Not Tracked (Non-Top 3 SSP)
cnn.com,News & Media,telaria.com,r5rfy-irhqt,RESELLER,Not Tracked (Non-Top 3 SSP)
cnn.com,News & Media,tremorhub.com,r5rfy-irhqt,RESELLER,Not Tracked (Non-Top 3 SSP)
cnn.com,News & Media,telaria.com,r5rfy-oas58,RESELLER,Not Tracked (Non-Top 3 SSP)
cnn.com,News & Media,tremorhub.com,r5rfy-oas58,RESELLER,Not Tracked (Non-Top 3 SSP)
cnn.com,News & Media,pubmatic.com,163542,RESELLER,Not Tracked (Non-Top 3 SSP)
cnn.com,News & Media,pubmatic.com,163347,RESELLER,Not Tracked (Non-Top 3 SSP)
cnn.com,News & Media,sonobi.com,e20b1679ef,RESELLER,Not Tracked (Non-Top 3 SSP)
cnn.com,News & Media,media.net,8CUW4YZSU,DIRECT,Not Tracked (Non-Top 3 SSP)
cnn.com,News & Media,video.unrulymedia.com,611309574,RESELLER,Not Tracked (Non-Top 3 SSP)
cnn.com,News & Media,telaria.com,r5rfy-oas58,DIRECT,Not Tracked (Non-Top 3 SSP)
cnn.com,News & Media,tremorhub.com,r5rfy-oas58,DIRECT,Not Tracked (Non-Top 3 SSP)
cnn.com,News & Media,media.net,8CUTGDN33,DIRECT,Not Tracked (Non-Top 3 SSP)
cnn.com,News & Media,rubiconproject.com,20986,RESELLER,Wunderkind Corporation
cnn.com,News & Media,aps.amazon.com,4e8fb3b2-1c6c-42d6-890c-e5a6718315a3,RESELLER,Not Tracked (Non-Top 3 SSP)
cnn.com,News & Media,google.com,pub-8674886994828280,DIRECT,Unlisted / Unknown ID
cnn.com,News & Media,google.com,pub-2561470205289901,RESELLER,Readwhere Digital DMCC
cnn.com,News & Media,xandr.com,13514,RESELLER,Not Tracked (Non-Top 3 SSP)
cnn.com,News & Media,nextovp.com,8630279597,DIRECT,Not Tracked (Non-Top 3 SSP)
cnn.com,News & Media,beachfront.com,15144,RESELLER,Not Tracked (Non-Top 3 SSP)
cnn.com,News & Media,supply.colossusssp.com,605,RESELLER,Not Tracked (Non-Top 3 SSP)
cnn.com,News & Media,appnexus.com,10490,RESELLER,Not Tracked (Non-Top 3 SSP)
cnn.com,News & Media,openx.com,559553248,RESELLER,Not Tracked (Non-Top 3 SSP)
cnn.com,News & Media,rubiconproject.com,17046,RESELLER,"BOW- Business On Web, LLC"
cnn.com,News & Media,pubmatic.com,158370,RESELLER,Not Tracked (Non-Top 3 SSP)
cnn.com,News & Media,openx.com,557894883,DIRECT,Not Tracked (Non-Top 3 SSP)
cnn.com,News & Media,appnexus.com,8458,RESELLER,Not Tracked (Non-Top 3 SSP)
cnn.com,News & Media,pubmatic.com,163198,RESELLER,Not Tracked (Non-Top 3 SSP)
cnn.com,News & Media,decide.co,13963089137851648,DIRECT,Not Tracked (Non-Top 3 SSP)
cnn.com,News & Media,google.com,pub-5405132603504384,RESELLER,"Vox Media, Inc."
cnn.com,News & Media,concert.io,cbs-3477f8f730,DIRECT,Not Tracked (Non-Top 3 SSP)
cnn.com,News & Media,smaato.com,1100048704,RESELLER,Not Tracked (Non-Top 3 SSP)
cnn.com,News & Media,smartadserver.com,3820,RESELLER,Not Tracked (Non-Top 3 SSP)
cnn.com,News & Media,sharethrough.com,c21oBkqP,RESELLER,Not Tracked (Non-Top 3 SSP)
cnn.com,News & Media,video.unrulymedia.com,367782854,RESELLER,Not Tracked (Non-Top 3 SSP)
cnn.com,News & Media,improvedigital.com,1863,RESELLER,Not Tracked (Non-Top 3 SSP)
cnn.com,News & Media,contextweb.com,562709,RESELLER,Not Tracked (Non-Top 3 SSP)
cnn.com,News & Media,media.net,8CU33YS38,RESELLER,Not Tracked (Non-Top 3 SSP)
cnn.com,News & Media,beachfront.com,14027,RESELLER,Not Tracked (Non-Top 3 SSP)
cnn.com,News & Media,media.net,8CUVSKR7T,DIRECT,Not Tracked (Non-Top 3 SSP)
cnn.com,News & Media,telaria.com,m8r1c-2u262,DIRECT,Not Tracked (Non-Top 3 SSP)
cnn.com,News & Media,tremorhub.com,m8r1c-2u262,DIRECT,Not Tracked (Non-Top 3 SSP)
cnn.com,News & Media,triplelift.com,5754-EB,DIRECT,Not Tracked (Non-Top 3 SSP)
cnn.com,News & Media,triplelift.com,11244-EB,DIRECT,Not Tracked (Non-Top 3 SSP)
cnn.com,News & Media,nativo.com,5711,RESELLER,Not Tracked (Non-Top 3 SSP)
cnn.com,News & Media,rubiconproject.com,24968,RESELLER,DistroScale
cnn.com,News & Media,rubiconproject.com,19396,RESELLER,Media.net Advertising FZ-LLC
cnn.com,News & Media,pubmatic.com,162210,RESELLER,Not Tracked (Non-Top 3 SSP)
cnn.com,News & Media,sovrn.com,342618,RESELLER,Not Tracked (Non-Top 3 SSP)
cnn.com,News & Media,freewheel.tv,sg1243097,RESELLER,Not Tracked (Non-Top 3 SSP)
cnn.com,News & Media,freewheel.tv,sg1243097-523319,RESELLER,Not Tracked (Non-Top 3 SSP)
cnn.com,News & Media,hcodemedia.com,543,RESELLER,Not Tracked (Non-Top 3 SSP)
cnn.com,News & Media,openx.com,542291481,RESELLER,Not Tracked (Non-Top 3 SSP)
cnn.com,News & Media,conversantmedia.com,100900,RESELLER,Not Tracked (Non-Top 3 SSP)
cnn.com,News & Media,sharethrough.com,tQiJV7fJ,DIRECT,Not Tracked (Non-Top 3 SSP)
cnn.com,News & Media,openx.com,537153334,DIRECT,Not Tracked (Non-Top 3 SSP)
cnn.com,News & Media,gumgum.com,16057,DIRECT,Not Tracked (Non-Top 3 SSP)
cnn.com,News & Media,appnexus.com,15701,DIRECT,Not Tracked (Non-Top 3 SSP)
cnn.com,News & Media,indexexchange.com,215031,DIRECT,Not Tracked (Non-Top 3 SSP)
cnn.com,News & Media,aps.amazon.com,e5a6f2d1-7642-4cc5-a917-96dbe8c3ed8f,RESELLER,Not Tracked (Non-Top 3 SSP)
cnn.com,News & Media,smartadserver.com,5847,RESELLER,Not Tracked (Non-Top 3 SSP)
cnn.com,News & Media,openx.com,561711183,DIRECT,Not Tracked (Non-Top 3 SSP)
cnn.com,News & Media,openx.com,561827512,DIRECT,Not Tracked (Non-Top 3 SSP)
cnn.com,News & Media,spotim.market,pub_mM0DBXIIardI,DIRECT,Not Tracked (Non-Top 3 SSP)
cnn.com,News & Media,adyoulike.com,30043a1a181b43d9386d7e5b259e0e3f,DIRECT,Not Tracked (Non-Top 3 SSP)
cnn.com,News & Media,google.com,pub-5616046187545019,RESELLER,OpenWeb LTD
cnn.com,News & Media,aps.amazon.com,9eaf46de-e1bd-41c9-8a11-f5862f62cd8e,DIRECT,Not Tracked (Non-Top 3 SSP)
cnn.com,News & Media,openx.com,539466082,RESELLER,Not Tracked (Non-Top 3 SSP)
cnn.com,News & Media,video.unrulymedia.com,449400134,DIRECT,Not Tracked (Non-Top 3 SSP)
cnn.com,News & Media,rubiconproject.com,17184,RESELLER,"SPOT.IM, Inc."
cnn.com,News & Media,appnexus.com,6933,RESELLER,Not Tracked (Non-Top 3 SSP)
cnn.com,News & Media,pubmatic.com,156813,RESELLER,Not Tracked (Non-Top 3 SSP)
cnn.com,News & Media,adyoulike.com,e5ae8cdbe88e1f889aae7ee0c672ca30,DIRECT,Not Tracked (Non-Top 3 SSP)
cnn.com,News & Media,indexexchange.com,189529,RESELLER,Not Tracked (Non-Top 3 SSP)
cnn.com,News & Media,indexexchange.com,190532,RESELLER,Not Tracked (Non-Top 3 SSP)
cnn.com,News & Media,lijit.com,250745,RESELLER,Not Tracked (Non-Top 3 SSP)
cnn.com,News & Media,triplelift.com,10504,RESELLER,Not Tracked (Non-Top 3 SSP)
cnn.com,News & Media,conversantmedia.com,100292,RESELLER,Not Tracked (Non-Top 3 SSP)
cnn.com,News & Media,nativo.com,5740,DIRECT,Not Tracked (Non-Top 3 SSP)
cnn.com,News & Media,themediagrid.com,PA8RET,RESELLER,Not Tracked (Non-Top 3 SSP)
cnn.com,News & Media,sharethrough.com,FXFDQVgk,RESELLER,Not Tracked (Non-Top 3 SSP)
cnn.com,News & Media,sharethrough.com,UN5mGpO8,RESELLER,Not Tracked (Non-Top 3 SSP)
cnn.com,News & Media,yieldmo.com,3482865003332051270,DIRECT,Not Tracked (Non-Top 3 SSP)
cnn.com,News & Media,smartadserver.com,4242,RESELLER,Not Tracked (Non-Top 3 SSP)
cnn.com,News & Media,amxrtb.com,105199619,DIRECT,Not Tracked (Non-Top 3 SSP)
cnn.com,News & Media,adipolosolutions.com,23015084430,RESELLER,Not Tracked (Non-Top 3 SSP)
cnn.com,News & Media,seedtag.com,68409d2be7a09d000758059d,DIRECT,Not Tracked (Non-Top 3 SSP)
cnn.com,News & Media,rubiconproject.com,20736,RESELLER,ADYOULIKE SA
cnn.com,News & Media,pubmatic.com,160925,RESELLER,Not Tracked (Non-Top 3 SSP)
cnn.com,News & Media,lijit.com,408376,RESELLER,Not Tracked (Non-Top 3 SSP)
cnn.com,News & Media,risecodes.com,64c7a4acd6298f0001a7d867,RESELLER,Not Tracked (Non-Top 3 SSP)
cnn.com,News & Media,appnexus.com,7664,RESELLER,Not Tracked (Non-Top 3 SSP)
cnn.com,News & Media,risecodes.com,62b84b0f9766d400014ae2e4,DIRECT,Not Tracked (Non-Top 3 SSP)
cnn.com,News & Media,video.unrulymedia.com,335119963,RESELLER,Not Tracked (Non-Top 3 SSP)
cnn.com,News & Media,rubiconproject.com,23876,RESELLER,Typea Holdings  LTD.
cnn.com,News & Media,loopme.com,11362,RESELLER,Not Tracked (Non-Top 3 SSP)
cnn.com,News & Media,media.net,8CUQ6928Q,RESELLER,Not Tracked (Non-Top 3 SSP)
cnn.com,News & Media,sharethrough.com,5926d422,RESELLER,Not Tracked (Non-Top 3 SSP)
cnn.com,News & Media,minutemedia.com,01grm2e3xw4k,DIRECT,Not Tracked (Non-Top 3 SSP)
cnn.com,News & Media,pubmatic.com,161683,RESELLER,Not Tracked (Non-Top 3 SSP)
cnn.com,News & Media,appnexus.com,8381,RESELLER,Not Tracked (Non-Top 3 SSP)
cnn.com,News & Media,rubiconproject.com,17598,RESELLER,Sportority Inc
cnn.com,News & Media,video.unrulymedia.com,699546687,RESELLER,Not Tracked (Non-Top 3 SSP)
cnn.com,News & Media,copper6.com,748230,DIRECT,Not Tracked (Non-Top 3 SSP)
cnn.com,News & Media,aps.amazon.com,ec4e8edf-c46b-44a1-bcab-17b3a4420b9a,RESELLER,Not Tracked (Non-Top 3 SSP)
cnn.com,News & Media,rubiconproject.com,26360,RESELLER,Copper6 Ltd
cnn.com,News & Media,rubiconproject.com,17070,RESELLER,"Yieldmo, Inc."
cnn.com,News & Media,pubmatic.com,160648,RESELLER,Not Tracked (Non-Top 3 SSP)
cnn.com,News & Media,media.net,8CU864AMF,DIRECT,Not Tracked (Non-Top 3 SSP)
cnn.com,News & Media,pubmatic.com,160295,RESELLER,Not Tracked (Non-Top 3 SSP)
cnn.com,News & Media,rubiconproject.com,18694,RESELLER,"Sharethrough, Inc,"
cnn.com,News & Media,video.unrulymedia.com,266978658,RESELLER,Not Tracked (Non-Top 3 SSP)
cnn.com,News & Media,smaato.com,1100047713,RESELLER,Not Tracked (Non-Top 3 SSP)
cnn.com,News & Media,telaria.com,m8r1c-o0139,DIRECT,Not Tracked (Non-Top 3 SSP)
cnn.com,News & Media,tremorhub.com,m8r1c-o0139,DIRECT,Not Tracked (Non-Top 3 SSP)
cnn.com,News & Media,advertising.com,28605,RESELLER,Not Tracked (Non-Top 3 SSP)
cnn.com,News & Media,advertising.com,29040,RESELLER,Not Tracked (Non-Top 3 SSP)
cnn.com,News & Media,appnexus.com,12443,RESELLER,Not Tracked (Non-Top 3 SSP)
cnn.com,News & Media,appnexus.com,6849,RESELLER,Not Tracked (Non-Top 3 SSP)
cnn.com,News & Media,beachfront.com,14507,RESELLER,Not Tracked (Non-Top 3 SSP)
cnn.com,News & Media,freewheel.tv,512116,RESELLER,Not Tracked (Non-Top 3 SSP)
cnn.com,News & Media,freewheel.tv,512116-523319,DIRECT,Not Tracked (Non-Top 3 SSP)
cnn.com,News & Media,freewheel.tv,169843,RESELLER,Not Tracked (Non-Top 3 SSP)
cnn.com,News & Media,freewheel.tv,511339,RESELLER,Not Tracked (Non-Top 3 SSP)
cnn.com,News & Media,freewheel.tv,510839,RESELLER,Not Tracked (Non-Top 3 SSP)
cnn.com,News & Media,freewheel.tv,512029,RESELLER,Not Tracked (Non-Top 3 SSP)
cnn.com,News & Media,freewheel.tv,515189,RESELLER,Not Tracked (Non-Top 3 SSP)
cnn.com,News & Media,indexexchange.com,182257,RESELLER,Not Tracked (Non-Top 3 SSP)
cnn.com,News & Media,lkqd.net,664,RESELLER,Not Tracked (Non-Top 3 SSP)
cnn.com,News & Media,pubmatic.com,159277,RESELLER,Not Tracked (Non-Top 3 SSP)
cnn.com,News & Media,rhythmone.com,567009000,RESELLER,Not Tracked (Non-Top 3 SSP)
cnn.com,News & Media,rubiconproject.com,15268,RESELLER,Unruly Group LTD
cnn.com,News & Media,spotx.tv,141052,RESELLER,Not Tracked (Non-Top 3 SSP)
cnn.com,News & Media,spotx.tv,160227,RESELLER,Not Tracked (Non-Top 3 SSP)
cnn.com,News & Media,spotx.tv,285547,RESELLER,Not Tracked (Non-Top 3 SSP)
cnn.com,News & Media,spotxchange.com,141052,RESELLER,Not Tracked (Non-Top 3 SSP)
cnn.com,News & Media,spotxchange.com,160227,RESELLER,Not Tracked (Non-Top 3 SSP)
cnn.com,News & Media,spotxchange.com,285547,RESELLER,Not Tracked (Non-Top 3 SSP)
cnn.com,News & Media,telaria.com,73aj2-kko44,RESELLER,Not Tracked (Non-Top 3 SSP)
cnn.com,News & Media,tremorhub.com,73aj2-kko44,RESELLER,Not Tracked (Non-Top 3 SSP)
cnn.com,News & Media,video.unrulymedia.com,567009000,RESELLER,Not Tracked (Non-Top 3 SSP)
cnn.com,News & Media,yahoo.com,59817,RESELLER,Not Tracked (Non-Top 3 SSP)
cnn.com,News & Media,xandr.com,8833,RESELLER,Not Tracked (Non-Top 3 SSP)
cnn.com,News & Media,smartadserver.com,2161,RESELLER,Not Tracked (Non-Top 3 SSP)
cnn.com,News & Media,smartadserver.com,3668,RESELLER,Not Tracked (Non-Top 3 SSP)
cnn.com,News & Media,spotx.tv,202009,RESELLER,Not Tracked (Non-Top 3 SSP)
cnn.com,News & Media,spotxchange.com,202009,RESELLER,Not Tracked (Non-Top 3 SSP)
cnn.com,News & Media,freewheel.tv,1306975,RESELLER,Not Tracked (Non-Top 3 SSP)
cnn.com,News & Media,freewheel.tv,1306991,RESELLER,Not Tracked (Non-Top 3 SSP)
cnn.com,News & Media,pubmatic.com,156695,RESELLER,Not Tracked (Non-Top 3 SSP)
cnn.com,News & Media,pubmatic.com,160405,RESELLER,Not Tracked (Non-Top 3 SSP)
cnn.com,News & Media,pubmatic.com,120391,RESELLER,Not Tracked (Non-Top 3 SSP)
cnn.com,News & Media,pubmatic.com,156962,RESELLER,Not Tracked (Non-Top 3 SSP)
cnn.com,News & Media,pubmatic.com,161546,RESELLER,Not Tracked (Non-Top 3 SSP)
cnn.com,News & Media,freewheel.tv,512029,DIRECT,Not Tracked (Non-Top 3 SSP)
cnn.com,News & Media,appnexus.com,17499,DIRECT,Not Tracked (Non-Top 3 SSP)
cnn.com,News & Media,pubmatic.com,166192,RESELLER,Not Tracked (Non-Top 3 SSP)
cnn.com,News & Media,telaria.com,8jhse-ifyq9,DIRECT,Not Tracked (Non-Top 3 SSP)
cnn.com,News & Media,tremorhub.com,8jhse-ifyq9,DIRECT,Not Tracked (Non-Top 3 SSP)
cnn.com,News & Media,orka.tv,25152724,DIRECT,Not Tracked (Non-Top 3 SSP)
cnn.com,News & Media,appnexus.com,13437,RESELLER,Not Tracked (Non-Top 3 SSP)
cnn.com,News & Media,brightmountainmedia.com,2686695,RESELLER,Not Tracked (Non-Top 3 SSP)
cnn.com,News & Media,connatix.com,1676721125209786,RESELLER,Not Tracked (Non-Top 3 SSP)
cnn.com,News & Media,conversantmedia.com,100642,RESELLER,Not Tracked (Non-Top 3 SSP)
cnn.com,News & Media,emxdgt.com,2547,RESELLER,Not Tracked (Non-Top 3 SSP)
cnn.com,News & Media,filmzie.com,9894060,RESELLER,Not Tracked (Non-Top 3 SSP)
cnn.com,News & Media,freewheel.tv,1598940,RESELLER,Not Tracked (Non-Top 3 SSP)
cnn.com,News & Media,freewheel.tv,1598941,RESELLER,Not Tracked (Non-Top 3 SSP)
cnn.com,News & Media,freewheel.tv,533471-r-523319,RESELLER,Not Tracked (Non-Top 3 SSP)
cnn.com,News & Media,freewheel.tv,sg1256505,RESELLER,Not Tracked (Non-Top 3 SSP)
cnn.com,News & Media,grouprvn.com,520202911,RESELLER,Not Tracked (Non-Top 3 SSP)
cnn.com,News & Media,inmobi.com,251e46d6fba54576a2110180c552a59f,RESELLER,Not Tracked (Non-Top 3 SSP)
cnn.com,News & Media,lgads.tv,475902,RESELLER,Not Tracked (Non-Top 3 SSP)
cnn.com,News & Media,lijit.com,504676,RESELLER,Not Tracked (Non-Top 3 SSP)
cnn.com,News & Media,lkqd.net,1100055764,RESELLER,Not Tracked (Non-Top 3 SSP)
cnn.com,News & Media,openx.com,559612253,RESELLER,Not Tracked (Non-Top 3 SSP)
cnn.com,News & Media,pubmatic.com,161428,RESELLER,Not Tracked (Non-Top 3 SSP)
cnn.com,News & Media,pubmatic.com,161854,RESELLER,Not Tracked (Non-Top 3 SSP)
cnn.com,News & Media,pubmatic.com,163735,RESELLER,Not Tracked (Non-Top 3 SSP)
cnn.com,News & Media,sharethrough.com,lmY9aAKH,RESELLER,Not Tracked (Non-Top 3 SSP)
cnn.com,News & Media,siprocalads.com,SEQ7S9CH7H0SPD3U4M8JPGECAO,RESELLER,Not Tracked (Non-Top 3 SSP)
cnn.com,News & Media,smartadserver.com,4310,RESELLER,Not Tracked (Non-Top 3 SSP)
cnn.com,News & Media,sonobi.com,f70fbb4d0a,RESELLER,Not Tracked (Non-Top 3 SSP)
cnn.com,News & Media,streamvisionmedia.com,47524,RESELLER,Not Tracked (Non-Top 3 SSP)
cnn.com,News & Media,tmhtechco.com,1021,RESELLER,Not Tracked (Non-Top 3 SSP)
cnn.com,News & Media,tvp.tv,AT70,RESELLER,Not Tracked (Non-Top 3 SSP)
cnn.com,News & Media,video.unrulymedia.com,2600543444894572145,RESELLER,Not Tracked (Non-Top 3 SSP)
cnn.com,News & Media,yahoo.com,60169,RESELLER,Not Tracked (Non-Top 3 SSP)
cnn.com,News & Media,freewheel.tv,539372,RESELLER,Not Tracked (Non-Top 3 SSP)
cnn.com,News & Media,playbuzz.com,0010J00001w8ktGQAQ,DIRECT,Not Tracked (Non-Top 3 SSP)
cnn.com,News & Media,google.com,pub-9790762811057699,RESELLER,EX.CO Technologies LTD
cnn.com,News & Media,openx.com,537149888,RESELLER,Not Tracked (Non-Top 3 SSP)
cnn.com,News & Media,loopme.com,5679,RESELLER,Not Tracked (Non-Top 3 SSP)
cnn.com,News & Media,sharethrough.com,OAW69Fon,RESELLER,Not Tracked (Non-Top 3 SSP)
cnn.com,News & Media,smartadserver.com,5306,RESELLER,Not Tracked (Non-Top 3 SSP)
cnn.com,News & Media,sharethrough.com,5306,RESELLER,Not Tracked (Non-Top 3 SSP)
cnn.com,News & Media,pubmatic.com,156439,RESELLER,Not Tracked (Non-Top 3 SSP)
cnn.com,News & Media,rhebus.works,5252004478,RESELLER,Not Tracked (Non-Top 3 SSP)
cnn.com,News & Media,freewheel.tv,sg1256479,RESELLER,Not Tracked (Non-Top 3 SSP)
cnn.com,News & Media,freewheel.tv,535658-r-523319,RESELLER,Not Tracked (Non-Top 3 SSP)
cnn.com,News & Media,freewheel.tv,535658-r-524565,RESELLER,Not Tracked (Non-Top 3 SSP)
cnn.com,News & Media,video.unrulymedia.com,79885747,RESELLER,Not Tracked (Non-Top 3 SSP)
cnn.com,News & Media,pubmatic.com,159382,RESELLER,Not Tracked (Non-Top 3 SSP)
cnn.com,News & Media,pubmatic.com,166181,RESELLER,Not Tracked (Non-Top 3 SSP)
cnn.com,News & Media,sharethrough.com,3EmN8oQH,RESELLER,Not Tracked (Non-Top 3 SSP)
cnn.com,News & Media,appnexus.com,2992,RESELLER,Not Tracked (Non-Top 3 SSP)
cnn.com,News & Media,triplelift.com,12157,RESELLER,Not Tracked (Non-Top 3 SSP)
cnn.com,News & Media,copper6.com,764358,RESELLER,Not Tracked (Non-Top 3 SSP)
cnn.com,News & Media,google.com,pub-9966039342650298,RESELLER,Copper 6 LTD
cnn.com,News & Media,xandr.com,16546,RESELLER,Not Tracked (Non-Top 3 SSP)
cnn.com,News & Media,lijit.com,503539,RESELLER,Not Tracked (Non-Top 3 SSP)
cnn.com,News & Media,consumable.com,2001634,RESELLER,Not Tracked (Non-Top 3 SSP)
cnn.com,News & Media,freewheel.tv,1605137,RESELLER,Not Tracked (Non-Top 3 SSP)
cnn.com,News & Media,freewheel.tv,1605175,RESELLER,Not Tracked (Non-Top 3 SSP)
cnn.com,News & Media,sonobi.com,b22b30d810,RESELLER,Not Tracked (Non-Top 3 SSP)
cnn.com,News & Media,pubmatic.com,166398,RESELLER,Not Tracked (Non-Top 3 SSP)
cnn.com,News & Media,richaudience.com,ALeCadXMEQ,RESELLER,Not Tracked (Non-Top 3 SSP)
cnn.com,News & Media,rubiconproject.com,13510,RESELLER,Rich Audience Technologies SL
cnn.com,News & Media,pubmatic.com,156538,RESELLER,Not Tracked (Non-Top 3 SSP)
cnn.com,News & Media,appnexus.com,8233,RESELLER,Not Tracked (Non-Top 3 SSP)
cnn.com,News & Media,lijit.com,241560,RESELLER,Not Tracked (Non-Top 3 SSP)
cnn.com,News & Media,pubmatic.com,161899,RESELLER,Not Tracked (Non-Top 3 SSP)
cnn.com,News & Media,krushmedia.com,AJxF6R572a9M6CaTvK,RESELLER,Not Tracked (Non-Top 3 SSP)
cnn.com,News & Media,opera.com,pub10014056052800,RESELLER,Not Tracked (Non-Top 3 SSP)
cnn.com,News & Media,smartadserver.com,4926,RESELLER,Not Tracked (Non-Top 3 SSP)
cnn.com,News & Media,conversantmedia.com,100714,RESELLER,Not Tracked (Non-Top 3 SSP)
cnn.com,News & Media,pubmatic.com,164079,RESELLER,Not Tracked (Non-Top 3 SSP)
cnn.com,News & Media,appnexus.com,1019,RESELLER,Not Tracked (Non-Top 3 SSP)
cnn.com,News & Media,dauup.com,34142,RESELLER,Not Tracked (Non-Top 3 SSP)
cnn.com,News & Media,motorik.io,100463,RESELLER,Not Tracked (Non-Top 3 SSP)
cnn.com,News & Media,playbuzz.com,0010J00001w8ktGQAQ,DIRECT,Not Tracked (Non-Top 3 SSP)
cnn.com,News & Media,motorik.io,100463,RESELLER,Not Tracked (Non-Top 3 SSP)
cnn.com,News & Media,gumgum.com,16114,DIRECT,Not Tracked (Non-Top 3 SSP)
cnn.com,News & Media,rubiconproject.com,23434,RESELLER,"GumGum, Inc."
cnn.com,News & Media,pubmatic.com,157897,RESELLER,Not Tracked (Non-Top 3 SSP)
cnn.com,News & Media,contextweb.com,558355,RESELLER,Not Tracked (Non-Top 3 SSP)
cnn.com,News & Media,openx.com,537149485,RESELLER,Not Tracked (Non-Top 3 SSP)
cnn.com,News & Media,conversantmedia.com,100978,RESELLER,Not Tracked (Non-Top 3 SSP)
cnn.com,News & Media,improvedigital.com,1884,RESELLER,Not Tracked (Non-Top 3 SSP)
cnn.com,News & Media,smartadserver.com,4005,RESELLER,Not Tracked (Non-Top 3 SSP)
cnn.com,News & Media,admanmedia.com,799,RESELLER,Not Tracked (Non-Top 3 SSP)
cnn.com,News & Media,appnexus.com,2758,RESELLER,Not Tracked (Non-Top 3 SSP)
cnn.com,News & Media,rubiconproject.com,11016,DIRECT,"Turner Broadcasting System, Inc."
cnn.com,News & Media,telaria.com,px2ii-9d07k,DIRECT,Not Tracked (Non-Top 3 SSP)
cnn.com,News & Media,tremorhub.com,px2ii-9d07k,DIRECT,Not Tracked (Non-Top 3 SSP)
cnn.com,News & Media,wbd.com,2,DIRECT,Not Tracked (Non-Top 3 SSP)
cnn.com,News & Media,telaria.com,53lpj-56oua,DIRECT,Not Tracked (Non-Top 3 SSP)
cnn.com,News & Media,tremorhub.com,53lpj-56oua,DIRECT,Not Tracked (Non-Top 3 SSP)
cnn.com,News & Media,kargo.com,9126,DIRECT,Not Tracked (Non-Top 3 SSP)
cnn.com,News & Media,spotxchange.com,229540,DIRECT,Not Tracked (Non-Top 3 SSP)
cnn.com,News & Media,spotx.tv,229540,DIRECT,Not Tracked (Non-Top 3 SSP)
cnn.com,News & Media,yahoo.com,55774,RESELLER,Not Tracked (Non-Top 3 SSP)
cnn.com,News & Media,kargo.com,8915,DIRECT,Not Tracked (Non-Top 3 SSP)
cnn.com,News & Media,aps.amazon.com,3288,DIRECT,Not Tracked (Non-Top 3 SSP)
cnn.com,News & Media,amxrtb.com,105199945,DIRECT,Not Tracked (Non-Top 3 SSP)
cnn.com,News & Media,smartadserver.com,5618,DIRECT,Not Tracked (Non-Top 3 SSP)
cnn.com,News & Media,sharethrough.com,5618,DIRECT,Not Tracked (Non-Top 3 SSP)
cnn.com,News & Media,pubmatic.com,164439,DIRECT,Not Tracked (Non-Top 3 SSP)
cnn.com,News & Media,pubmatic.com,157628,DIRECT,Not Tracked (Non-Top 3 SSP)
cnn.com,News & Media,pubmatic.com,160262,DIRECT,Not Tracked (Non-Top 3 SSP)
cnn.com,News & Media,pubmatic.com,163390,DIRECT,Not Tracked (Non-Top 3 SSP)
cnn.com,News & Media,appnexus.com,8353,DIRECT,Not Tracked (Non-Top 3 SSP)
cnn.com,News & Media,sharethrough.com,04c75099,DIRECT,Not Tracked (Non-Top 3 SSP)
cnn.com,News & Media,smartadserver.com,5376,DIRECT,Not Tracked (Non-Top 3 SSP)
cnn.com,News & Media,sharethrough.com,5376,DIRECT,Not Tracked (Non-Top 3 SSP)
cnn.com,News & Media,pubmatic.com,156557,RESELLER,Not Tracked (Non-Top 3 SSP)
cnn.com,News & Media,rubiconproject.com,18694,RESELLER,"Sharethrough, Inc,"
cnn.com,News & Media,openx.com,540274407,RESELLER,Not Tracked (Non-Top 3 SSP)
cnn.com,News & Media,33across.com,0013300001kQj2HAAS,RESELLER,Not Tracked (Non-Top 3 SSP)
cnn.com,News & Media,lgads.tv,726667,DIRECT,Not Tracked (Non-Top 3 SSP)
cnn.com,News & Media,springserve.com,1247,DIRECT,Not Tracked (Non-Top 3 SSP)
cnn.com,News & Media,telaria.com,9cdv3-7humk,RESELLER,Not Tracked (Non-Top 3 SSP)
cnn.com,News & Media,tremorhub.com,9cdv3-7humk,RESELLER,Not Tracked (Non-Top 3 SSP)
cnn.com,News & Media,freewheel.tv,1456146,RESELLER,Not Tracked (Non-Top 3 SSP)
cnn.com,News & Media,freewheel.tv,1457282,RESELLER,Not Tracked (Non-Top 3 SSP)
cnn.com,News & Media,freewheel.tv,535275-r-524565,RESELLER,Not Tracked (Non-Top 3 SSP)
cnn.com,News & Media,smartclip.net,14313,RESELLER,Not Tracked (Non-Top 3 SSP)
cnn.com,News & Media,indexexchange.com,206117,RESELLER,Not Tracked (Non-Top 3 SSP)
cnn.com,News & Media,xandr.com,13307,RESELLER,Not Tracked (Non-Top 3 SSP)
cnn.com,News & Media,teads.tv,26041,RESELLER,Not Tracked (Non-Top 3 SSP)
cnn.com,News & Media,pubmatic.com,164481,RESELLER,Not Tracked (Non-Top 3 SSP)
cnn.com,News & Media,video.unrulymedia.com,522403382,RESELLER,Not Tracked (Non-Top 3 SSP)
cnn.com,News & Media,improvedigital.com,2545,RESELLER,Not Tracked (Non-Top 3 SSP)
cnn.com,News & Media,openx.com,559105323,RESELLER,Not Tracked (Non-Top 3 SSP)
cnn.com,News & Media,triplelift.com,11342,RESELLER,Not Tracked (Non-Top 3 SSP)
cnn.com,News & Media,smartadserver.com,4311,RESELLER,Not Tracked (Non-Top 3 SSP)
cnn.com,News & Media,teads.tv,31108,DIRECT,Not Tracked (Non-Top 3 SSP)
cnn.com,News & Media,teads.tv,21456,DIRECT,Not Tracked (Non-Top 3 SSP)
cnn.com,News & Media,teads.tv,19842,DIRECT,Not Tracked (Non-Top 3 SSP)
cnn.com,News & Media,indexexchange.com,193663,DIRECT,Not Tracked (Non-Top 3 SSP)
cnn.com,News & Media,indexexchange.com,207752,DIRECT,Not Tracked (Non-Top 3 SSP)
cnn.com,News & Media,indexexchange.com,201130,DIRECT,Not Tracked (Non-Top 3 SSP)
cnn.com,News & Media,indexexchange.com,205881,DIRECT,Not Tracked (Non-Top 3 SSP)
cnn.com,News & Media,indexexchange.com,209503,DIRECT,Not Tracked (Non-Top 3 SSP)
cnn.com,News & Media,indexexchange.com,186370,DIRECT,Not Tracked (Non-Top 3 SSP)
cnn.com,News & Media,titanos.tv,73204,DIRECT,Not Tracked (Non-Top 3 SSP)
cnn.com,News & Media,pubmatic.com,161891,RESELLER,Not Tracked (Non-Top 3 SSP)
cnn.com,News & Media,smartyads.com,300045,RESELLER,Not Tracked (Non-Top 3 SSP)
cnn.com,News & Media,lijit.com,411121,RESELLER,Not Tracked (Non-Top 3 SSP)
cnn.com,News & Media,triplelift.com,14376,RESELLER,Not Tracked (Non-Top 3 SSP)
cnn.com,News & Media,triplelift.com,14376-EB,RESELLER,Not Tracked (Non-Top 3 SSP)
cnn.com,News & Media,video.unrulymedia.com,956802361,RESELLER,Not Tracked (Non-Top 3 SSP)
cnn.com,News & Media,spotxchange.com,304955,RESELLER,Not Tracked (Non-Top 3 SSP)
cnn.com,News & Media,spotx.tv,304955,RESELLER,Not Tracked (Non-Top 3 SSP)
cnn.com,News & Media,telaria.com,2auap-ich32,RESELLER,Not Tracked (Non-Top 3 SSP)
cnn.com,News & Media,telaria.com,2auap-45web,RESELLER,Not Tracked (Non-Top 3 SSP)
cnn.com,News & Media,telaria.com,2auap-zihku,RESELLER,Not Tracked (Non-Top 3 SSP)
cnn.com,News & Media,springserve.com,1876,RESELLER,Not Tracked (Non-Top 3 SSP)
cnn.com,News & Media,stamptv.io,69067,RESELLER,Not Tracked (Non-Top 3 SSP)
cnn.com,News & Media,freewheel.tv,1598947,RESELLER,Not Tracked (Non-Top 3 SSP)
cnn.com,News & Media,freewheel.tv,1598948,RESELLER,Not Tracked (Non-Top 3 SSP)
cnn.com,News & Media,improvedigital.com,2415,RESELLER,Not Tracked (Non-Top 3 SSP)
cnn.com,News & Media,appnexus.com,14801,RESELLER,Not Tracked (Non-Top 3 SSP)
cnn.com,News & Media,smartadserver.com,4979,RESELLER,Not Tracked (Non-Top 3 SSP)
cnn.com,News & Media,telaria.com,6zj44-wramu,RESELLER,Not Tracked (Non-Top 3 SSP)
cnn.com,News & Media,tremorhub.com,6zj44-wramu,RESELLER,Not Tracked (Non-Top 3 SSP)
cnn.com,News & Media,video.unrulymedia.com,400335124,RESELLER,Not Tracked (Non-Top 3 SSP)
cnn.com,News & Media,rakuten.tv,67486,RESELLER,Not Tracked (Non-Top 3 SSP)
cnn.com,News & Media,telaria.com,9l6ha-amhud,RESELLER,Not Tracked (Non-Top 3 SSP)
cnn.com,News & Media,tremorhub.com,9l6ha-amhud,RESELLER,Not Tracked (Non-Top 3 SSP)
cnn.com,News & Media,telaria.com,9l6ha-n66r7,RESELLER,Not Tracked (Non-Top 3 SSP)
cnn.com,News & Media,tremorhub.com,9l6ha-n66r7,RESELLER,Not Tracked (Non-Top 3 SSP)
cnn.com,News & Media,pubmatic.com,162439,RESELLER,Not Tracked (Non-Top 3 SSP)
cnn.com,News & Media,smartadserver.com,4600,RESELLER,Not Tracked (Non-Top 3 SSP)
cnn.com,News & Media,teads.tv,29602,DIRECT,Not Tracked (Non-Top 3 SSP)
cnn.com,News & Media,telaria.com,tiw3e-4t1sy,RESELLER,Not Tracked (Non-Top 3 SSP)
cnn.com,News & Media,tremorhub.com,tiw3e-4t1sy,RESELLER,Not Tracked (Non-Top 3 SSP)
cnn.com,News & Media,applovin.com,72170,RESELLER,Not Tracked (Non-Top 3 SSP)
cnn.com,News & Media,applovin.com,2713cc543ecb0969b83e3fdbf9ff011f,RESELLER,Not Tracked (Non-Top 3 SSP)
cnn.com,News & Media,smartadserver.com,5084,RESELLER,Not Tracked (Non-Top 3 SSP)
cnn.com,News & Media,xandr.com,8833,RESELLER,Not Tracked (Non-Top 3 SSP)
cnn.com,News & Media,telaria.com,l2qly-o8w5q,RESELLER,Not Tracked (Non-Top 3 SSP)
cnn.com,News & Media,tremorhub.com,l2qly-o8w5q,RESELLER,Not Tracked (Non-Top 3 SSP)
cnn.com,News & Media,pubmatic.com,156695,RESELLER,Not Tracked (Non-Top 3 SSP)
cnn.com,News & Media,freewheel.tv,1581799,RESELLER,Not Tracked (Non-Top 3 SSP)
cnn.com,News & Media,freewheel.tv,1581801,RESELLER,Not Tracked (Non-Top 3 SSP)
cnn.com,News & Media,smartadserver.com,3668,RESELLER,Not Tracked (Non-Top 3 SSP)
cnn.com,News & Media,google.com,pub-9829476400767085,RESELLER,ShowHeroes SE
cnn.com,News & Media,video.unrulymedia.com,168269289,RESELLER,Not Tracked (Non-Top 3 SSP)
cnn.com,News & Media,telaria.com,3xbnf-dtcl0,RESELLER,Not Tracked (Non-Top 3 SSP)
cnn.com,News & Media,tremorhub.com,3xbnf-dtcl0,RESELLER,Not Tracked (Non-Top 3 SSP)
cnn.com,News & Media,smartclip.net,15378,RESELLER,Not Tracked (Non-Top 3 SSP)
cnn.com,News & Media,smartclip.net,28114,RESELLER,Not Tracked (Non-Top 3 SSP)
cnn.com,News & Media,telaria.com,imah2-64ow3,RESELLER,Not Tracked (Non-Top 3 SSP)
cnn.com,News & Media,tremorhub.com,imah2-64ow3,RESELLER,Not Tracked (Non-Top 3 SSP)
cnn.com,News & Media,amagi.com,60916,RESELLER,Not Tracked (Non-Top 3 SSP)
cnn.com,News & Media,appnerve.com,761284,RESELLER,Not Tracked (Non-Top 3 SSP)
cnn.com,News & Media,appnexus.com,13437,RESELLER,Not Tracked (Non-Top 3 SSP)
cnn.com,News & Media,conversantmedia.com,100642,RESELLER,Not Tracked (Non-Top 3 SSP)
cnn.com,News & Media,contextweb.com,563324,RESELLER,Not Tracked (Non-Top 3 SSP)
cnn.com,News & Media,emxdgt.com,2547,RESELLER,Not Tracked (Non-Top 3 SSP)
cnn.com,News & Media,filmzie.com,9894060,RESELLER,Not Tracked (Non-Top 3 SSP)
cnn.com,News & Media,freewheel.tv,1598940,RESELLER,Not Tracked (Non-Top 3 SSP)
cnn.com,News & Media,freewheel.tv,1598941,RESELLER,Not Tracked (Non-Top 3 SSP)
cnn.com,News & Media,lijit.com,504676,RESELLER,Not Tracked (Non-Top 3 SSP)
cnn.com,News & Media,lgads.tv,475902,RESELLER,Not Tracked (Non-Top 3 SSP)
cnn.com,News & Media,openx.com,559612253,RESELLER,Not Tracked (Non-Top 3 SSP)
cnn.com,News & Media,pubmatic.com,161428,RESELLER,Not Tracked (Non-Top 3 SSP)
cnn.com,News & Media,pubmatic.com,161854,RESELLER,Not Tracked (Non-Top 3 SSP)
cnn.com,News & Media,pubmatic.com,163735,RESELLER,Not Tracked (Non-Top 3 SSP)
cnn.com,News & Media,pubmatic.com,163161,RESELLER,Not Tracked (Non-Top 3 SSP)
cnn.com,News & Media,siprocalads.com,SEQ7S9CH7H0SPD3U4M8JPGECAO,RESELLER,Not Tracked (Non-Top 3 SSP)
cnn.com,News & Media,smartadserver.com,4310,RESELLER,Not Tracked (Non-Top 3 SSP)
cnn.com,News & Media,smartadserver.com,4942,RESELLER,Not Tracked (Non-Top 3 SSP)
cnn.com,News & Media,streamvisionmedia.com,47524,RESELLER,Not Tracked (Non-Top 3 SSP)
cnn.com,News & Media,spotxchange.com,285260,RESELLER,Not Tracked (Non-Top 3 SSP)
cnn.com,News & Media,telaria.com,3zcla-3bhdx,RESELLER,Not Tracked (Non-Top 3 SSP)
cnn.com,News & Media,tremorhub.com,3zcla-3bhdx,RESELLER,Not Tracked (Non-Top 3 SSP)
cnn.com,News & Media,tvp.tv,AT70,RESELLER,Not Tracked (Non-Top 3 SSP)
cnn.com,News & Media,video.unrulymedia.com,2600543444894572145,RESELLER,Not Tracked (Non-Top 3 SSP)
cnn.com,News & Media,zetaglobal.net,785,RESELLER,Not Tracked (Non-Top 3 SSP)
cnn.com,News & Media,olyzon.tv,72850,RESELLER,Not Tracked (Non-Top 3 SSP)
cnn.com,News & Media,adingo.jp,31100,RESELLER,Not Tracked (Non-Top 3 SSP)
cnn.com,News & Media,adingo.jp,31102,RESELLER,Not Tracked (Non-Top 3 SSP)
cnn.com,News & Media,adingo.jp,31104,RESELLER,Not Tracked (Non-Top 3 SSP)
cnn.com,News & Media,google.com,pub-0796790890307838,RESELLER,Ampliffy
cnn.com,News & Media,google.com,pub-2676898002317977,RESELLER,Confidential
cnn.com,News & Media,google.com,pub-7279729872265667,RESELLER,"Niche Classified Media, LLC"
cnn.com,News & Media,tremorhub.com,9l6ha-xooky,RESELLER,Not Tracked (Non-Top 3 SSP)
cnn.com,News & Media,telaria.com,9l6ha-xooky,RESELLER,Not Tracked (Non-Top 3 SSP)
cnn.com,News & Media,telaria.com,lkiu7-jqvg1,RESELLER,Not Tracked (Non-Top 3 SSP)
cnn.com,News & Media,tremorhub.com,lkiu7-jqvg1,RESELLER,Not Tracked (Non-Top 3 SSP)
cnn.com,News & Media,google.com,pub-8221793852898543,RESELLER,"VLN Servicios Publicitarios Integrales, SL DBA SunMedia"
cnn.com,News & Media,google.com,pub-1968276357835282,RESELLER,Unlisted / Unknown ID
cnn.com,News & Media,telaria.com,cpu32-92xut,RESELLER,Not Tracked (Non-Top 3 SSP)
cnn.com,News & Media,tremorhub.com,cpu32-92xut,RESELLER,Not Tracked (Non-Top 3 SSP)
cnn.com,News & Media,appnexus.com,8233,RESELLER,Not Tracked (Non-Top 3 SSP)
cnn.com,News & Media,pubmatic.com,81564,RESELLER,Not Tracked (Non-Top 3 SSP)
cnn.com,News & Media,pubmatic.com,156538,RESELLER,Not Tracked (Non-Top 3 SSP)
cnn.com,News & Media,rubiconproject.com,17960,RESELLER,Sovrn Inc.
cnn.com,News & Media,smartadserver.com,1999,RESELLER,Not Tracked (Non-Top 3 SSP)
cnn.com,News & Media,dentsu.com,72553,RESELLER,Not Tracked (Non-Top 3 SSP)
cnn.com,News & Media,telaria.com,9l6ha-j74jl,RESELLER,Not Tracked (Non-Top 3 SSP)
cnn.com,News & Media,tremorhub.com,9l6ha-j74jl,RESELLER,Not Tracked (Non-Top 3 SSP)
cnn.com,News & Media,goldbach-germany.de,WURL,RESELLER,Not Tracked (Non-Top 3 SSP)
cnn.com,News & Media,telaria.com,9l6ha-hwhw3,RESELLER,Not Tracked (Non-Top 3 SSP)
cnn.com,News & Media,tremorhub.com,9l6ha-hwhw3,RESELLER,Not Tracked (Non-Top 3 SSP)
cnn.com,News & Media,pubmatic.com,162439,RESELLER,Not Tracked (Non-Top 3 SSP)
cnn.com,News & Media,goldbach-germany.de,Wurl,RESELLER,Not Tracked (Non-Top 3 SSP)
cnn.com,News & Media,freewheel.tv,1572593,RESELLER,Not Tracked (Non-Top 3 SSP)
cnn.com,News & Media,freewheel.tv,1572594,RESELLER,Not Tracked (Non-Top 3 SSP)
cnn.com,News & Media,freewheel.tv,512029,RESELLER,Not Tracked (Non-Top 3 SSP)
cnn.com,News & Media,appnexus.com,13307,RESELLER,Not Tracked (Non-Top 3 SSP)
cnn.com,News & Media,indexexchange.com,197202,RESELLER,Not Tracked (Non-Top 3 SSP)
cnn.com,News & Media,pubmatic.com,161508,RESELLER,Not Tracked (Non-Top 3 SSP)
cnn.com,News & Media,yahoo.com,59642,RESELLER,Not Tracked (Non-Top 3 SSP)
cnn.com,News & Media,sharethrough.com,0E9XxmSd,RESELLER,Not Tracked (Non-Top 3 SSP)
cnn.com,News & Media,undertone.com,4143,RESELLER,Not Tracked (Non-Top 3 SSP)
cnn.com,News & Media,lkqd.net,1100054253,RESELLER,Not Tracked (Non-Top 3 SSP)
cnn.com,News & Media,smaato.com,1100054264,RESELLER,Not Tracked (Non-Top 3 SSP)
cnn.com,News & Media,conversantmedia.com,100640,RESELLER,Not Tracked (Non-Top 3 SSP)
cnn.com,News & Media,smartclip.net,14313,RESELLER,Not Tracked (Non-Top 3 SSP)
cnn.com,News & Media,appnexus.com,11470,RESELLER,Not Tracked (Non-Top 3 SSP)
cnn.com,News & Media,pubmatic.com,163238,RESELLER,Not Tracked (Non-Top 3 SSP)
cnn.com,News & Media,smartadserver.com,4537,RESELLER,Not Tracked (Non-Top 3 SSP)
cnn.com,News & Media,rubiconproject.com,25198,RESELLER,OGURY Ltd
cnn.com,News & Media,video.unrulymedia.com,533898005,RESELLER,Not Tracked (Non-Top 3 SSP)
cnn.com,News & Media,thebrave.io,1234746,RESELLER,Not Tracked (Non-Top 3 SSP)
cnn.com,News & Media,sharethrough.com,OAW69Fon,RESELLER,Not Tracked (Non-Top 3 SSP)
cnn.com,News & Media,ogury.com,e1d6b715-f273-43fd-a19e-18eb5f94ee94,DIRECT,Not Tracked (Non-Top 3 SSP)
cnn.com,News & Media,triplelift.com,11712,DIRECT,Not Tracked (Non-Top 3 SSP)
cnn.com,News & Media,triplelift.com,11712-EB,DIRECT,Not Tracked (Non-Top 3 SSP)
cnn.com,News & Media,triplelift.com,14253-EB,DIRECT,Not Tracked (Non-Top 3 SSP)
cnn.com,News & Media,triplelift.com,11712-EB,DIRECT,Not Tracked (Non-Top 3 SSP)
cnn.com,News & Media,triplelift.com,14253,DIRECT,Not Tracked (Non-Top 3 SSP)
cnn.com,News & Media,triplelift.com,11712,DIRECT,Not Tracked (Non-Top 3 SSP)
cnn.com,News & Media,mobkoi.com,EFE3D4B1,DIRECT,Not Tracked (Non-Top 3 SSP)
cnn.com,News & Media,freewheel.tv,1578381,RESELLER,Not Tracked (Non-Top 3 SSP)
cnn.com,News & Media,google.com,pub-7439281311086140,DIRECT,"Turner Broadcasting System, Inc."
cnn.com,News & Media,the-ozone-project.com,OZONECNN0001,DIRECT,Not Tracked (Non-Top 3 SSP)
cnn.com,News & Media,appnexus.com,9979,RESELLER,Not Tracked (Non-Top 3 SSP)
cnn.com,News & Media,openx.com,540731760,RESELLER,Not Tracked (Non-Top 3 SSP)
cnn.com,News & Media,adform.com,2657,RESELLER,Not Tracked (Non-Top 3 SSP)
cnn.com,News & Media,pubmatic.com,160557,RESELLER,Not Tracked (Non-Top 3 SSP)
cnn.com,News & Media,indexexchange.com,206233,RESELLER,Not Tracked (Non-Top 3 SSP)
cnn.com,News & Media,rakuten.tv,61331,DIRECT,Not Tracked (Non-Top 3 SSP)
cnn.com,News & Media,telaria.com,busk1-8wlce,RESELLER,Not Tracked (Non-Top 3 SSP)
cnn.com,News & Media,tremorhub.com,busk1-8wlce,RESELLER,Not Tracked (Non-Top 3 SSP)
cnn.com,News & Media,google.com,pub-3746578658400510,RESELLER,The Globe and Mail
cnn.com,News & Media,theglobeandmail.com,GAQV7PP,DIRECT,Not Tracked (Non-Top 3 SSP)
cnn.com,News & Media,indexexchange.com,181495,RESELLER,Not Tracked (Non-Top 3 SSP)
cnn.com,News & Media,indexexchange.com,185292,RESELLER,Not Tracked (Non-Top 3 SSP)
cnn.com,News & Media,appnexus.com,1285,RESELLER,Not Tracked (Non-Top 3 SSP)
cnn.com,News & Media,rubiconproject.com,24730,RESELLER,The Globe and Mail Inc.
cnn.com,News & Media,rubiconproject.com,24732,RESELLER,Unlisted / Unknown ID
cnn.com,News & Media,pubmatic.com,167626,RESELLER,Not Tracked (Non-Top 3 SSP)
cnn.com,News & Media,pubmatic.com,167624,RESELLER,Not Tracked (Non-Top 3 SSP)
cnn.com,News & Media,applovin.com,55501,DIRECT,Not Tracked (Non-Top 3 SSP)
cnn.com,News & Media,applovin.com,2713cc543ecb0969b83e3fdbf9ff011f,DIRECT,Not Tracked (Non-Top 3 SSP)
cnn.com,News & Media,spotxchange.com,304955,DIRECT,Not Tracked (Non-Top 3 SSP)
cnn.com,News & Media,spotx.tv,304955,DIRECT,Not Tracked (Non-Top 3 SSP)
cnn.com,News & Media,telaria.com,2auap-ich32,DIRECT,Not Tracked (Non-Top 3 SSP)
cnn.com,News & Media,telaria.com,2auap-zihku,DIRECT,Not Tracked (Non-Top 3 SSP)
cnn.com,News & Media,tremorhub.com,2auap-ich32,DIRECT,Not Tracked (Non-Top 3 SSP)
cnn.com,News & Media,improvedigital.com,2415,RESELLER,Not Tracked (Non-Top 3 SSP)
cnn.com,News & Media,smartadserver.com,4979,RESELLER,Not Tracked (Non-Top 3 SSP)
cnn.com,News & Media,video.unrulymedia.com,400335124,RESELLER,Not Tracked (Non-Top 3 SSP)
cnn.com,News & Media,telaria.com,9l6ha-amhud,RESELLER,Not Tracked (Non-Top 3 SSP)
cnn.com,News & Media,tremorhub.com,9l6ha-amhud,RESELLER,Not Tracked (Non-Top 3 SSP)
cnn.com,News & Media,stamptv.io,69067,DIRECT,Not Tracked (Non-Top 3 SSP)
cnn.com,News & Media,springserve.com,1876,RESELLER,Not Tracked (Non-Top 3 SSP)
cnn.com,News & Media,freewheel.tv,1598947,RESELLER,Not Tracked (Non-Top 3 SSP)
cnn.com,News & Media,freewheel.tv,1598948,RESELLER,Not Tracked (Non-Top 3 SSP)
cnn.com,News & Media,appnexus.com,14801,RESELLER,Not Tracked (Non-Top 3 SSP)
cnn.com,News & Media,telaria.com,9cdv3-7humk,RESELLER,Not Tracked (Non-Top 3 SSP)
cnn.com,News & Media,tremorhub.com,9cdv3-7humk,RESELLER,Not Tracked (Non-Top 3 SSP)
cnn.com,News & Media,telaria.com,2auap-45web,RESELLER,Not Tracked (Non-Top 3 SSP)
cnn.com,News & Media,media.net,8CU301TX3,RESELLER,Not Tracked (Non-Top 3 SSP)
cnn.com,News & Media,rhebus.works,6206908708,RESELLER,Not Tracked (Non-Top 3 SSP)
cnn.com,News & Media,pubmatic.comv,162134,RESELLER,Not Tracked (Non-Top 3 SSP)
cnn.com,News & Media,contextweb.com,563183,RESELLER,Not Tracked (Non-Top 3 SSP)
cnn.com,News & Media,telaria.com,6zj44-wramu,RESELLER,Not Tracked (Non-Top 3 SSP)
cnn.com,News & Media,tremorhub.com,6zj44-wramu,RESELLER,Not Tracked (Non-Top 3 SSP)
cnn.com,News & Media,rakuten.tv,67486,DIRECT,Not Tracked (Non-Top 3 SSP)
cnn.com,News & Media,rakuten.tv,67486,RESELLER,Not Tracked (Non-Top 3 SSP)
cnn.com,News & Media,telaria.com,busk1-8wlce,RESELLER,Not Tracked (Non-Top 3 SSP)
cnn.com,News & Media,tremorhub.com,busk1-8wlce,RESELLER,Not Tracked (Non-Top 3 SSP)
cnn.com,News & Media,springserve.com,2152,RESELLER,Not Tracked (Non-Top 3 SSP)
cnn.com,News & Media,telaria.com,0mun8-j47um,RESELLER,Not Tracked (Non-Top 3 SSP)
cnn.com,News & Media,tremorhub.com,0mun8-j47um,RESELLER,Not Tracked (Non-Top 3 SSP)
cnn.com,News & Media,olyzon.tv,71971,DIRECT,Not Tracked (Non-Top 3 SSP)
cnn.com,News & Media,olyzon.tv,71983,DIRECT,Not Tracked (Non-Top 3 SSP)
cnn.com,News & Media,olyzon.tv,72850,RESELLER,Not Tracked (Non-Top 3 SSP)
cnn.com,News & Media,olyzon.tv,72873,DIRECT,Not Tracked (Non-Top 3 SSP)
cnn.com,News & Media,media16.tv,1024,DIRECT,Not Tracked (Non-Top 3 SSP)
cnn.com,News & Media,telaria.com,tiw3e-4t1sy,RESELLER,Not Tracked (Non-Top 3 SSP)
cnn.com,News & Media,tremorhub.com,tiw3e-4t1sy,RESELLER,Not Tracked (Non-Top 3 SSP)
cnn.com,News & Media,conversantmedia.com,100855,DIRECT,Not Tracked (Non-Top 3 SSP)
cnn.com,News & Media,conversantmedia.com,100855,RESELLER,Not Tracked (Non-Top 3 SSP)
cnn.com,News & Media,conversantmedia.com,100659,RESELLER,Not Tracked (Non-Top 3 SSP)
cnn.com,News & Media,conversantmedia.com,100660,RESELLER,Not Tracked (Non-Top 3 SSP)
cnn.com,News & Media,conversantmedia.com,100661,RESELLER,Not Tracked (Non-Top 3 SSP)
cnn.com,News & Media,conversantmedia.com,100662,RESELLER,Not Tracked (Non-Top 3 SSP)
cnn.com,News & Media,conversantmedia.com,100663,RESELLER,Not Tracked (Non-Top 3 SSP)
cnn.com,News & Media,conversantmedia.com,100670,RESELLER,Not Tracked (Non-Top 3 SSP)
cnn.com,News & Media,conversantmedia.com,100671,RESELLER,Not Tracked (Non-Top 3 SSP)
cnn.com,News & Media,conversantmedia.com,100672,RESELLER,Not Tracked (Non-Top 3 SSP)
cnn.com,News & Media,conversantmedia.com,100677,RESELLER,Not Tracked (Non-Top 3 SSP)
cnn.com,News & Media,conversantmedia.com,100688,RESELLER,Not Tracked (Non-Top 3 SSP)
cnn.com,News & Media,conversantmedia.com,100691,RESELLER,Not Tracked (Non-Top 3 SSP)
cnn.com,News & Media,conversantmedia.com,100706,RESELLER,Not Tracked (Non-Top 3 SSP)
cnn.com,News & Media,conversantmedia.com,100713,RESELLER,Not Tracked (Non-Top 3 SSP)
cnn.com,News & Media,telaria.com,3xbnf-dtcl0,RESELLER,Not Tracked (Non-Top 3 SSP)
cnn.com,News & Media,tremorhub.com,3xbnf-dtcl0,RESELLER,Not Tracked (Non-Top 3 SSP)
cnn.com,News & Media,redmediaplus.com,1205,RESELLER,Not Tracked (Non-Top 3 SSP)
cnn.com,News & Media,triplelift.com,11731,DIRECT,Not Tracked (Non-Top 3 SSP)
cnn.com,News & Media,tappx.com,42147,DIRECT,Not Tracked (Non-Top 3 SSP)
cnn.com,News & Media,tremorhub.com,9l6ha-xooky,RESELLER,Not Tracked (Non-Top 3 SSP)
cnn.com,News & Media,telaria.com,9l6ha-xooky,RESELLER,Not Tracked (Non-Top 3 SSP)
cnn.com,News & Media,pubmatic.com,162439,RESELLER,Not Tracked (Non-Top 3 SSP)
cnn.com,News & Media,smartadserver.com,4600,RESELLER,Not Tracked (Non-Top 3 SSP)
cnn.com,News & Media,showheroes.com,7174,DIRECT,Not Tracked (Non-Top 3 SSP)
cnn.com,News & Media,xandr.com,8833,RESELLER,Not Tracked (Non-Top 3 SSP)
cnn.com,News & Media,pubmatic.com,156695,RESELLER,Not Tracked (Non-Top 3 SSP)
cnn.com,News & Media,telaria.com,l2qly-o8w5q,RESELLER,Not Tracked (Non-Top 3 SSP)
cnn.com,News & Media,tremorhub.com,l2qly-o8w5q,RESELLER,Not Tracked (Non-Top 3 SSP)
cnn.com,News & Media,smartadserver.com,3668,RESELLER,Not Tracked (Non-Top 3 SSP)
cnn.com,News & Media,freewheel.tv,1599768,RESELLER,Not Tracked (Non-Top 3 SSP)
cnn.com,News & Media,freewheel.tv,1599775,RESELLER,Not Tracked (Non-Top 3 SSP)
cnn.com,News & Media,sunmedia.tv,13377190-4018-4b9f-930a-052f45c9ba9e,DIRECT,Not Tracked (Non-Top 3 SSP)
cnn.com,News & Media,richaudience.com,VSOqMrqfC6,DIRECT,Not Tracked (Non-Top 3 SSP)
cnn.com,News & Media,dentsu.com,71228,RESELLER,Not Tracked (Non-Top 3 SSP)
cnn.com,News & Media,telaria.com,lkiu7-jqvg1,RESELLER,Not Tracked (Non-Top 3 SSP)
cnn.com,News & Media,tremorhub.com,lkiu7-jqvg1,RESELLER,Not Tracked (Non-Top 3 SSP)
cnn.com,News & Media,google.com,pub-8221793852898543,RESELLER,"VLN Servicios Publicitarios Integrales, SL DBA SunMedia"
cnn.com,News & Media,google.com,pub-1968276357835282,RESELLER,Unlisted / Unknown ID
cnn.com,News & Media,telaria.com,cpu32-92xut,RESELLER,Not Tracked (Non-Top 3 SSP)
cnn.com,News & Media,tremorhub.com,cpu32-92xut,RESELLER,Not Tracked (Non-Top 3 SSP)
cnn.com,News & Media,richaudience.com,06EhCbcfZK,DIRECT,Not Tracked (Non-Top 3 SSP)
cnn.com,News & Media,appnexus.com,8233,RESELLER,Not Tracked (Non-Top 3 SSP)
cnn.com,News & Media,pubmatic.com,81564,RESELLER,Not Tracked (Non-Top 3 SSP)
cnn.com,News & Media,pubmatic.com,156538,RESELLER,Not Tracked (Non-Top 3 SSP)
cnn.com,News & Media,rubiconproject.com,13510,DIRECT,Rich Audience Technologies SL
cnn.com,News & Media,rubiconproject.com,22328,DIRECT,"VLN Servicios Publicitarios Integrales, S.L."
cnn.com,News & Media,rubiconproject.com,22330,DIRECT,Google
cnn.com,News & Media,rubiconproject.com,17960,DIRECT,Sovrn Inc.
cnn.com,News & Media,rubiconproject.com,17960,RESELLER,Sovrn Inc.
cnn.com,News & Media,smartadserver.com,1999,DIRECT,Not Tracked (Non-Top 3 SSP)
cnn.com,News & Media,smartadserver.com,1999,RESELLER,Not Tracked (Non-Top 3 SSP)
cnn.com,News & Media,smartclip.net,28114,DIRECT,Not Tracked (Non-Top 3 SSP)
cnn.com,News & Media,smartclip.net,15378,RESELLER,Not Tracked (Non-Top 3 SSP)
cnn.com,News & Media,google.com,pub-1108628623474346,DIRECT,Confidential
cnn.com,News & Media,rubiconproject.com,22868,RESELLER,Google
cnn.com,News & Media,freewheel.tv,386345,DIRECT,Not Tracked (Non-Top 3 SSP)
cnn.com,News & Media,pubmatic.com,159855,DIRECT,Not Tracked (Non-Top 3 SSP)
cnn.com,News & Media,xandr.com,12343,DIRECT,Not Tracked (Non-Top 3 SSP)
cnn.com,News & Media,smartadserver.com,5000,DIRECT,Not Tracked (Non-Top 3 SSP)
cnn.com,News & Media,smartadserver.com,5000-OB,RESELLER,Not Tracked (Non-Top 3 SSP)
cnn.com,News & Media,pubmatic.com,156439,RESELLER,Not Tracked (Non-Top 3 SSP)
cnn.com,News & Media,pubmatic.com,154037,RESELLER,Not Tracked (Non-Top 3 SSP)
cnn.com,News & Media,rubiconproject.com,16114,RESELLER,SmartAdServer
cnn.com,News & Media,openx.com,537149888,RESELLER,Not Tracked (Non-Top 3 SSP)
cnn.com,News & Media,appnexus.com,3703,RESELLER,Not Tracked (Non-Top 3 SSP)
cnn.com,News & Media,loopme.com,5679,RESELLER,Not Tracked (Non-Top 3 SSP)
cnn.com,News & Media,sharethrough.com,OAW69Fon,RESELLER,Not Tracked (Non-Top 3 SSP)
cnn.com,News & Media,smaato.com,1100044045,RESELLER,Not Tracked (Non-Top 3 SSP)
cnn.com,News & Media,admanmedia.com,43,RESELLER,Not Tracked (Non-Top 3 SSP)
cnn.com,News & Media,contextweb.com,560288,RESELLER,Not Tracked (Non-Top 3 SSP)
cnn.com,News & Media,contextweb.com,563115,RESELLER,Not Tracked (Non-Top 3 SSP)
cnn.com,News & Media,video.unrulymedia.com,2564526802,RESELLER,Not Tracked (Non-Top 3 SSP)
cnn.com,News & Media,adyoulike.com,b4bf4fdd9b0b915f746f6747ff432bde,RESELLER,Not Tracked (Non-Top 3 SSP)
cnn.com,News & Media,axonix.com,57264,RESELLER,Not Tracked (Non-Top 3 SSP)
cnn.com,News & Media,xad.com,958,RESELLER,Not Tracked (Non-Top 3 SSP)
cnn.com,News & Media,xad.com,958,RESELLER,Not Tracked (Non-Top 3 SSP)
cnn.com,News & Media,pubnative.net,1006576,RESELLER,Not Tracked (Non-Top 3 SSP)
cnn.com,News & Media,verve.com,15503,RESELLER,Not Tracked (Non-Top 3 SSP)
cnn.com,News & Media,rhebus.works,5252004478,RESELLER,Not Tracked (Non-Top 3 SSP)
cnn.com,News & Media,wunderkind.co,7342,DIRECT,Not Tracked (Non-Top 3 SSP)
cnn.com,News & Media,152media.info,152M644,DIRECT,Not Tracked (Non-Top 3 SSP)
cnn.com,News & Media,appnexus.com,3153,RESELLER,Not Tracked (Non-Top 3 SSP)
cnn.com,News & Media,pubmatic.com,161026,RESELLER,Not Tracked (Non-Top 3 SSP)
cnn.com,News & Media,lijit.com,305268,DIRECT,Not Tracked (Non-Top 3 SSP)
cnn.com,News & Media,lijit.com,305268-eb,DIRECT,Not Tracked (Non-Top 3 SSP)
cnn.com,News & Media,openx.com,538959099,RESELLER,Not Tracked (Non-Top 3 SSP)
cnn.com,News & Media,pubmatic.com,137711,RESELLER,Not Tracked (Non-Top 3 SSP)
cnn.com,News & Media,pubmatic.com,156212,RESELLER,Not Tracked (Non-Top 3 SSP)
cnn.com,News & Media,rubiconproject.com,17960,RESELLER,Sovrn Inc.
cnn.com,News & Media,appnexus.com,1019,RESELLER,Not Tracked (Non-Top 3 SSP)
cnn.com,News & Media,video.unrulymedia.com,2444764291,RESELLER,Not Tracked (Non-Top 3 SSP)
cnn.com,News & Media,contextweb.com,558511,RESELLER,Not Tracked (Non-Top 3 SSP)
cnn.com,News & Media,krushmedia.com,AJxF6R572a9M6CaTvK,RESELLER,Not Tracked (Non-Top 3 SSP)
cnn.com,News & Media,google.com,pub-3960095709930134,RESELLER,152 Media
cnn.com,News & Media,teads.tv,19039,RESELLER,Not Tracked (Non-Top 3 SSP)
cnn.com,News & Media,seedtag.com,635c253a76d490000751b472,DIRECT,Not Tracked (Non-Top 3 SSP)
cnn.com,News & Media,appnexus.com,3153,RESELLER,Not Tracked (Non-Top 3 SSP)
cnn.com,News & Media,appnexus.com,11924,RESELLER,Not Tracked (Non-Top 3 SSP)
cnn.com,News & Media,amxrtb.com,105199329,DIRECT,Not Tracked (Non-Top 3 SSP)
cnn.com,News & Media,appnexus.com,12290,RESELLER,Not Tracked (Non-Top 3 SSP)
cnn.com,News & Media,lijit.com,260380,RESELLER,Not Tracked (Non-Top 3 SSP)
cnn.com,News & Media,rubiconproject.com,23844,RESELLER,Monet Engine Inc
cnn.com,News & Media,pubmatic.com,158355,RESELLER,Not Tracked (Non-Top 3 SSP)
cnn.com,News & Media,e-planning.net,c37faa27279b5ad6,RESELLER,Not Tracked (Non-Top 3 SSP)
cnn.com,News & Media,rhythmone.com,1767353092,RESELLER,Not Tracked (Non-Top 3 SSP)
cnn.com,News & Media,indexexchange.com,190243,RESELLER,Not Tracked (Non-Top 3 SSP)
cnn.com,News & Media,axonix.com,56222,RESELLER,Not Tracked (Non-Top 3 SSP)
cnn.com,News & Media,openx.com,541031350,RESELLER,Not Tracked (Non-Top 3 SSP)
cnn.com,News & Media,pubmatic.com,156631,RESELLER,Not Tracked (Non-Top 3 SSP)
cnn.com,News & Media,richaudience.com,25BiP9IMgN,RESELLER,Not Tracked (Non-Top 3 SSP)
cnn.com,News & Media,advertising.com,7574,RESELLER,Not Tracked (Non-Top 3 SSP)
cnn.com,News & Media,appnexus.com,8233,RESELLER,Not Tracked (Non-Top 3 SSP)
cnn.com,News & Media,rubiconproject.com,13510,RESELLER,Rich Audience Technologies SL
cnn.com,News & Media,sonobi.com,8efb591506,RESELLER,Not Tracked (Non-Top 3 SSP)
cnn.com,News & Media,aol.com,57992,RESELLER,Not Tracked (Non-Top 3 SSP)
cnn.com,News & Media,yahoo.com,57992,RESELLER,Not Tracked (Non-Top 3 SSP)
cnn.com,News & Media,rhythmone.com,1059622079,RESELLER,Not Tracked (Non-Top 3 SSP)
cnn.com,News & Media,contextweb.com,560606,RESELLER,Not Tracked (Non-Top 3 SSP)
cnn.com,News & Media,appnexus.com,10273,RESELLER,Not Tracked (Non-Top 3 SSP)
cnn.com,News & Media,indexexchange.com,192922,RESELLER,Not Tracked (Non-Top 3 SSP)
cnn.com,News & Media,sonobi.com,4d443a3ea2,RESELLER,Not Tracked (Non-Top 3 SSP)
cnn.com,News & Media,pubmatic.com,158481,RESELLER,Not Tracked (Non-Top 3 SSP)
cnn.com,News & Media,appnexus.com,8804,RESELLER,Not Tracked (Non-Top 3 SSP)
cnn.com,News & Media,vidoomy.com,57205,RESELLER,Not Tracked (Non-Top 3 SSP)
cnn.com,News & Media,axonix.com,56222,RESELLER,Not Tracked (Non-Top 3 SSP)
cnn.com,News & Media,emxdgt.com,2007,RESELLER,Not Tracked (Non-Top 3 SSP)
cnn.com,News & Media,sharethrough.com,23830661,RESELLER,Not Tracked (Non-Top 3 SSP)
cnn.com,News & Media,video.unrulymedia.com,1767353092,RESELLER,Not Tracked (Non-Top 3 SSP)
cnn.com,News & Media,triplelift.com,8446,RESELLER,Not Tracked (Non-Top 3 SSP)
cnn.com,News & Media,onetag.com,5adb88524e24e50,RESELLER,Not Tracked (Non-Top 3 SSP)
cnn.com,News & Media,onetag.com,5adb88524e24e50-OB,DIRECT,Not Tracked (Non-Top 3 SSP)
cnn.com,News & Media,appnexus.com,13099,RESELLER,Not Tracked (Non-Top 3 SSP)
cnn.com,News & Media,rubiconproject.com,11006,RESELLER,OneTag S.R.L.
cnn.com,News & Media,pubmatic.com,161593,RESELLER,Not Tracked (Non-Top 3 SSP)
cnn.com,News & Media,freewheel.tv,20393,RESELLER,Not Tracked (Non-Top 3 SSP)
cnn.com,News & Media,freewheel.tv,24377,RESELLER,Not Tracked (Non-Top 3 SSP)
cnn.com,News & Media,seedtag.com,635c253a76d490000751b472,DIRECT,Not Tracked (Non-Top 3 SSP)
cnn.com,News & Media,lijit.com,397546,DIRECT,Not Tracked (Non-Top 3 SSP)
cnn.com,News & Media,openx.com,538959099,RESELLER,Not Tracked (Non-Top 3 SSP)
cnn.com,News & Media,pubmatic.com,156212,RESELLER,Not Tracked (Non-Top 3 SSP)
cnn.com,News & Media,rubiconproject.com,17960,RESELLER,Sovrn Inc.
cnn.com,News & Media,onetag.com,75601b04186d260,DIRECT,Not Tracked (Non-Top 3 SSP)
cnn.com,News & Media,xandr.com,4009,DIRECT,Not Tracked (Non-Top 3 SSP)
cnn.com,News & Media,smartadserver.com,3050,DIRECT,Not Tracked (Non-Top 3 SSP)
cnn.com,News & Media,pubmatic.com,156439,RESELLER,Not Tracked (Non-Top 3 SSP)
cnn.com,News & Media,rubiconproject.com,16114,RESELLER,SmartAdServer
cnn.com,News & Media,openx.com,537149888,RESELLER,Not Tracked (Non-Top 3 SSP)
cnn.com,News & Media,appnexus.com,3703,RESELLER,Not Tracked (Non-Top 3 SSP)
cnn.com,News & Media,loopme.com,5679,RESELLER,Not Tracked (Non-Top 3 SSP)
cnn.com,News & Media,video.unrulymedia.com,2564526802,RESELLER,Not Tracked (Non-Top 3 SSP)
cnn.com,News & Media,smaato.com,1100044045,RESELLER,Not Tracked (Non-Top 3 SSP)
cnn.com,News & Media,pubnative.net,1006576,RESELLER,Not Tracked (Non-Top 3 SSP)
cnn.com,News & Media,adyoulike.com,b4bf4fdd9b0b915f746f6747ff432bde,RESELLER,Not Tracked (Non-Top 3 SSP)
cnn.com,News & Media,admanmedia.com,43,RESELLER,Not Tracked (Non-Top 3 SSP)
cnn.com,News & Media,pubmatic.com,157743,DIRECT,Not Tracked (Non-Top 3 SSP)
cnn.com,News & Media,rubiconproject.com,17280,DIRECT,Seedtag Advertising SL
cnn.com,News & Media,adform.com,1889,RESELLER,Not Tracked (Non-Top 3 SSP)
cnn.com,News & Media,indexexchange.com,191730,RESELLER,Not Tracked (Non-Top 3 SSP)
cnn.com,News & Media,improvedigital.com,1680,DIRECT,Not Tracked (Non-Top 3 SSP)
cnn.com,News & Media,openx.com,558758631,RESELLER,Not Tracked (Non-Top 3 SSP)
cnn.com,News & Media,adyoulike.com,83d15ef72d387a1e60e5a1399a2b0c03,DIRECT,Not Tracked (Non-Top 3 SSP)
cnn.com,News & Media,loopme.com,11712,RESELLER,Not Tracked (Non-Top 3 SSP)
cnn.com,News & Media,rubiconproject.com,20744,RESELLER,Loopme Inc
cnn.com,News & Media,xandr.com,13799,RESELLER,Not Tracked (Non-Top 3 SSP)
cnn.com,News & Media,sonobi.com,b43e9530e7,RESELLER,Not Tracked (Non-Top 3 SSP)
cnn.com,News & Media,33across.com,0010b00002MptHCAAZ,DIRECT,Not Tracked (Non-Top 3 SSP)
cnn.com,News & Media,sharethrough.com,AXS5NfBr,DIRECT,Not Tracked (Non-Top 3 SSP)
cnn.com,News & Media,pubmatic.com,156557,RESELLER,Not Tracked (Non-Top 3 SSP)
cnn.com,News & Media,pubmatic.com,158723,RESELLER,Not Tracked (Non-Top 3 SSP)
cnn.com,News & Media,rubiconproject.com,18694,RESELLER,"Sharethrough, Inc,"
cnn.com,News & Media,openx.com,540274407,RESELLER,Not Tracked (Non-Top 3 SSP)
cnn.com,News & Media,smaato.com,1100047713,RESELLER,Not Tracked (Non-Top 3 SSP)
cnn.com,News & Media,richaudience.com,ns9qrKJLKD,DIRECT,Not Tracked (Non-Top 3 SSP)
cnn.com,News & Media,lijit.com,305268,DIRECT,Not Tracked (Non-Top 3 SSP)
cnn.com,News & Media,lijit.com,305268-eb,DIRECT,Not Tracked (Non-Top 3 SSP)
cnn.com,News & Media,pubmatic.com,137711,RESELLER,Not Tracked (Non-Top 3 SSP)
cnn.com,News & Media,appnexus.com,1019,RESELLER,Not Tracked (Non-Top 3 SSP)
cnn.com,News & Media,video.unrulymedia.com,2444764291,RESELLER,Not Tracked (Non-Top 3 SSP)
cnn.com,News & Media,contextweb.com,558511,RESELLER,Not Tracked (Non-Top 3 SSP)
cnn.com,News & Media,krushmedia.com,AJxF6R572a9M6CaTvK,RESELLER,Not Tracked (Non-Top 3 SSP)
cnn.com,News & Media,teads.tv,19039,RESELLER,Not Tracked (Non-Top 3 SSP)
cnn.com,News & Media,teads.tv,21627,RESELLER,Not Tracked (Non-Top 3 SSP)
cnn.com,News & Media,teads.tv,21625,RESELLER,Not Tracked (Non-Top 3 SSP)
cnn.com,News & Media,conversantmedia.com,100140,RESELLER,Not Tracked (Non-Top 3 SSP)
cnn.com,News & Media,adagio.io,1096,RESELLER,Not Tracked (Non-Top 3 SSP)
cnn.com,News & Media,pubmatic.com,159110,RESELLER,Not Tracked (Non-Top 3 SSP)
cnn.com,News & Media,improvedigital.com,1790,RESELLER,Not Tracked (Non-Top 3 SSP)
cnn.com,News & Media,33across.com,0015a00002oUk4aAAC,RESELLER,Not Tracked (Non-Top 3 SSP)
cnn.com,News & Media,appnexus.com,10239,RESELLER,Not Tracked (Non-Top 3 SSP)
cnn.com,News & Media,rubiconproject.com,16414,RESELLER,"33Across, Inc"
cnn.com,News & Media,pubmatic.com,156423,RESELLER,Not Tracked (Non-Top 3 SSP)
cnn.com,News & Media,conversantmedia.com,100141,RESELLER,Not Tracked (Non-Top 3 SSP)
cnn.com,News & Media,rubiconproject.com,22866,DIRECT,"Discovery Latin America, LLC"
cnn.com,News & Media,152media.info,152M644,DIRECT,Not Tracked (Non-Top 3 SSP)
cnn.com,News & Media,rubiconproject.com,19116,RESELLER,Onfocus
cnn.com,News & Media,onetag.com,6b859b96c564fbe,RESELLER,Not Tracked (Non-Top 3 SSP)
cnn.com,News & Media,indexexchange.com,194558,RESELLER,Not Tracked (Non-Top 3 SSP)
cnn.com,News & Media,richaudience.com,1BTOoaD22a,RESELLER,Not Tracked (Non-Top 3 SSP)
cnn.com,News & Media,lijit.com,367236,RESELLER,Not Tracked (Non-Top 3 SSP)
cnn.com,News & Media,yahoo.com,59973,RESELLER,Not Tracked (Non-Top 3 SSP)
cnn.com,News & Media,video.unrulymedia.com,5672421953199218469,RESELLER,Not Tracked (Non-Top 3 SSP)
cnn.com,News & Media,e-planning.net,83c06e81531537f4,RESELLER,Not Tracked (Non-Top 3 SSP)
cnn.com,News & Media,admanmedia.com,2216,RESELLER,Not Tracked (Non-Top 3 SSP)
cnn.com,News & Media,connectad.io,456,RESELLER,Not Tracked (Non-Top 3 SSP)
cnn.com,News & Media,rubiconproject.com,26800,RESELLER,ConnectAd Demand GmbH
cnn.com,News & Media,smartadserver.com,3554,RESELLER,Not Tracked (Non-Top 3 SSP)
cnn.com,News & Media,openx.com,558899373,RESELLER,Not Tracked (Non-Top 3 SSP)
cnn.com,News & Media,rubiconproject.com,12186,RESELLER,E-Planning Corporation
cnn.com,News & Media,zetaglobal.net,891,RESELLER,Not Tracked (Non-Top 3 SSP)
cnn.com,News & Media,appnexus.com,15941,RESELLER,Not Tracked (Non-Top 3 SSP)
cnn.com,News & Media,video.unrulymedia.com,5672421953199218469,RESELLER,Not Tracked (Non-Top 3 SSP)
cnn.com,News & Media,smartadserver.com,4232,RESELLER,Not Tracked (Non-Top 3 SSP)
cnn.com,News & Media,rhythmone.com,2564526802,RESELLER,Not Tracked (Non-Top 3 SSP)
cnn.com,News & Media,smartadserver.com,4012,RESELLER,Not Tracked (Non-Top 3 SSP)
cnn.com,News & Media,smartadserver.com,4016,RESELLER,Not Tracked (Non-Top 3 SSP)
cnn.com,News & Media,smartadserver.com,4071,RESELLER,Not Tracked (Non-Top 3 SSP)
cnn.com,News & Media,smartadserver.com,4073,RESELLER,Not Tracked (Non-Top 3 SSP)
cnn.com,News & Media,smartadserver.com,4074,RESELLER,Not Tracked (Non-Top 3 SSP)
cnn.com,News & Media,smartadserver.com,4125,RESELLER,Not Tracked (Non-Top 3 SSP)
cnn.com,News & Media,smartadserver.com,4232-OB,RESELLER,Not Tracked (Non-Top 3 SSP)
cnn.com,News & Media,aps.amazon.com,3461f73b-6362-4745-8a10-f16ffbdf676e,RESELLER,Not Tracked (Non-Top 3 SSP)
cnn.com,News & Media,pubmatic.com,160006,RESELLER,Not Tracked (Non-Top 3 SSP)
cnn.com,News & Media,pubmatic.com,160096,RESELLER,Not Tracked (Non-Top 3 SSP)
cnn.com,News & Media,rubiconproject.com,18020,RESELLER,A9.com
cnn.com,News & Media,indexexchange.com,192410,RESELLER,Not Tracked (Non-Top 3 SSP)
cnn.com,News & Media,pubmatic.com,157150,RESELLER,Not Tracked (Non-Top 3 SSP)
cnn.com,News & Media,openx.com,540191398,RESELLER,Not Tracked (Non-Top 3 SSP)
cnn.com,News & Media,appnexus.com,1908,RESELLER,Not Tracked (Non-Top 3 SSP)
cnn.com,News & Media,smaato.com,1100044650,RESELLER,Not Tracked (Non-Top 3 SSP)
cnn.com,News & Media,ad-generation.jp,12474,RESELLER,Not Tracked (Non-Top 3 SSP)
cnn.com,News & Media,districtm.io,100962,RESELLER,Not Tracked (Non-Top 3 SSP)
cnn.com,News & Media,yieldmo.com,2719019867620450718,RESELLER,Not Tracked (Non-Top 3 SSP)
cnn.com,News & Media,appnexus.com,3663,RESELLER,Not Tracked (Non-Top 3 SSP)
cnn.com,News & Media,rhythmone.com,1654642120,RESELLER,Not Tracked (Non-Top 3 SSP)
cnn.com,News & Media,yahoo.com,55029,RESELLER,Not Tracked (Non-Top 3 SSP)
cnn.com,News & Media,gumgum.com,14141,RESELLER,Not Tracked (Non-Top 3 SSP)
cnn.com,News & Media,admanmedia.com,726,RESELLER,Not Tracked (Non-Top 3 SSP)
cnn.com,News & Media,sharethrough.com,7144eb80,RESELLER,Not Tracked (Non-Top 3 SSP)
cnn.com,News & Media,emxdgt.com,2009,RESELLER,Not Tracked (Non-Top 3 SSP)
cnn.com,News & Media,appnexus.com,1356,RESELLER,Not Tracked (Non-Top 3 SSP)
cnn.com,News & Media,contextweb.com,562541,RESELLER,Not Tracked (Non-Top 3 SSP)
cnn.com,News & Media,smartadserver.com,4125,RESELLER,Not Tracked (Non-Top 3 SSP)
cnn.com,News & Media,themediagrid.com,JTQKMP,RESELLER,Not Tracked (Non-Top 3 SSP)
cnn.com,News & Media,sovrn.com,375328,RESELLER,Not Tracked (Non-Top 3 SSP)
cnn.com,News & Media,lijit.com,375328,RESELLER,Not Tracked (Non-Top 3 SSP)
cnn.com,News & Media,media.net,8CU3VK579,RESELLER,Not Tracked (Non-Top 3 SSP)
cnn.com,News & Media,openx.com,537100188,RESELLER,Not Tracked (Non-Top 3 SSP)
cnn.com,News & Media,pubmatic.com,159463,RESELLER,Not Tracked (Non-Top 3 SSP)
cnn.com,News & Media,emxdgt.com,1759,RESELLER,Not Tracked (Non-Top 3 SSP)
cnn.com,News & Media,appnexus.com,1356,RESELLER,Not Tracked (Non-Top 3 SSP)
cnn.com,News & Media,google.com,pub-7439041255533808,RESELLER,Media.Net Advertising FZ-LLC
cnn.com,News & Media,rubiconproject.com,19396,RESELLER,Media.net Advertising FZ-LLC
cnn.com,News & Media,onetag.com,5d49f482552c9b6,RESELLER,Not Tracked (Non-Top 3 SSP)
cnn.com,News & Media,sonobi.com,83729e979b,RESELLER,Not Tracked (Non-Top 3 SSP)
cnn.com,News & Media,33across.com,0010b00002cGp2AAAS,RESELLER,Not Tracked (Non-Top 3 SSP)
cnn.com,News & Media,rhythmone.com,3611299104,RESELLER,Not Tracked (Non-Top 3 SSP)
cnn.com,News & Media,districtm.io,100600,RESELLER,Not Tracked (Non-Top 3 SSP)
cnn.com,News & Media,appnexus.com,1908,RESELLER,Not Tracked (Non-Top 3 SSP)
cnn.com,News & Media,lemmatechnologies.com,399,RESELLER,Not Tracked (Non-Top 3 SSP)
cnn.com,News & Media,e-planning.net,ec771b05828a67fa,RESELLER,Not Tracked (Non-Top 3 SSP)
cnn.com,News & Media,google.com,pub-9685734445476814,RESELLER,Sharethrough Inc
cnn.com,News & Media,media.net,8CU15JSNI,DIRECT,Not Tracked (Non-Top 3 SSP)
cnn.com,News & Media,outbrain.com,001d8e44748a99c05675ef6b75a37ef5ca,RESELLER,Not Tracked (Non-Top 3 SSP)
cnn.com,News & Media,pubmatic.com,161026,RESELLER,Not Tracked (Non-Top 3 SSP)
cnn.com,News & Media,pubmatic.com,161027,RESELLER,Not Tracked (Non-Top 3 SSP)
cnn.com,News & Media,rtbhouse.com,vowbRKwHoUW3fVdgPvDT,RESELLER,Not Tracked (Non-Top 3 SSP)
cnn.com,News & Media,contextweb.com,558511,RESELLER,Not Tracked (Non-Top 3 SSP)
cnn.com,News & Media,aps.amazon.com,3461f73b-6362-4745-8a10-f16ffbdf676e,RESELLER,Not Tracked (Non-Top 3 SSP)
cnn.com,News & Media,pubmatic.com,160006,RESELLER,Not Tracked (Non-Top 3 SSP)
cnn.com,News & Media,pubmatic.com,160096,RESELLER,Not Tracked (Non-Top 3 SSP)
cnn.com,News & Media,rubiconproject.com,18020,RESELLER,A9.com
cnn.com,News & Media,indexexchange.com,192410,RESELLER,Not Tracked (Non-Top 3 SSP)
cnn.com,News & Media,pubmatic.com,157150,RESELLER,Not Tracked (Non-Top 3 SSP)
cnn.com,News & Media,openx.com,540191398,RESELLER,Not Tracked (Non-Top 3 SSP)
cnn.com,News & Media,appnexus.com,1908,RESELLER,Not Tracked (Non-Top 3 SSP)
cnn.com,News & Media,smaato.com,1100044650,RESELLER,Not Tracked (Non-Top 3 SSP)
cnn.com,News & Media,ad-generation.jp,12474,RESELLER,Not Tracked (Non-Top 3 SSP)
cnn.com,News & Media,districtm.io,100962,RESELLER,Not Tracked (Non-Top 3 SSP)
cnn.com,News & Media,yieldmo.com,2719019867620450718,RESELLER,Not Tracked (Non-Top 3 SSP)
cnn.com,News & Media,appnexus.com,3663,RESELLER,Not Tracked (Non-Top 3 SSP)
cnn.com,News & Media,rhythmone.com,1654642120,RESELLER,Not Tracked (Non-Top 3 SSP)
cnn.com,News & Media,yahoo.com,55029,RESELLER,Not Tracked (Non-Top 3 SSP)
cnn.com,News & Media,gumgum.com,14141,RESELLER,Not Tracked (Non-Top 3 SSP)
cnn.com,News & Media,admanmedia.com,726,RESELLER,Not Tracked (Non-Top 3 SSP)
cnn.com,News & Media,sharethrough.com,7144eb80,RESELLER,Not Tracked (Non-Top 3 SSP)
cnn.com,News & Media,emxdgt.com,2009,RESELLER,Not Tracked (Non-Top 3 SSP)
cnn.com,News & Media,appnexus.com,1356,RESELLER,Not Tracked (Non-Top 3 SSP)
cnn.com,News & Media,contextweb.com,562541,RESELLER,Not Tracked (Non-Top 3 SSP)
cnn.com,News & Media,smartadserver.com,4125,RESELLER,Not Tracked (Non-Top 3 SSP)
cnn.com,News & Media,themediagrid.com,JTQKMP,RESELLER,Not Tracked (Non-Top 3 SSP)
cnn.com,News & Media,sovrn.com,375328,RESELLER,Not Tracked (Non-Top 3 SSP)
cnn.com,News & Media,lijit.com,375328,RESELLER,Not Tracked (Non-Top 3 SSP)
cnn.com,News & Media,amxrtb.com,105199329,RESELLER,Not Tracked (Non-Top 3 SSP)
cnn.com,News & Media,pubmatic.com,158355,RESELLER,Not Tracked (Non-Top 3 SSP)
cnn.com,News & Media,sharethrough.com,a6a34444,RESELLER,Not Tracked (Non-Top 3 SSP)
cnn.com,News & Media,adform.com,2865,RESELLER,Not Tracked (Non-Top 3 SSP)
cnn.com,News & Media,media.net,8CUT198SF,DIRECT,Not Tracked (Non-Top 3 SSP)
cnn.com,News & Media,google.com,pub-1011508009856018,RESELLER,Unlisted / Unknown ID
cnn.com,News & Media,rubiconproject.com,14904,RESELLER,Cue Digital Media Inc.
cnn.com,News & Media,playground.xyz,f7602da1,DIRECT,Not Tracked (Non-Top 3 SSP)
cnn.com,News & Media,applovin.com,2713cc543ecb0969b83e3fdbf9ff011f,RESELLER,Not Tracked (Non-Top 3 SSP)
cnn.com,News & Media,appnexus.com,13212,RESELLER,Not Tracked (Non-Top 3 SSP)
cnn.com,News & Media,pubmatic.com,161510,RESELLER,Not Tracked (Non-Top 3 SSP)
cnn.com,News & Media,spotxchange.com,113481,RESELLER,Not Tracked (Non-Top 3 SSP)
cnn.com,News & Media,spotx.tv,113481,RESELLER,Not Tracked (Non-Top 3 SSP)
cnn.com,News & Media,pubmatic.com,163390,RESELLER,Not Tracked (Non-Top 3 SSP)
cnn.com,News & Media,adswizz.com,86,RESELLER,Not Tracked (Non-Top 3 SSP)
cnn.com,News & Media,adswizz.com,tunein,RESELLER,Not Tracked (Non-Top 3 SSP)
cnn.com,News & Media,google.com,pub-1075310851762143,DIRECT,"Radio Time, Inc"
cnn.com,News & Media,google.com,pub-4716253307645677,DIRECT,"Radio Time, Inc"
cnn.com,News & Media,rubiconproject.com,18824,DIRECT,Unlisted / Unknown ID
cnn.com,News & Media,rubiconproject.com,11236,DIRECT,TuneIn Inc.
cnn.com,News & Media,adswizz.com,tunein,DIRECT,Not Tracked (Non-Top 3 SSP)
cnn.com,News & Media,targetspot.com,172,DIRECT,Not Tracked (Non-Top 3 SSP)
cnn.com,News & Media,outbrain.com,0048938c4af9641f2e04565be89ece5954,DIRECT,Not Tracked (Non-Top 3 SSP)
cnn.com,News & Media,openx.com,540393169,RESELLER,Not Tracked (Non-Top 3 SSP)
cnn.com,News & Media,triplelift.com,11547,RESELLER,Not Tracked (Non-Top 3 SSP)
cnn.com,News & Media,improvedigital.com,1552,RESELLER,Not Tracked (Non-Top 3 SSP)
cnn.com,News & Media,contextweb.com,562709,RESELLER,Not Tracked (Non-Top 3 SSP)
cnn.com,News & Media,aps.amazon.com,3965,RESELLER,Not Tracked (Non-Top 3 SSP)
cnn.com,News & Media,freewheel.tv,1220559,RESELLER,Not Tracked (Non-Top 3 SSP)
cnn.com,News & Media,freewheel.tv,1133073,RESELLER,Not Tracked (Non-Top 3 SSP)
cnn.com,News & Media,sovrn.com,267974,RESELLER,Not Tracked (Non-Top 3 SSP)
cnn.com,News & Media,adform.com,2611,RESELLER,Not Tracked (Non-Top 3 SSP)
cnn.com,News & Media,sharethrough.com,c21oBkqP,RESELLER,Not Tracked (Non-Top 3 SSP)
cnn.com,News & Media,rubiconproject.com,19668,RESELLER,Teads Holding Co.
cnn.com,News & Media,sharethrough.com,uDlHlVKG,RESELLER,Not Tracked (Non-Top 3 SSP)
cnn.com,News & Media,media.net,8CU33YS38,RESELLER,Not Tracked (Non-Top 3 SSP)
cnn.com,News & Media,indexexchange.com,190856,RESELLER,Not Tracked (Non-Top 3 SSP)
cnn.com,News & Media,pubmatic.com,158615,RESELLER,Not Tracked (Non-Top 3 SSP)
cnn.com,News & Media,appnexus.com,7597,RESELLER,Not Tracked (Non-Top 3 SSP)
cnn.com,News & Media,smartadserver.com,3820,RESELLER,Not Tracked (Non-Top 3 SSP)
cnn.com,News & Media,video.unrulymedia.com,367782854,RESELLER,Not Tracked (Non-Top 3 SSP)
cnn.com,News & Media,indexexchange.com,193091,RESELLER,Not Tracked (Non-Top 3 SSP)
cnn.com,News & Media,pubmatic.com,160065,RESELLER,Not Tracked (Non-Top 3 SSP)
cnn.com,News & Media,improvedigital.com,1863,RESELLER,Not Tracked (Non-Top 3 SSP)
cnn.com,News & Media,freewheel.tv,1220655,RESELLER,Not Tracked (Non-Top 3 SSP)
cnn.com,News & Media,smaato.com,1100048704,RESELLER,Not Tracked (Non-Top 3 SSP)
cnn.com,News & Media,contextweb.com,562145,RESELLER,Not Tracked (Non-Top 3 SSP)
cnn.com,News & Media,vi.ai,g-00fccf10011140265e3f2bc54bdf4a17a1,DIRECT,Not Tracked (Non-Top 3 SSP)
cnn.com,News & Media,google.com,pub-5617098146054077,RESELLER,Unlisted / Unknown ID
cnn.com,News & Media,pubmatic.com,158055,RESELLER,Not Tracked (Non-Top 3 SSP)
cnn.com,News & Media,xandr.com,10736,RESELLER,Not Tracked (Non-Top 3 SSP)
cnn.com,News & Media,rubiconproject.com,21506,RESELLER,Unlisted / Unknown ID
cnn.com,News & Media,indexexchange.com,190500,RESELLER,Not Tracked (Non-Top 3 SSP)
cnn.com,News & Media,smartadserver.com,2776,RESELLER,Not Tracked (Non-Top 3 SSP)
cnn.com,News & Media,openx.com,540362347,RESELLER,Not Tracked (Non-Top 3 SSP)
cnn.com,News & Media,google.com,pub-3746578658400510,RESELLER,The Globe and Mail
cnn.com,News & Media,theglobeandmail.com,GAQV7PP,DIRECT,Not Tracked (Non-Top 3 SSP)
cnn.com,News & Media,indexexchange.com,181495,RESELLER,Not Tracked (Non-Top 3 SSP)
cnn.com,News & Media,indexexchange.com,185292,RESELLER,Not Tracked (Non-Top 3 SSP)
cnn.com,News & Media,appnexus.com,1285,RESELLER,Not Tracked (Non-Top 3 SSP)
cnn.com,News & Media,rubiconproject.com,24730,RESELLER,The Globe and Mail Inc.
cnn.com,News & Media,rubiconproject.com,24732,RESELLER,Unlisted / Unknown ID
cnn.com,News & Media,pubmatic.com,164439,DIRECT,Not Tracked (Non-Top 3 SSP)
cnn.com,News & Media,videobyte.com,VJ3yZJ2,DIRECT,Not Tracked (Non-Top 3 SSP)
cnn.com,News & Media,telaria.com,oyz9g-ocspl,RESELLER,Not Tracked (Non-Top 3 SSP)
cnn.com,News & Media,tremorhub.com,oyz9g-ocspl,RESELLER,Not Tracked (Non-Top 3 SSP)
cnn.com,News & Media,appnexus.com,13779,RESELLER,Not Tracked (Non-Top 3 SSP)
cnn.com,News & Media,yahoo.com,59120,RESELLER,Not Tracked (Non-Top 3 SSP)
cnn.com,News & Media,freewheel.tv,1119233,RESELLER,Not Tracked (Non-Top 3 SSP)
cnn.com,News & Media,pubmatic.com,162263,RESELLER,Not Tracked (Non-Top 3 SSP)
cnn.com,News & Media,telaria.com,oyz9g-ocspl,RESELLER,Not Tracked (Non-Top 3 SSP)
cnn.com,News & Media,tremorhub.com,oyz9g-ocspl,RESELLER,Not Tracked (Non-Top 3 SSP)
cnn.com,News & Media,appnexus.com,13779,RESELLER,Not Tracked (Non-Top 3 SSP)
cnn.com,News & Media,yahoo.com,59120,RESELLER,Not Tracked (Non-Top 3 SSP)
cnn.com,News & Media,freewheel.tv,1119233,RESELLER,Not Tracked (Non-Top 3 SSP)
cnn.com,News & Media,pubmatic.com,162263,RESELLER,Not Tracked (Non-Top 3 SSP)
cnn.com,News & Media,pubgalaxy.com,13493,DIRECT,Not Tracked (Non-Top 3 SSP)
cnn.com,News & Media,improvedigital.com,1263_13493,DIRECT,Not Tracked (Non-Top 3 SSP)
cnn.com,News & Media,improvedigital.com,1263,RESELLER,Not Tracked (Non-Top 3 SSP)
cnn.com,News & Media,google.com,pub-6163857992956964,RESELLER,Azerion Technology B.V.
cnn.com,News & Media,improvedigital.com,1352,RESELLER,Not Tracked (Non-Top 3 SSP)
cnn.com,News & Media,indexexchange.com,187457,DIRECT,Not Tracked (Non-Top 3 SSP)
cnn.com,News & Media,media.net,8CU3I9461,DIRECT,Not Tracked (Non-Top 3 SSP)
cnn.com,News & Media,triplelift.com,4352-EB,DIRECT,Not Tracked (Non-Top 3 SSP)
cnn.com,News & Media,rubiconproject.com,17070,RESELLER,"Yieldmo, Inc."
cnn.com,News & Media,sharethrough.com,3f295570,DIRECT,Not Tracked (Non-Top 3 SSP)
cnn.com,News & Media,triplelift.com,4352,DIRECT,Not Tracked (Non-Top 3 SSP)
cnn.com,News & Media,indexexchange.com,186163,DIRECT,Not Tracked (Non-Top 3 SSP)
cnn.com,News & Media,indexexchange.com,193662,DIRECT,Not Tracked (Non-Top 3 SSP)
cnn.com,News & Media,indexexchange.com,196124,DIRECT,Not Tracked (Non-Top 3 SSP)
cnn.com,News & Media,rubiconproject.com,18630,DIRECT,Titan Gate AD
cnn.com,News & Media,rubiconproject.com,18632,DIRECT,Google
cnn.com,News & Media,ad-generation.jp,12474,RESELLER,Not Tracked (Non-Top 3 SSP)
cnn.com,News & Media,admedia.com,AM1601,RESELLER,Not Tracked (Non-Top 3 SSP)
cnn.com,News & Media,appnexus.com,1356,RESELLER,Not Tracked (Non-Top 3 SSP)
cnn.com,News & Media,appnexus.com,1908,RESELLER,Not Tracked (Non-Top 3 SSP)
cnn.com,News & Media,appnexus.com,3663,RESELLER,Not Tracked (Non-Top 3 SSP)
cnn.com,News & Media,beachfront.com,14804,RESELLER,Not Tracked (Non-Top 3 SSP)
cnn.com,News & Media,contextweb.com,562541,DIRECT,Not Tracked (Non-Top 3 SSP)
cnn.com,News & Media,districtm.io,100962,RESELLER,Not Tracked (Non-Top 3 SSP)
cnn.com,News & Media,gumgum.com,16114,DIRECT,Not Tracked (Non-Top 3 SSP)
cnn.com,News & Media,improvedigital.com,2050,RESELLER,Not Tracked (Non-Top 3 SSP)
cnn.com,News & Media,kargo.com,8824,RESELLER,Not Tracked (Non-Top 3 SSP)
cnn.com,News & Media,media.net,8CUZ1MK22,RESELLER,Not Tracked (Non-Top 3 SSP)
cnn.com,News & Media,mintegral.com,10043,RESELLER,Not Tracked (Non-Top 3 SSP)
cnn.com,News & Media,minutemedia.com,01gya4708ddm,RESELLER,Not Tracked (Non-Top 3 SSP)
cnn.com,News & Media,sonobi.com,7f5fa520f8,RESELLER,Not Tracked (Non-Top 3 SSP)
cnn.com,News & Media,sovrn.com,156329,DIRECT,Not Tracked (Non-Top 3 SSP)
cnn.com,News & Media,themediagrid.com,JTQKMP,RESELLER,Not Tracked (Non-Top 3 SSP)
cnn.com,News & Media,undertone.com,4205,RESELLER,Not Tracked (Non-Top 3 SSP)
cnn.com,News & Media,visiblemeasures.com,1034,DIRECT,Not Tracked (Non-Top 3 SSP)
cnn.com,News & Media,visiblemeasures.com,1052,RESELLER,Not Tracked (Non-Top 3 SSP)
cnn.com,News & Media,districtm.io,100600,DIRECT,Not Tracked (Non-Top 3 SSP)
cnn.com,News & Media,media.net,8CU63E64Z,DIRECT,Not Tracked (Non-Top 3 SSP)
cnn.com,News & Media,media.net,8CU14QN5E,DIRECT,Not Tracked (Non-Top 3 SSP)
cnn.com,News & Media,appnexus.com,7393,DIRECT,Not Tracked (Non-Top 3 SSP)
cnn.com,News & Media,sharethrough.com,1c73b26d,RESELLER,Not Tracked (Non-Top 3 SSP)
cnn.com,News & Media,sharethrough.com,3f295570,RESELLER,Not Tracked (Non-Top 3 SSP)
cnn.com,News & Media,sharethrough.com,WQ5IPGZ3,RESELLER,Not Tracked (Non-Top 3 SSP)
cnn.com,News & Media,pubmatic.com,157230,RESELLER,Not Tracked (Non-Top 3 SSP)
cnn.com,News & Media,pubmatic.com,161108,RESELLER,Not Tracked (Non-Top 3 SSP)
cnn.com,News & Media,criteo.com,B-060094,DIRECT,Unlisted / Unknown ID
cnn.com,News & Media,themediagrid.com,UW4BSY,DIRECT,Not Tracked (Non-Top 3 SSP)
cnn.com,News & Media,openx.com,537151081,DIRECT,Not Tracked (Non-Top 3 SSP)
cnn.com,News & Media,openx.com,545650440,DIRECT,Not Tracked (Non-Top 3 SSP)
cnn.com,News & Media,openx.com,545728612,DIRECT,Not Tracked (Non-Top 3 SSP)
cnn.com,News & Media,risecodes.com,642c266aef16c40001db84f1,DIRECT,Not Tracked (Non-Top 3 SSP)
cnn.com,News & Media,adyoulike.com,7463c359225e043c111036d7a29affa5,RESELLER,Not Tracked (Non-Top 3 SSP)
cnn.com,News & Media,aps.amazon.com,6d0c7ea7-f036-437d-be93-21fc59c890c2,DIRECT,Not Tracked (Non-Top 3 SSP)
cnn.com,News & Media,onetag.com,699899629dbed80,DIRECT,Not Tracked (Non-Top 3 SSP)
cnn.com,News & Media,headerlift.com,27290,DIRECT,Not Tracked (Non-Top 3 SSP)
cnn.com,News & Media,improvedigital.com,545,RESELLER,Not Tracked (Non-Top 3 SSP)
cnn.com,News & Media,improvedigital.com,545_27290,DIRECT,Not Tracked (Non-Top 3 SSP)
cnn.com,News & Media,google.com,pub-1313834454494130,RESELLER,Azerion Technology BV
cnn.com,News & Media,google.com,pub-2316275586951220,RESELLER,Azerion Technology BV
cnn.com,News & Media,appnexus.com,9994,RESELLER,Not Tracked (Non-Top 3 SSP)
cnn.com,News & Media,pubmatic.com,156946,RESELLER,Not Tracked (Non-Top 3 SSP)
cnn.com,News & Media,indexexchange.com,188249,RESELLER,Not Tracked (Non-Top 3 SSP)
cnn.com,News & Media,triplelift.com,9268,RESELLER,Not Tracked (Non-Top 3 SSP)
cnn.com,News & Media,rubiconproject.com,25080,RESELLER,Azerion Technology B.V.
cnn.com,News & Media,adform.com,2970,RESELLER,Not Tracked (Non-Top 3 SSP)
cnn.com,News & Media,aps.amazon.com,5219,RESELLER,Not Tracked (Non-Top 3 SSP)
cnn.com,News & Media,sharethrough.com,IGO1RNQe,DIRECT,Not Tracked (Non-Top 3 SSP)
cnn.com,News & Media,wbd.com,1,DIRECT,Not Tracked (Non-Top 3 SSP)
cnn.com,News & Media,wbd.com,191701,DIRECT,Not Tracked (Non-Top 3 SSP)
cnn.com,News & Media,freewheel.tv,sg1251726,RESELLER,Not Tracked (Non-Top 3 SSP)
cnn.com,News & Media,freewheel.tv,535082-r-523319,RESELLER,Not Tracked (Non-Top 3 SSP)
cnn.com,News & Media,video.unrulymedia.com,686913342,RESELLER,Not Tracked (Non-Top 3 SSP)
cnn.com,News & Media,springserve.com,1043,RESELLER,Not Tracked (Non-Top 3 SSP)
cnn.com,News & Media,lgads.tv,948648,DIRECT,Not Tracked (Non-Top 3 SSP)
cnn.com,News & Media,telaria.com,2auap-pv33y,DIRECT,Not Tracked (Non-Top 3 SSP)
cnn.com,News & Media,tremorhub.com,2auap-pv33y,DIRECT,Not Tracked (Non-Top 3 SSP)
cnn.com,News & Media,the-ozone-project.com,OZONECNN0001,DIRECT,Not Tracked (Non-Top 3 SSP)
cnn.com,News & Media,appnexus.com,9979,RESELLER,Not Tracked (Non-Top 3 SSP)
cnn.com,News & Media,openx.com,540731760,RESELLER,Not Tracked (Non-Top 3 SSP)
cnn.com,News & Media,adform.com,2657,RESELLER,Not Tracked (Non-Top 3 SSP)
cnn.com,News & Media,pubmatic.com,160557,RESELLER,Not Tracked (Non-Top 3 SSP)
cnn.com,News & Media,indexexchange.com,206233,RESELLER,Not Tracked (Non-Top 3 SSP)
cnn.com,News & Media,nativo.com,5661,DIRECT,Not Tracked (Non-Top 3 SSP)
cnn.com,News & Media,152media.info,152M1050,RESELLER,Not Tracked (Non-Top 3 SSP)
cnn.com,News & Media,adintouch.com,10017,RESELLER,Not Tracked (Non-Top 3 SSP)
cnn.com,News & Media,adyoulike.com,7e16410ba3667b9583c748e3d4b91e35,RESELLER,Not Tracked (Non-Top 3 SSP)
cnn.com,News & Media,appnexus.com,8035,RESELLER,Not Tracked (Non-Top 3 SSP)
cnn.com,News & Media,contextweb.com,560921,RESELLER,Not Tracked (Non-Top 3 SSP)
cnn.com,News & Media,inmobi.com,21dafc7bf4da4c399c6916da78462fb4,RESELLER,Not Tracked (Non-Top 3 SSP)
cnn.com,News & Media,insticator.com,15cc5eba-5987-4213-bfc6-b90620b61880,RESELLER,Not Tracked (Non-Top 3 SSP)
cnn.com,News & Media,loopme.com,11656,RESELLER,Not Tracked (Non-Top 3 SSP)
cnn.com,News & Media,media.net,8CU20T15J,RESELLER,Not Tracked (Non-Top 3 SSP)
cnn.com,News & Media,netmarvel.com,1012818,RESELLER,Not Tracked (Non-Top 3 SSP)
cnn.com,News & Media,openx.com,540709535,RESELLER,Not Tracked (Non-Top 3 SSP)
cnn.com,News & Media,playdigo.com,1948,RESELLER,Not Tracked (Non-Top 3 SSP)
cnn.com,News & Media,pubmatic.com,156500,RESELLER,Not Tracked (Non-Top 3 SSP)
cnn.com,News & Media,pubnative.net,1009948,RESELLER,Not Tracked (Non-Top 3 SSP)
cnn.com,News & Media,risecodes.com,672b9be6468a120001c7664d,RESELLER,Not Tracked (Non-Top 3 SSP)
cnn.com,News & Media,rubiconproject.com,16156,RESELLER,Nativo Inc
cnn.com,News & Media,smaato.com,1100057947,RESELLER,Not Tracked (Non-Top 3 SSP)
cnn.com,News & Media,smartadserver.com,4878,RESELLER,Not Tracked (Non-Top 3 SSP)
cnn.com,News & Media,zetaglobal.net,989,RESELLER,Not Tracked (Non-Top 3 SSP)
cnn.com,News & Media,dianomi.com,682,DIRECT,Not Tracked (Non-Top 3 SSP)
cnn.com,News & Media,dianomi.com,3223,DIRECT,Not Tracked (Non-Top 3 SSP)
cnn.com,News & Media,dianomi.com,1759,DIRECT,Not Tracked (Non-Top 3 SSP)
cnn.com,News & Media,dianomi.com,1904,RESELLER,Not Tracked (Non-Top 3 SSP)
cnn.com,News & Media,rubiconproject.com,14474,RESELLER,"Dianomi Inc,"
cnn.com,News & Media,themediagrid.com,DXW9CT,RESELLER,Not Tracked (Non-Top 3 SSP)
cnn.com,News & Media,appnexus.com,17535,RESELLER,Not Tracked (Non-Top 3 SSP)
cnn.com,News & Media,adform.com,2921,RESELLER,Not Tracked (Non-Top 3 SSP)
cnn.com,News & Media,pubmatic.com,162486,RESELLER,Not Tracked (Non-Top 3 SSP)
cnn.com,News & Media,openx.com,558595797,RESELLER,Not Tracked (Non-Top 3 SSP)
cnn.com,News & Media,freewheel.tv,1585055,RESELLER,Not Tracked (Non-Top 3 SSP)
cnn.com,News & Media,freewheel.tv,1585058,RESELLER,Not Tracked (Non-Top 3 SSP)
cnn.com,News & Media,undertone.com,4303,RESELLER,Not Tracked (Non-Top 3 SSP)
cnn.com,News & Media,undertone.com,4303,DIRECT,Not Tracked (Non-Top 3 SSP)
cnn.com,News & Media,openx.com,537153564,RESELLER,Not Tracked (Non-Top 3 SSP)
cnn.com,News & Media,rubiconproject.com,22412,RESELLER,Intercept Interactive Inc. D.B.A Undertone
cnn.com,News & Media,pubmatic.com,160318,RESELLER,Not Tracked (Non-Top 3 SSP)
cnn.com,News & Media,openx.com,540038342,DIRECT,Not Tracked (Non-Top 3 SSP)
cnn.com,News & Media,soundstack.com,stack-371,DIRECT,Not Tracked (Non-Top 3 SSP)
cnn.com,News & Media,adswizz.com,99,RESELLER,Not Tracked (Non-Top 3 SSP)
cnn.com,News & Media,soundstack.com,99,RESELLER,Not Tracked (Non-Top 3 SSP)
cnn.com,News & Media,adswizz.com,99_11,RESELLER,Not Tracked (Non-Top 3 SSP)
cnn.com,News & Media,adswizz.com,empirestreaming,RESELLER,Not Tracked (Non-Top 3 SSP)
cnn.com,News & Media,adswizz.com,240_10,RESELLER,Not Tracked (Non-Top 3 SSP)
cnn.com,News & Media,adswizz.com,33,RESELLER,Not Tracked (Non-Top 3 SSP)
cnn.com,News & Media,adswizz.com,186,RESELLER,Not Tracked (Non-Top 3 SSP)
cnn.com,News & Media,adswizz.com,SoundStack-Spreaker,RESELLER,Not Tracked (Non-Top 3 SSP)
cnn.com,News & Media,adtonos.com,PUB3776283673,RESELLER,Not Tracked (Non-Top 3 SSP)
cnn.com,News & Media,amplifier.audio,PUB3776283673,RESELLER,Not Tracked (Non-Top 3 SSP)
cnn.com,News & Media,rubiconproject.com,25906,RESELLER,Radio Net Media Ltd.
cnn.com,News & Media,appnexus.com,14256,RESELLER,Not Tracked (Non-Top 3 SSP)
cnn.com,News & Media,media.net,8CUV883SI,RESELLER,Not Tracked (Non-Top 3 SSP)
cnn.com,News & Media,xandr.com,14344,RESELLER,Not Tracked (Non-Top 3 SSP)
cnn.com,News & Media,tritondigital.com,38083,RESELLER,Not Tracked (Non-Top 3 SSP)
cnn.com,News & Media,zetaglobal.net,546,RESELLER,Not Tracked (Non-Top 3 SSP)
cnn.com,News & Media,adswizz.com,adtonos,RESELLER,Not Tracked (Non-Top 3 SSP)
cnn.com,News & Media,adswizz.com,590,RESELLER,Not Tracked (Non-Top 3 SSP)
cnn.com,News & Media,adswizz.com,580,RESELLER,Not Tracked (Non-Top 3 SSP)
cnn.com,News & Media,targetspot.com,354,RESELLER,Not Tracked (Non-Top 3 SSP)
cnn.com,News & Media,adswizz.com,584,RESELLER,Not Tracked (Non-Top 3 SSP)
cnn.com,News & Media,adswizz.com,radiocomercial,RESELLER,Not Tracked (Non-Top 3 SSP)
cnn.com,News & Media,widesound.io,10010167,RESELLER,Not Tracked (Non-Top 3 SSP)
cnn.com,News & Media,resetdigital.co,196,RESELLER,Not Tracked (Non-Top 3 SSP)
cnn.com,News & Media,display.io,2509,RESELLER,Not Tracked (Non-Top 3 SSP)
cnn.com,News & Media,adswizz.com,330,RESELLER,Not Tracked (Non-Top 3 SSP)
cnn.com,News & Media,smartadserver.com,5412,RESELLER,Not Tracked (Non-Top 3 SSP)
cnn.com,News & Media,adswizz.com,audion,RESELLER,Not Tracked (Non-Top 3 SSP)
cnn.com,News & Media,conversantmedia.com,100260,RESELLER,Not Tracked (Non-Top 3 SSP)
cnn.com,News & Media,tritondigital.com,141193,RESELLER,Not Tracked (Non-Top 3 SSP)
cnn.com,News & Media,tritondigital.com,248053,RESELLER,Not Tracked (Non-Top 3 SSP)
cnn.com,News & Media,consumable.com,2001667,RESELLER,Not Tracked (Non-Top 3 SSP)
cnn.com,News & Media,improvedigital.com,2174_354,RESELLER,Not Tracked (Non-Top 3 SSP)
cnn.com,News & Media,video.unrulymedia.com,919490605,RESELLER,Not Tracked (Non-Top 3 SSP)
cnn.com,News & Media,tritondigital.com,106423,RESELLER,Not Tracked (Non-Top 3 SSP)
cnn.com,News & Media,adswizz.com,561,RESELLER,Not Tracked (Non-Top 3 SSP)
cnn.com,News & Media,adswizz.com,666,RESELLER,Not Tracked (Non-Top 3 SSP)
cnn.com,News & Media,appnexus.com,7556,RESELLER,Not Tracked (Non-Top 3 SSP)
cnn.com,News & Media,rubiconproject.com,24856,RESELLER,"Consumable, Inc."
cnn.com,News & Media,smartadserver.com,4295,RESELLER,Not Tracked (Non-Top 3 SSP)
cnn.com,News & Media,conversantmedia.com,100087,RESELLER,Not Tracked (Non-Top 3 SSP)
cnn.com,News & Media,thisisdax.com,5329,RESELLER,Not Tracked (Non-Top 3 SSP)
cnn.com,News & Media,thisisdax.com,5330,RESELLER,Not Tracked (Non-Top 3 SSP)
cnn.com,News & Media,targetspot.com,366,RESELLER,Not Tracked (Non-Top 3 SSP)
cnn.com,News & Media,thisisdax.com,5157,RESELLER,Not Tracked (Non-Top 3 SSP)
cnn.com,News & Media,thisisdax.com,5379,RESELLER,Not Tracked (Non-Top 3 SSP)
cnn.com,News & Media,thisisdax.com,5389,RESELLER,Not Tracked (Non-Top 3 SSP)
cnn.com,News & Media,thisisdax.com,5390,RESELLER,Not Tracked (Non-Top 3 SSP)
cnn.com,News & Media,thisisdax.com,5391,RESELLER,Not Tracked (Non-Top 3 SSP)
cnn.com,News & Media,rubiconproject.com,20488,RESELLER,DAX US
cnn.com,News & Media,appnexus.com,15873,RESELLER,Not Tracked (Non-Top 3 SSP)
cnn.com,News & Media,thisisdax.com,5443,RESELLER,Not Tracked (Non-Top 3 SSP)
cnn.com,News & Media,thisisdax.com,5444,RESELLER,Not Tracked (Non-Top 3 SSP)
cnn.com,News & Media,smartadserver.com,4928,RESELLER,Not Tracked (Non-Top 3 SSP)
cnn.com,News & Media,thisisdax.com,5445,RESELLER,Not Tracked (Non-Top 3 SSP)
cnn.com,News & Media,ombu.digital,91,RESELLER,Not Tracked (Non-Top 3 SSP)
cnn.com,News & Media,entravision.com,1530,RESELLER,Not Tracked (Non-Top 3 SSP)
cnn.com,News & Media,soundcast.io,5e3301babc6b5,RESELLER,Not Tracked (Non-Top 3 SSP)
cnn.com,News & Media,soundcast.io,A676E56D,RESELLER,Not Tracked (Non-Top 3 SSP)
cnn.com,News & Media,rubiconproject.com,22494,RESELLER,Soundcast SAS
cnn.com,News & Media,smartadserver.com,4856,RESELLER,Not Tracked (Non-Top 3 SSP)
cnn.com,News & Media,adtonos.com,PUB952327291,RESELLER,Not Tracked (Non-Top 3 SSP)
cnn.com,News & Media,appnexus.com,1789,RESELLER,Not Tracked (Non-Top 3 SSP)
cnn.com,News & Media,appnexus.com,7491,RESELLER,Not Tracked (Non-Top 3 SSP)
cnn.com,News & Media,rubiconproject.com,25318,RESELLER,"101 Media, Inc."
cnn.com,News & Media,thirdpresence.com,747186,RESELLER,Not Tracked (Non-Top 3 SSP)
cnn.com,News & Media,amplifier.audio,PUB952327291,RESELLER,Not Tracked (Non-Top 3 SSP)
cnn.com,News & Media,smartyads.com,10,RESELLER,Not Tracked (Non-Top 3 SSP)
cnn.com,News & Media,smartyads.com,100251,RESELLER,Not Tracked (Non-Top 3 SSP)
cnn.com,News & Media,adswizz.com,tpx,RESELLER,Not Tracked (Non-Top 3 SSP)
cnn.com,News & Media,adswizz.com,658,RESELLER,Not Tracked (Non-Top 3 SSP)
cnn.com,News & Media,tunein.com,86,RESELLER,Not Tracked (Non-Top 3 SSP)
cnn.com,News & Media,tunein.com,99,RESELLER,Not Tracked (Non-Top 3 SSP)
cnn.com,News & Media,thisisdax.com,5283,RESELLER,Not Tracked (Non-Top 3 SSP)
cnn.com,News & Media,rubiconproject.com,11236,RESELLER,TuneIn Inc.
cnn.com,News & Media,appnexus.com,16586,RESELLER,Not Tracked (Non-Top 3 SSP)
cnn.com,News & Media,appnexus.com,1577,RESELLER,Not Tracked (Non-Top 3 SSP)
cnn.com,News & Media,appnexus.com,3277,RESELLER,Not Tracked (Non-Top 3 SSP)
cnn.com,News & Media,adswizz.com,52593,RESELLER,Not Tracked (Non-Top 3 SSP)
cnn.com,News & Media,rubiconproject.com,17048,RESELLER,"SoundStack, Inc."
cnn.com,News & Media,rubiconproject.com,9753,RESELLER,TargetSpot Inc
cnn.com,News & Media,adswizz.com,targetspot,RESELLER,Not Tracked (Non-Top 3 SSP)
cnn.com,News & Media,adswizz.com,172,RESELLER,Not Tracked (Non-Top 3 SSP)
cnn.com,News & Media,targetspot.com,387,RESELLER,Not Tracked (Non-Top 3 SSP)
cnn.com,News & Media,appnexus.com,7265,RESELLER,Not Tracked (Non-Top 3 SSP)
cnn.com,News & Media,improvedigital.com,2174,RESELLER,Not Tracked (Non-Top 3 SSP)
cnn.com,News & Media,improvedigital.com,2784,RESELLER,Not Tracked (Non-Top 3 SSP)
cnn.com,News & Media,rubiconproject.com,16418,RESELLER,TargetSpot France
cnn.com,News & Media,tritondigital.com,44733,RESELLER,Not Tracked (Non-Top 3 SSP)
cnn.com,News & Media,rubiconproject.com,9755,RESELLER,Enticent LLC
cnn.com,News & Media,adswizz.com,6,RESELLER,Not Tracked (Non-Top 3 SSP)
cnn.com,News & Media,display.io,25101000,RESELLER,Not Tracked (Non-Top 3 SSP)
cnn.com,News & Media,rubiconproject.com,19938,RESELLER,display.io
cnn.com,News & Media,improvedigital.com,2730,RESELLER,Not Tracked (Non-Top 3 SSP)
cnn.com,News & Media,targetspot.com,453,RESELLER,Not Tracked (Non-Top 3 SSP)
cnn.com,News & Media,media.net,8CU57MOE6,RESELLER,Not Tracked (Non-Top 3 SSP)
cnn.com,News & Media,vitor.media,778133,RESELLER,Not Tracked (Non-Top 3 SSP)
cnn.com,News & Media,adswizz.com,718,RESELLER,Not Tracked (Non-Top 3 SSP)
cnn.com,News & Media,adswizz.com,410,RESELLER,Not Tracked (Non-Top 3 SSP)
cnn.com,News & Media,soundstack.com,stack-501,RESELLER,Not Tracked (Non-Top 3 SSP)
cnn.com,News & Media,adswizz.com,audiology,RESELLER,Not Tracked (Non-Top 3 SSP)
cnn.com,News & Media,adswizz.com,318,RESELLER,Not Tracked (Non-Top 3 SSP)
cnn.com,News & Media,katzdigital.com,318,RESELLER,Not Tracked (Non-Top 3 SSP)
cnn.com,News & Media,adswizz.com,80,RESELLER,Not Tracked (Non-Top 3 SSP)
cnn.com,News & Media,katzdigital.com,80,RESELLER,Not Tracked (Non-Top 3 SSP)
washingtonpost.com,News & Media,google.com,pub-3980300725513096,DIRECT,WP Company LLC DBA The Washington Post
washingtonpost.com,News & Media,google.com,pub-1995032544933848,RESELLER,"Arkadium, Inc."
washingtonpost.com,News & Media,google.com,pub-3746578658400510,RESELLER,The Globe and Mail
washingtonpost.com,News & Media,c.amazon-adsystem.com,3041,DIRECT,Not Tracked (Non-Top 3 SSP)
washingtonpost.com,News & Media,openx.com,537108359,DIRECT,Not Tracked (Non-Top 3 SSP)
washingtonpost.com,News & Media,openx.com,539044014,DIRECT,Not Tracked (Non-Top 3 SSP)
washingtonpost.com,News & Media,teads.tv,5856,DIRECT,Not Tracked (Non-Top 3 SSP)
washingtonpost.com,News & Media,indexexchange.com,183960,DIRECT,Not Tracked (Non-Top 3 SSP)
washingtonpost.com,News & Media,indexexchange.com,184966,DIRECT,Not Tracked (Non-Top 3 SSP)
washingtonpost.com,News & Media,indexexchange.com,185292,RESELLER,Not Tracked (Non-Top 3 SSP)
washingtonpost.com,News & Media,indexexchange.com,189263,RESELLER,Not Tracked (Non-Top 3 SSP)
washingtonpost.com,News & Media,triplelift.com,3015,DIRECT,Not Tracked (Non-Top 3 SSP)
washingtonpost.com,News & Media,triplelift.com,3015-EB,DIRECT,Not Tracked (Non-Top 3 SSP)
washingtonpost.com,News & Media,triplelift.com,14181,RESELLER,Not Tracked (Non-Top 3 SSP)
washingtonpost.com,News & Media,rubiconproject.com,17302,DIRECT,Google
washingtonpost.com,News & Media,rubiconproject.com,19668,RESELLER,Teads Holding Co.
washingtonpost.com,News & Media,pubmatic.com,161044,DIRECT,Not Tracked (Non-Top 3 SSP)
washingtonpost.com,News & Media,pubmatic.com,157050,DIRECT,Not Tracked (Non-Top 3 SSP)
washingtonpost.com,News & Media,smaato.com,1100038044,DIRECT,Not Tracked (Non-Top 3 SSP)
washingtonpost.com,News & Media,liveintent.com,386,DIRECT,Not Tracked (Non-Top 3 SSP)
washingtonpost.com,News & Media,facebook.com,165530923902113,DIRECT,Not Tracked (Non-Top 3 SSP)
washingtonpost.com,News & Media,themediagrid.com,QSCXRL,DIRECT,Not Tracked (Non-Top 3 SSP)
washingtonpost.com,News & Media,adswizz.com,washingtonpost,DIRECT,Not Tracked (Non-Top 3 SSP)
washingtonpost.com,News & Media,adswizz.com,438,DIRECT,Not Tracked (Non-Top 3 SSP)
washingtonpost.com,News & Media,outbrain.com,00245c3cb03f074e28909d6ad2320ffd17,DIRECT,Not Tracked (Non-Top 3 SSP)
washingtonpost.com,News & Media,appnexus.com,7597,RESELLER,Not Tracked (Non-Top 3 SSP)
washingtonpost.com,News & Media,openx.com,540393169,RESELLER,Not Tracked (Non-Top 3 SSP)
washingtonpost.com,News & Media,indexexchange.com,190856,RESELLER,Not Tracked (Non-Top 3 SSP)
washingtonpost.com,News & Media,pubmatic.com,158615,RESELLER,Not Tracked (Non-Top 3 SSP)
washingtonpost.com,News & Media,appnexus.com,1285,RESELLER,Not Tracked (Non-Top 3 SSP)
washingtonpost.com,News & Media,indexexchange.com,181495,RESELLER,Not Tracked (Non-Top 3 SSP)
washingtonpost.com,News & Media,themediagrid.com,PHSAD4,DIRECT,Not Tracked (Non-Top 3 SSP)
washingtonpost.com,News & Media,themediagrid.com,PHSAD4,DIRECT,Not Tracked (Non-Top 3 SSP)
washingtonpost.com,News & Media,theglobeandmail.com,pub-3980300725513096,DIRECT,Not Tracked (Non-Top 3 SSP)
washingtonpost.com,News & Media,conversantmedia.com,100406,DIRECT,Not Tracked (Non-Top 3 SSP)
washingtonpost.com,News & Media,video.unrulymedia.com,367782854,RESELLER,Not Tracked (Non-Top 3 SSP)
washingtonpost.com,News & Media,smartadserver.com,3820,RESELLER,Not Tracked (Non-Top 3 SSP)
washingtonpost.com,News & Media,indexexchange.com,193091,RESELLER,Not Tracked (Non-Top 3 SSP)
washingtonpost.com,News & Media,rubiconproject.com,24730,RESELLER,The Globe and Mail Inc.
washingtonpost.com,News & Media,yahoo.com,100018,DIRECT,Not Tracked (Non-Top 3 SSP)
washingtonpost.com,News & Media,tredio.io,357a6fdf7642bf815a88822c447d9dc435253,DIRECT,Not Tracked (Non-Top 3 SSP)
washingtonpost.com,News & Media,jamx.ai,96,DIRECT,Not Tracked (Non-Top 3 SSP)
washingtonpost.com,News & Media,contextweb.com,562709,RESELLER,Not Tracked (Non-Top 3 SSP)
washingtonpost.com,News & Media,media.net,8CU33YS38,RESELLER,Not Tracked (Non-Top 3 SSP)
washingtonpost.com,News & Media,pubmatic.com,160065,RESELLER,Not Tracked (Non-Top 3 SSP)
washingtonpost.com,News & Media,improvedigital.com,1863,RESELLER,Not Tracked (Non-Top 3 SSP)
washingtonpost.com,News & Media,smaato.com,1100048704,RESELLER,Not Tracked (Non-Top 3 SSP)
washingtonpost.com,News & Media,pubmatic.com,167626,RESELLER,Not Tracked (Non-Top 3 SSP)
washingtonpost.com,News & Media,pubmatic.com,167624,RESELLER,Not Tracked (Non-Top 3 SSP)
washingtonpost.com,News & Media,smartadserver.com,5710,DIRECT,Not Tracked (Non-Top 3 SSP)
washingtonpost.com,News & Media,sharethrough.com,5710,DIRECT,Not Tracked (Non-Top 3 SSP)
washingtonpost.com,News & Media,sharethrough.com,5c7ec635,DIRECT,Not Tracked (Non-Top 3 SSP)
washingtonpost.com,News & Media,media.net,8CA7CKX27,DIRECT,Not Tracked (Non-Top 3 SSP)
washingtonpost.com,News & Media,sharethrough.com,3820,RESELLER,Not Tracked (Non-Top 3 SSP)
washingtonpost.com,News & Media,washingtonpost.com,1,DIRECT,Not Tracked (Non-Top 3 SSP)
washingtonpost.com,News & Media,spotim.market,pub_gmYziEVeRrXv,DIRECT,Not Tracked (Non-Top 3 SSP)
washingtonpost.com,News & Media,adyoulike.com,9bd79cc9e88566066f8e7caa0389a730,DIRECT,Not Tracked (Non-Top 3 SSP)
washingtonpost.com,News & Media,triplelift.com,10504,RESELLER,Not Tracked (Non-Top 3 SSP)
washingtonpost.com,News & Media,nativo.com,5740,DIRECT,Not Tracked (Non-Top 3 SSP)
washingtonpost.com,News & Media,appnexus.com,6933,RESELLER,Not Tracked (Non-Top 3 SSP)
washingtonpost.com,News & Media,rubiconproject.com,17184,RESELLER,"SPOT.IM, Inc."
washingtonpost.com,News & Media,yieldmo.com,3482865003332051270,RESELLER,Not Tracked (Non-Top 3 SSP)
washingtonpost.com,News & Media,media.net,8CU864AMF,RESELLER,Not Tracked (Non-Top 3 SSP)
washingtonpost.com,News & Media,inmobi.com,8235d4057eb4410fa01584c0769ccc76,RESELLER,Not Tracked (Non-Top 3 SSP)
washingtonpost.com,News & Media,openx.com,539466082,RESELLER,Not Tracked (Non-Top 3 SSP)
washingtonpost.com,News & Media,trustedstack.com,TS1O43N7N,DIRECT,Not Tracked (Non-Top 3 SSP)
washingtonpost.com,News & Media,pubmatic.com,164187,RESELLER,Not Tracked (Non-Top 3 SSP)
washingtonpost.com,News & Media,rubiconproject.com,26144,RESELLER,"TStack, Inc"
washingtonpost.com,News & Media,video.unrulymedia.com,799061815,RESELLER,Not Tracked (Non-Top 3 SSP)
washingtonpost.com,News & Media,sharethrough.com,KGPeiFc6,RESELLER,Not Tracked (Non-Top 3 SSP)
washingtonpost.com,News & Media,yieldmo.com,3377199372461613093,RESELLER,Not Tracked (Non-Top 3 SSP)
washingtonpost.com,News & Media,kargo.com,8938,DIRECT,Not Tracked (Non-Top 3 SSP)
washingtonpost.com,News & Media,rubiconproject.com,11864,RESELLER,"Kargo Global, Inc."
washingtonpost.com,News & Media,appnexus.com,8173,RESELLER,Not Tracked (Non-Top 3 SSP)
washingtonpost.com,News & Media,contextweb.com,562001,RESELLER,Not Tracked (Non-Top 3 SSP)
washingtonpost.com,News & Media,video.unrulymedia.com,1858504412,RESELLER,Not Tracked (Non-Top 3 SSP)
washingtonpost.com,News & Media,aps.amazon.com,3041,DIRECT,Not Tracked (Non-Top 3 SSP)
washingtonpost.com,News & Media,appnexus.com,7466,DIRECT,Not Tracked (Non-Top 3 SSP)
washingtonpost.com,News & Media,rubiconproject.com,12890,DIRECT,WP Company LLC
washingtonpost.com,News & Media,pubmatic.com,156442,DIRECT,Not Tracked (Non-Top 3 SSP)
washingtonpost.com,News & Media,appnexus.com,1908,RESELLER,Not Tracked (Non-Top 3 SSP)
washingtonpost.com,News & Media,districtm.io,101885,DIRECT,Not Tracked (Non-Top 3 SSP)
washingtonpost.com,News & Media,triplelift.com,2936,DIRECT,Not Tracked (Non-Top 3 SSP)
washingtonpost.com,News & Media,yahoo.com,58494,DIRECT,Not Tracked (Non-Top 3 SSP)
washingtonpost.com,News & Media,indexexchange.com,193959,DIRECT,Not Tracked (Non-Top 3 SSP)
washingtonpost.com,News & Media,openx.com,537154106,DIRECT,Not Tracked (Non-Top 3 SSP)
washingtonpost.com,News & Media,media.net,8CUMLVX34,DIRECT,Not Tracked (Non-Top 3 SSP)
washingtonpost.com,News & Media,yieldmo.com,3236491856409731720,DIRECT,Not Tracked (Non-Top 3 SSP)
washingtonpost.com,News & Media,kargo.com,8938,DIRECT,Not Tracked (Non-Top 3 SSP)
washingtonpost.com,News & Media,triplelift.com,11582,RESELLER,Not Tracked (Non-Top 3 SSP)
washingtonpost.com,News & Media,rubiconproject.com,20322,RESELLER,Infolinks Media LLC
washingtonpost.com,News & Media,themediagrid.com,V19ZSB,RESELLER,Not Tracked (Non-Top 3 SSP)
washingtonpost.com,News & Media,mediatradecraft.com,111139,DIRECT,Not Tracked (Non-Top 3 SSP)
washingtonpost.com,News & Media,google.com,pub-1493799638656017,DIRECT,Tradecraft LLC dba Media Tradecraft
washingtonpost.com,News & Media,google.com,pub-1493799638656017,RESELLER,Tradecraft LLC dba Media Tradecraft
washingtonpost.com,News & Media,appnexus.com,1922,RESELLER,Not Tracked (Non-Top 3 SSP)
washingtonpost.com,News & Media,rubiconproject.com,27034,RESELLER,BIDGENCY GROUP LP
washingtonpost.com,News & Media,risecodes.com,64c290167304e80001e3edd3,RESELLER,Not Tracked (Non-Top 3 SSP)
washingtonpost.com,News & Media,bidgx.com,59371,RESELLER,Not Tracked (Non-Top 3 SSP)
washingtonpost.com,News & Media,adyoulike.com,0993d3fa8116265a85dd6a6fd1d3fa75,RESELLER,Not Tracked (Non-Top 3 SSP)
washingtonpost.com,News & Media,lijit.com,465767,RESELLER,Not Tracked (Non-Top 3 SSP)
washingtonpost.com,News & Media,lijit.com,251666-eb,DIRECT,Not Tracked (Non-Top 3 SSP)
washingtonpost.com,News & Media,inmobi.com,7850cac51dae4d4181a346ea9470b0d9,DIRECT,Not Tracked (Non-Top 3 SSP)
washingtonpost.com,News & Media,sharethrough.com,ba5c676b,DIRECT,Not Tracked (Non-Top 3 SSP)
washingtonpost.com,News & Media,infolinks.com,3320940,DIRECT,Not Tracked (Non-Top 3 SSP)
washingtonpost.com,News & Media,pubmatic.com,156872,RESELLER,Not Tracked (Non-Top 3 SSP)
washingtonpost.com,News & Media,xandr.com,3251,RESELLER,Not Tracked (Non-Top 3 SSP)
washingtonpost.com,News & Media,indexexchange.com,191306,RESELLER,Not Tracked (Non-Top 3 SSP)
washingtonpost.com,News & Media,media.net,8CUY6IX4H,RESELLER,Not Tracked (Non-Top 3 SSP)
washingtonpost.com,News & Media,openx.com,543174347,RESELLER,Not Tracked (Non-Top 3 SSP)
washingtonpost.com,News & Media,video.unrulymedia.com,2221906906,RESELLER,Not Tracked (Non-Top 3 SSP)
washingtonpost.com,News & Media,improvedigital.com,2016,RESELLER,Not Tracked (Non-Top 3 SSP)
washingtonpost.com,News & Media,33across.com,0010b00002CpYhEAAV,RESELLER,Not Tracked (Non-Top 3 SSP)
washingtonpost.com,News & Media,sharethrough.com,1SghQadK,RESELLER,Not Tracked (Non-Top 3 SSP)
washingtonpost.com,News & Media,pubmatic.com,137711,RESELLER,Not Tracked (Non-Top 3 SSP)
washingtonpost.com,News & Media,openx.com,538959099,RESELLER,Not Tracked (Non-Top 3 SSP)
washingtonpost.com,News & Media,minutemedia.com,01jvq6exmmgq,DIRECT,Not Tracked (Non-Top 3 SSP)
washingtonpost.com,News & Media,pubmatic.com,166733,RESELLER,Not Tracked (Non-Top 3 SSP)
washingtonpost.com,News & Media,kntxy.com,68348,RESELLER,Not Tracked (Non-Top 3 SSP)
washingtonpost.com,News & Media,xandr.com,17781,RESELLER,Not Tracked (Non-Top 3 SSP)
washingtonpost.com,News & Media,aps.amazon.com,de948cab-9232-4f2a-90f5-794be75952c6,RESELLER,Not Tracked (Non-Top 3 SSP)
washingtonpost.com,News & Media,seedtag.com,65524b724faec10007f8298d,DIRECT,Not Tracked (Non-Top 3 SSP)
washingtonpost.com,News & Media,ogury.com,8ebd4f1c-6edc-460b-9f30-ce01f1b6691e,DIRECT,Not Tracked (Non-Top 3 SSP)
washingtonpost.com,News & Media,appnexus.com,11470,RESELLER,Not Tracked (Non-Top 3 SSP)
washingtonpost.com,News & Media,pubmatic.com,163238,RESELLER,Not Tracked (Non-Top 3 SSP)
washingtonpost.com,News & Media,smartadserver.com,4537,RESELLER,Not Tracked (Non-Top 3 SSP)
washingtonpost.com,News & Media,rubiconproject.com,25198,RESELLER,OGURY Ltd
washingtonpost.com,News & Media,video.unrulymedia.com,533898005,RESELLER,Not Tracked (Non-Top 3 SSP)
washingtonpost.com,News & Media,thebrave.io,1234746,RESELLER,Not Tracked (Non-Top 3 SSP)
washingtonpost.com,News & Media,sharethrough.com,OAW69Fon,RESELLER,Not Tracked (Non-Top 3 SSP)
washingtonpost.com,News & Media,risecodes.com,5fad0eb54fdc5c00016859b1,DIRECT,Not Tracked (Non-Top 3 SSP)
washingtonpost.com,News & Media,sharethrough.com,5926d422,RESELLER,Not Tracked (Non-Top 3 SSP)
washingtonpost.com,News & Media,pubmatic.com,160295,RESELLER,Not Tracked (Non-Top 3 SSP)
washingtonpost.com,News & Media,rubiconproject.com,23876,RESELLER,Typea Holdings  LTD.
washingtonpost.com,News & Media,xandr.com,14082,RESELLER,Not Tracked (Non-Top 3 SSP)
washingtonpost.com,News & Media,media.net,8CUQ6928Q,RESELLER,Not Tracked (Non-Top 3 SSP)
washingtonpost.com,News & Media,lijit.com,405318,RESELLER,Not Tracked (Non-Top 3 SSP)
washingtonpost.com,News & Media,gumgum.com,13967,DIRECT,Not Tracked (Non-Top 3 SSP)
washingtonpost.com,News & Media,rubiconproject.com,23434,RESELLER,"GumGum, Inc."
washingtonpost.com,News & Media,pubmatic.com,157897,RESELLER,Not Tracked (Non-Top 3 SSP)
washingtonpost.com,News & Media,appnexus.com,2758,RESELLER,Not Tracked (Non-Top 3 SSP)
washingtonpost.com,News & Media,openx.com,537149485,RESELLER,Not Tracked (Non-Top 3 SSP)
washingtonpost.com,News & Media,nativo.com,5686,DIRECT,Not Tracked (Non-Top 3 SSP)
washingtonpost.com,News & Media,inmobi.com,21dafc7bf4da4c399c6916da78462fb4,RESELLER,Not Tracked (Non-Top 3 SSP)
washingtonpost.com,News & Media,rubiconproject.com,16156,RESELLER,Nativo Inc
washingtonpost.com,News & Media,zetaglobal.net,989,RESELLER,Not Tracked (Non-Top 3 SSP)
washingtonpost.com,News & Media,seedtag.com,6623e22b4cec750006c7090c,DIRECT,Not Tracked (Non-Top 3 SSP)
washingtonpost.com,News & Media,xandr.com,4009,DIRECT,Not Tracked (Non-Top 3 SSP)
washingtonpost.com,News & Media,beachfront.com,15250,RESELLER,Not Tracked (Non-Top 3 SSP)
washingtonpost.com,News & Media,smartadserver.com,3050,DIRECT,Not Tracked (Non-Top 3 SSP)
washingtonpost.com,News & Media,rubiconproject.com,17280,DIRECT,Seedtag Advertising SL
washingtonpost.com,News & Media,pubmatic.com,157743,DIRECT,Not Tracked (Non-Top 3 SSP)
washingtonpost.com,News & Media,lijit.com,397546,DIRECT,Not Tracked (Non-Top 3 SSP)
washingtonpost.com,News & Media,onetag.com,75601b04186d260,DIRECT,Not Tracked (Non-Top 3 SSP)
washingtonpost.com,News & Media,loopme.com,11712,RESELLER,Not Tracked (Non-Top 3 SSP)
washingtonpost.com,News & Media,video.unrulymedia.com,724823153,RESELLER,Not Tracked (Non-Top 3 SSP)
washingtonpost.com,News & Media,adform.com,1889,RESELLER,Not Tracked (Non-Top 3 SSP)
washingtonpost.com,News & Media,33across.com,0010b00002MptHCAAZ,DIRECT,Not Tracked (Non-Top 3 SSP)
washingtonpost.com,News & Media,improvedigital.com,1680,DIRECT,Not Tracked (Non-Top 3 SSP)
washingtonpost.com,News & Media,primis.tech,32606,DIRECT,Not Tracked (Non-Top 3 SSP)
washingtonpost.com,News & Media,pubmatic.com,156595,RESELLER,Not Tracked (Non-Top 3 SSP)
washingtonpost.com,News & Media,google.com,pub-1320774679920841,RESELLER,M.D. PRIMIS TECHNOLOGIES LTD
washingtonpost.com,News & Media,openx.com,540258065,RESELLER,Not Tracked (Non-Top 3 SSP)
washingtonpost.com,News & Media,rubiconproject.com,20130,RESELLER,M.D. PRIMIS TECHNOLOGIES LTD
washingtonpost.com,News & Media,smartadserver.com,3436,RESELLER,Not Tracked (Non-Top 3 SSP)
washingtonpost.com,News & Media,indexexchange.com,191923,RESELLER,Not Tracked (Non-Top 3 SSP)
washingtonpost.com,News & Media,adform.com,2078,RESELLER,Not Tracked (Non-Top 3 SSP)
washingtonpost.com,News & Media,media.net,8CU695QH7,RESELLER,Not Tracked (Non-Top 3 SSP)
washingtonpost.com,News & Media,video.unrulymedia.com,2338962694,RESELLER,Not Tracked (Non-Top 3 SSP)
washingtonpost.com,News & Media,triplelift.com,8210,RESELLER,Not Tracked (Non-Top 3 SSP)
washingtonpost.com,News & Media,sharethrough.com,flUyJowI,RESELLER,Not Tracked (Non-Top 3 SSP)
washingtonpost.com,News & Media,appnexus.com,16007,RESELLER,Not Tracked (Non-Top 3 SSP)
washingtonpost.com,News & Media,yahoo.com,59260,RESELLER,Not Tracked (Non-Top 3 SSP)
washingtonpost.com,News & Media,freestar.com,1819,RESELLER,Not Tracked (Non-Top 3 SSP)
washingtonpost.com,News & Media,rubiconproject.com,16924,RESELLER,Freestar LLC
washingtonpost.com,News & Media,pubmatic.com,156696,RESELLER,Not Tracked (Non-Top 3 SSP)
washingtonpost.com,News & Media,aps.amazon.com,0ab198dd-b265-462a-ae36-74e163ad6159,RESELLER,Not Tracked (Non-Top 3 SSP)
washingtonpost.com,News & Media,video.unrulymedia.com,776418614052335749,RESELLER,Not Tracked (Non-Top 3 SSP)
washingtonpost.com,News & Media,pmc.com,1240739,RESELLER,Not Tracked (Non-Top 3 SSP)
washingtonpost.com,News & Media,rubiconproject.com,10278,RESELLER,"SHEMedia, LLC"
washingtonpost.com,News & Media,freewheel.tv,sg1260960,RESELLER,Not Tracked (Non-Top 3 SSP)
washingtonpost.com,News & Media,freewheel.tv,536419-r-524565,RESELLER,Not Tracked (Non-Top 3 SSP)
washingtonpost.com,News & Media,freewheel.tv,536419-r-523319,RESELLER,Not Tracked (Non-Top 3 SSP)
washingtonpost.com,News & Media,ottadvisors.com,122034096467,RESELLER,Not Tracked (Non-Top 3 SSP)
washingtonpost.com,News & Media,sharethrough.com,3436,RESELLER,Not Tracked (Non-Top 3 SSP)
washingtonpost.com,News & Media,sharethrough.com,jbYv3ec8,RESELLER,Not Tracked (Non-Top 3 SSP)
washingtonpost.com,News & Media,the-ozone-project.com,OZONEWAP0001,DIRECT,Not Tracked (Non-Top 3 SSP)
washingtonpost.com,News & Media,appnexus.com,9979,RESELLER,Not Tracked (Non-Top 3 SSP)
washingtonpost.com,News & Media,openx.com,540731760,RESELLER,Not Tracked (Non-Top 3 SSP)
washingtonpost.com,News & Media,adform.com,2657,RESELLER,Not Tracked (Non-Top 3 SSP)
washingtonpost.com,News & Media,pubmatic.com,160557,RESELLER,Not Tracked (Non-Top 3 SSP)
washingtonpost.com,News & Media,indexexchange.com,206233,RESELLER,Not Tracked (Non-Top 3 SSP)
washingtonpost.com,News & Media,tritondigital.com,248483,DIRECT,Not Tracked (Non-Top 3 SSP)
washingtonpost.com,News & Media,adswizz.com,248483,RESELLER,Not Tracked (Non-Top 3 SSP)
washingtonpost.com,News & Media,appnexus.com,1577,RESELLER,Not Tracked (Non-Top 3 SSP)
washingtonpost.com,News & Media,rubiconproject.com,9755,RESELLER,Enticent LLC
washingtonpost.com,News & Media,smartyads.com,100152,RESELLER,Not Tracked (Non-Top 3 SSP)
washingtonpost.com,News & Media,smartadserver.com,4831,RESELLER,Not Tracked (Non-Top 3 SSP)
washingtonpost.com,News & Media,dianomi.com,3471,DIRECT,Not Tracked (Non-Top 3 SSP)
washingtonpost.com,News & Media,rubiconproject.com,14474,RESELLER,"Dianomi Inc,"
washingtonpost.com,News & Media,themediagrid.com,DXW9CT,RESELLER,Not Tracked (Non-Top 3 SSP)
washingtonpost.com,News & Media,adform.com,2921,RESELLER,Not Tracked (Non-Top 3 SSP)
washingtonpost.com,News & Media,pubmatic.com,162486,RESELLER,Not Tracked (Non-Top 3 SSP)
washingtonpost.com,News & Media,openx.com,558595797,RESELLER,Not Tracked (Non-Top 3 SSP)
washingtonpost.com,News & Media,insticator.com,bd45a367-d5fa-4207-9aec-1acba8ec52eb,DIRECT,Not Tracked (Non-Top 3 SSP)
washingtonpost.com,News & Media,rubiconproject.com,17062,RESELLER,Insiticator Inc
washingtonpost.com,News & Media,themediagrid.com,DQ6AMB,RESELLER,Not Tracked (Non-Top 3 SSP)
washingtonpost.com,News & Media,triplelift.com,6998,RESELLER,Not Tracked (Non-Top 3 SSP)
washingtonpost.com,News & Media,adform.com,2996,RESELLER,Not Tracked (Non-Top 3 SSP)
washingtonpost.com,News & Media,lijit.com,257618,RESELLER,Not Tracked (Non-Top 3 SSP)
washingtonpost.com,News & Media,onlinemediasolutions.com,21075,DIRECT,Not Tracked (Non-Top 3 SSP)
washingtonpost.com,News & Media,onomagic.com,210751,DIRECT,Not Tracked (Non-Top 3 SSP)
washingtonpost.com,News & Media,getmediamx.com,1221075,DIRECT,Not Tracked (Non-Top 3 SSP)
washingtonpost.com,News & Media,openx.com,537153209,RESELLER,Not Tracked (Non-Top 3 SSP)
washingtonpost.com,News & Media,video.unrulymedia.com,6694405583287859332,RESELLER,Not Tracked (Non-Top 3 SSP)
washingtonpost.com,News & Media,lijit.com,374814,RESELLER,Not Tracked (Non-Top 3 SSP)
washingtonpost.com,News & Media,media.net,8CUB46Z7R,RESELLER,Not Tracked (Non-Top 3 SSP)
washingtonpost.com,News & Media,onetag.com,76171f7c27471b2,DIRECT,Not Tracked (Non-Top 3 SSP)
washingtonpost.com,News & Media,appnexus.com,13099,RESELLER,Not Tracked (Non-Top 3 SSP)
washingtonpost.com,News & Media,pubmatic.com,161593,RESELLER,Not Tracked (Non-Top 3 SSP)
washingtonpost.com,News & Media,rubiconproject.com,11006,RESELLER,OneTag S.R.L.
washingtonpost.com,News & Media,smartadserver.com,4111,RESELLER,Not Tracked (Non-Top 3 SSP)
washingtonpost.com,News & Media,video.unrulymedia.com,586616193,RESELLER,Not Tracked (Non-Top 3 SSP)
washingtonpost.com,News & Media,richaudience.com,VcILNSoGBx,DIRECT,Not Tracked (Non-Top 3 SSP)
washingtonpost.com,News & Media,adform.com,1942,RESELLER,Not Tracked (Non-Top 3 SSP)
washingtonpost.com,News & Media,appnexus.com,8233,RESELLER,Not Tracked (Non-Top 3 SSP)
washingtonpost.com,News & Media,conversantmedia.com,100989,RESELLER,Not Tracked (Non-Top 3 SSP)
washingtonpost.com,News & Media,lijit.com,249425,RESELLER,Not Tracked (Non-Top 3 SSP)
washingtonpost.com,News & Media,vidazoo.com,69c1590a5250c15270a0fa7b,DIRECT,Not Tracked (Non-Top 3 SSP)
washingtonpost.com,News & Media,vidazoo.com,69a85647ba8772c0df4a3959,DIRECT,Not Tracked (Non-Top 3 SSP)
washingtonpost.com,News & Media,rubiconproject.com,17130,RESELLER,Vidazoo LTD.
washingtonpost.com,News & Media,openx.com,541017750,RESELLER,Not Tracked (Non-Top 3 SSP)
washingtonpost.com,News & Media,triplelift.com,11883,RESELLER,Not Tracked (Non-Top 3 SSP)
washingtonpost.com,News & Media,pubmatic.com,159988,RESELLER,Not Tracked (Non-Top 3 SSP)
washingtonpost.com,News & Media,sharethrough.com,S2rESyUH,RESELLER,Not Tracked (Non-Top 3 SSP)
washingtonpost.com,News & Media,media.net,8CUN4Y5Y3,RESELLER,Not Tracked (Non-Top 3 SSP)
washingtonpost.com,News & Media,yieldmo.com,3624960084913628105,RESELLER,Not Tracked (Non-Top 3 SSP)
washingtonpost.com,News & Media,undertone.com,3710,DIRECT,Not Tracked (Non-Top 3 SSP)
washingtonpost.com,News & Media,openx.com,537153564,RESELLER,Not Tracked (Non-Top 3 SSP)
washingtonpost.com,News & Media,rubiconproject.com,22412,RESELLER,Intercept Interactive Inc. D.B.A Undertone
washingtonpost.com,News & Media,pubmatic.com,160318,RESELLER,Not Tracked (Non-Top 3 SSP)
washingtonpost.com,News & Media,pubventuresmedia.com,8092295,DIRECT,Not Tracked (Non-Top 3 SSP)
washingtonpost.com,News & Media,risecodes.com,690873a570baf10001b06207,RESELLER,Not Tracked (Non-Top 3 SSP)
washingtonpost.com,News & Media,vidazoo.com,698254399fed1541c0fbedc5,RESELLER,Not Tracked (Non-Top 3 SSP)
washingtonpost.com,News & Media,tappx.com,43799,DIRECT,Not Tracked (Non-Top 3 SSP)
washingtonpost.com,News & Media,pubmatic.com,158111,RESELLER,Not Tracked (Non-Top 3 SSP)
washingtonpost.com,News & Media,triplelift.com,11617,RESELLER,Not Tracked (Non-Top 3 SSP)
washingtonpost.com,News & Media,pubmatic.com,167377,RESELLER,Not Tracked (Non-Top 3 SSP)
washingtonpost.com,News & Media,smartadserver.com,1692,RESELLER,Not Tracked (Non-Top 3 SSP)
usatoday.com,News & Media,aps.amazon.com,3062,DIRECT,Not Tracked (Non-Top 3 SSP)
usatoday.com,News & Media,arkadium.com,ark-0012-00,DIRECT,Not Tracked (Non-Top 3 SSP)
usatoday.com,News & Media,google.com,pub-1995032544933848,RESELLER,"Arkadium, Inc."
usatoday.com,News & Media,blis.com,1244,DIRECT,Not Tracked (Non-Top 3 SSP)
usatoday.com,News & Media,rubiconproject.com,16928,RESELLER,Blis Media Limited
usatoday.com,News & Media,blockthrough.com,5067096939560960,DIRECT,Not Tracked (Non-Top 3 SSP)
usatoday.com,News & Media,indexexchange.com,194341,RESELLER,Not Tracked (Non-Top 3 SSP)
usatoday.com,News & Media,pubmatic.com,160377,RESELLER,Not Tracked (Non-Top 3 SSP)
usatoday.com,News & Media,rubiconproject.com,23718,RESELLER,Blockthrough Inc.
usatoday.com,News & Media,themediagrid.com,7E2DLW,RESELLER,Not Tracked (Non-Top 3 SSP)
usatoday.com,News & Media,criteo.com,B-062125,DIRECT,Unlisted / Unknown ID
usatoday.com,News & Media,themediagrid.com,NQYVLE,DIRECT,Not Tracked (Non-Top 3 SSP)
usatoday.com,News & Media,sharethrough.com,4944,DIRECT,Not Tracked (Non-Top 3 SSP)
usatoday.com,News & Media,sharethrough.com,oGoqRVSG,DIRECT,Not Tracked (Non-Top 3 SSP)
usatoday.com,News & Media,smartadserver.com,4944,DIRECT,Not Tracked (Non-Top 3 SSP)
usatoday.com,News & Media,playbuzz.com,0010J00002BLrTtQAL,DIRECT,Not Tracked (Non-Top 3 SSP)
usatoday.com,News & Media,appnexus.com,12753,RESELLER,Not Tracked (Non-Top 3 SSP)
usatoday.com,News & Media,aps.amazon.com,d0a898e4-a01e-4c35-a6bf-eb83d563b900,RESELLER,Not Tracked (Non-Top 3 SSP)
usatoday.com,News & Media,google.com,pub-9790762811057699,RESELLER,EX.CO Technologies LTD
usatoday.com,News & Media,openx.com,540847574,RESELLER,Not Tracked (Non-Top 3 SSP)
usatoday.com,News & Media,pubmatic.com,158554,RESELLER,Not Tracked (Non-Top 3 SSP)
usatoday.com,News & Media,rubiconproject.com,17136,RESELLER,EX.CO TECHNOLOGIES LTD
usatoday.com,News & Media,sharethrough.com,3039,RESELLER,Not Tracked (Non-Top 3 SSP)
usatoday.com,News & Media,smartadserver.com,3039,RESELLER,Not Tracked (Non-Top 3 SSP)
usatoday.com,News & Media,triplelift.com,12157,RESELLER,Not Tracked (Non-Top 3 SSP)
usatoday.com,News & Media,google.com,pub-3469238942564955,DIRECT,"Gannett Co., Inc. DBA Gannett Media Corp."
usatoday.com,News & Media,google.com,pub-5717092533913515,DIRECT,"Gannett Co., Inc. DBA Gannett Media Corp."
usatoday.com,News & Media,indexexchange.com,184808,DIRECT,Not Tracked (Non-Top 3 SSP)
usatoday.com,News & Media,indexexchange.com,185192,DIRECT,Not Tracked (Non-Top 3 SSP)
usatoday.com,News & Media,indexexchange.com,200872,DIRECT,Not Tracked (Non-Top 3 SSP)
usatoday.com,News & Media,kargo.com,201,DIRECT,Not Tracked (Non-Top 3 SSP)
usatoday.com,News & Media,appnexus.com,8173,RESELLER,Not Tracked (Non-Top 3 SSP)
usatoday.com,News & Media,contextweb.com,562001,RESELLER,Not Tracked (Non-Top 3 SSP)
usatoday.com,News & Media,rubiconproject.com,11864,RESELLER,"Kargo Global, Inc."
usatoday.com,News & Media,video.unrulymedia.com,1858504412,RESELLER,Not Tracked (Non-Top 3 SSP)
usatoday.com,News & Media,liveintent.com,2168,DIRECT,Not Tracked (Non-Top 3 SSP)
usatoday.com,News & Media,liveintent.com,27304,DIRECT,Not Tracked (Non-Top 3 SSP)
usatoday.com,News & Media,rubiconproject.com,11324,DIRECT,"Gannett Co., Inc."
usatoday.com,News & Media,rubiconproject.com,17346,DIRECT,Unlisted / Unknown ID
usatoday.com,News & Media,media.net,8CAPQADOB,DIRECT,Not Tracked (Non-Top 3 SSP)
usatoday.com,News & Media,media.net,8CUDQDX7N,DIRECT,Not Tracked (Non-Top 3 SSP)
usatoday.com,News & Media,media.net,8CUM5GF61,DIRECT,Not Tracked (Non-Top 3 SSP)
usatoday.com,News & Media,appnexus.com,7155,DIRECT,Not Tracked (Non-Top 3 SSP)
usatoday.com,News & Media,minutemedia.com,01j596e8yy75,DIRECT,Not Tracked (Non-Top 3 SSP)
usatoday.com,News & Media,openx.com,540780517,RESELLER,Not Tracked (Non-Top 3 SSP)
usatoday.com,News & Media,pubmatic.com,161683,RESELLER,Not Tracked (Non-Top 3 SSP)
usatoday.com,News & Media,rubiconproject.com,17598,RESELLER,Sportority Inc
usatoday.com,News & Media,triplelift.com,6030,RESELLER,Not Tracked (Non-Top 3 SSP)
usatoday.com,News & Media,nativo.com,5948,DIRECT,Not Tracked (Non-Top 3 SSP)
usatoday.com,News & Media,loopme.com,11656,RESELLER,Not Tracked (Non-Top 3 SSP)
usatoday.com,News & Media,openx.com,540709535,RESELLER,Not Tracked (Non-Top 3 SSP)
usatoday.com,News & Media,pubmatic.com,156500,RESELLER,Not Tracked (Non-Top 3 SSP)
usatoday.com,News & Media,pubnative.net,1009948,RESELLER,Not Tracked (Non-Top 3 SSP)
usatoday.com,News & Media,rubiconproject.com,16156,RESELLER,Nativo Inc
usatoday.com,News & Media,smaato.com,1100057947,RESELLER,Not Tracked (Non-Top 3 SSP)
usatoday.com,News & Media,zetaglobal.net,989,RESELLER,Not Tracked (Non-Top 3 SSP)
usatoday.com,News & Media,gannett.com,1,DIRECT,Not Tracked (Non-Top 3 SSP)
usatoday.com,News & Media,openx.com,537152847,DIRECT,Not Tracked (Non-Top 3 SSP)
usatoday.com,News & Media,openx.com,539323871,DIRECT,Not Tracked (Non-Top 3 SSP)
usatoday.com,News & Media,openx.com,558301286,DIRECT,Not Tracked (Non-Top 3 SSP)
usatoday.com,News & Media,openx.com,566006513,DIRECT,Not Tracked (Non-Top 3 SSP)
usatoday.com,News & Media,pubmatic.com,156719,DIRECT,Not Tracked (Non-Top 3 SSP)
usatoday.com,News & Media,pubmatic.com,157904,DIRECT,Not Tracked (Non-Top 3 SSP)
usatoday.com,News & Media,pubmatic.com,165466,DIRECT,Not Tracked (Non-Top 3 SSP)
usatoday.com,News & Media,seedtag.com,695e60558b220900076469b6,DIRECT,Not Tracked (Non-Top 3 SSP)
usatoday.com,News & Media,beachfront.com,15250,RESELLER,Not Tracked (Non-Top 3 SSP)
usatoday.com,News & Media,pubmatic.com,157743,RESELLER,Not Tracked (Non-Top 3 SSP)
usatoday.com,News & Media,rubiconproject.com,17280,RESELLER,Seedtag Advertising SL
usatoday.com,News & Media,smartadserver.com,3050,RESELLER,Not Tracked (Non-Top 3 SSP)
usatoday.com,News & Media,xandr.com,4009,RESELLER,Not Tracked (Non-Top 3 SSP)
usatoday.com,News & Media,stnvideo.com,STN_0000991,DIRECT,Not Tracked (Non-Top 3 SSP)
usatoday.com,News & Media,appnexus.com,8354,RESELLER,Not Tracked (Non-Top 3 SSP)
usatoday.com,News & Media,aps.amazon.com,6c3f03cd-6fa8-4477-ac05-2c0f4f8da092,RESELLER,Not Tracked (Non-Top 3 SSP)
usatoday.com,News & Media,google.com,pub-6245227841947028,RESELLER,NFL Ventures LLP
usatoday.com,News & Media,google.com,pub-9505823743978337,RESELLER,STN Video ULC
usatoday.com,News & Media,indexexchange.com,187621,RESELLER,Not Tracked (Non-Top 3 SSP)
usatoday.com,News & Media,media.net,8CUEI7476,RESELLER,Not Tracked (Non-Top 3 SSP)
usatoday.com,News & Media,nativo.com,5923,RESELLER,Not Tracked (Non-Top 3 SSP)
usatoday.com,News & Media,onetag.com,8db071771c0f9c7,RESELLER,Not Tracked (Non-Top 3 SSP)
usatoday.com,News & Media,openx.com,539363661,RESELLER,Not Tracked (Non-Top 3 SSP)
usatoday.com,News & Media,pubmatic.com,159710,RESELLER,Not Tracked (Non-Top 3 SSP)
usatoday.com,News & Media,rubiconproject.com,18782,RESELLER,Sendtonews Video Inc.
usatoday.com,News & Media,sharethrough.com,956615a1,RESELLER,Not Tracked (Non-Top 3 SSP)
usatoday.com,News & Media,smartadserver.com,4949,RESELLER,Not Tracked (Non-Top 3 SSP)
usatoday.com,News & Media,ssp.cadent.com,1369,RESELLER,Not Tracked (Non-Top 3 SSP)
usatoday.com,News & Media,themediagrid.com,UT7ASD,RESELLER,Not Tracked (Non-Top 3 SSP)
usatoday.com,News & Media,triplelift.com,11014,RESELLER,Not Tracked (Non-Top 3 SSP)
usatoday.com,News & Media,undertone.com,3590,RESELLER,Not Tracked (Non-Top 3 SSP)
usatoday.com,News & Media,video.unrulymedia.com,3728224204249146186,RESELLER,Not Tracked (Non-Top 3 SSP)
usatoday.com,News & Media,yieldmo.com,3584282742088475163,RESELLER,Not Tracked (Non-Top 3 SSP)
usatoday.com,News & Media,sharethrough.com,08fcf6c8,DIRECT,Not Tracked (Non-Top 3 SSP)
usatoday.com,News & Media,sharethrough.com,5248,DIRECT,Not Tracked (Non-Top 3 SSP)
usatoday.com,News & Media,smartadserver.com,5248,DIRECT,Not Tracked (Non-Top 3 SSP)
usatoday.com,News & Media,smaato.com,1100004890,DIRECT,Not Tracked (Non-Top 3 SSP)
usatoday.com,News & Media,smaato.com,1100033996,DIRECT,Not Tracked (Non-Top 3 SSP)
usatoday.com,News & Media,smaato.com,1100039440,DIRECT,Not Tracked (Non-Top 3 SSP)
usatoday.com,News & Media,smaato.com,1100041070,DIRECT,Not Tracked (Non-Top 3 SSP)
usatoday.com,News & Media,smaato.com,1100056173,DIRECT,Not Tracked (Non-Top 3 SSP)
usatoday.com,News & Media,lijit.com,293450,DIRECT,Not Tracked (Non-Top 3 SSP)
usatoday.com,News & Media,lijit.com,293450-eb,DIRECT,Not Tracked (Non-Top 3 SSP)
usatoday.com,News & Media,sovrn.com,293450,DIRECT,Not Tracked (Non-Top 3 SSP)
usatoday.com,News & Media,taboola.com,1168,DIRECT,Not Tracked (Non-Top 3 SSP)
usatoday.com,News & Media,taboola.com,1468240,DIRECT,Not Tracked (Non-Top 3 SSP)
usatoday.com,News & Media,taboola.com,543,DIRECT,Not Tracked (Non-Top 3 SSP)
usatoday.com,News & Media,beachfront.com,13749,RESELLER,Not Tracked (Non-Top 3 SSP)
usatoday.com,News & Media,freewheel.tv,536174-r-523319,RESELLER,Not Tracked (Non-Top 3 SSP)
usatoday.com,News & Media,freewheel.tv,536174-r-524565,RESELLER,Not Tracked (Non-Top 3 SSP)
usatoday.com,News & Media,google.com,pub-3677668629134422,RESELLER,Taboola.com Ltd.
usatoday.com,News & Media,indexexchange.com,183756,RESELLER,Not Tracked (Non-Top 3 SSP)
usatoday.com,News & Media,inmobi.com,a985e39014a94721a8e97c929d32ef9d,RESELLER,Not Tracked (Non-Top 3 SSP)
usatoday.com,News & Media,media.net,8CU292ZDI,RESELLER,Not Tracked (Non-Top 3 SSP)
usatoday.com,News & Media,openx.com,539154393,RESELLER,Not Tracked (Non-Top 3 SSP)
usatoday.com,News & Media,rubiconproject.com,16698,RESELLER,"Taboola, Inc."
usatoday.com,News & Media,sharethrough.com,RVhuFS44,RESELLER,Not Tracked (Non-Top 3 SSP)
usatoday.com,News & Media,smaato.com,1100047487,RESELLER,Not Tracked (Non-Top 3 SSP)
usatoday.com,News & Media,smartadserver.com,3563,RESELLER,Not Tracked (Non-Top 3 SSP)
usatoday.com,News & Media,themediagrid.com,I2G5ZV,RESELLER,Not Tracked (Non-Top 3 SSP)
usatoday.com,News & Media,video.unrulymedia.com,1166984029,RESELLER,Not Tracked (Non-Top 3 SSP)
usatoday.com,News & Media,teads.tv,7868,DIRECT,Not Tracked (Non-Top 3 SSP)
usatoday.com,News & Media,triplelift.com,11200,DIRECT,Not Tracked (Non-Top 3 SSP)
usatoday.com,News & Media,triplelift.com,2793,DIRECT,Not Tracked (Non-Top 3 SSP)
usatoday.com,News & Media,triplelift.com,2862,DIRECT,Not Tracked (Non-Top 3 SSP)
usatoday.com,News & Media,triplelift.com,4655,DIRECT,Not Tracked (Non-Top 3 SSP)
usatoday.com,News & Media,triplelift.com,4656,DIRECT,Not Tracked (Non-Top 3 SSP)
usatoday.com,News & Media,themediagrid.com,GODNC4,RESELLER,Not Tracked (Non-Top 3 SSP)
usatoday.com,News & Media,tritondigital.com,25023,DIRECT,Not Tracked (Non-Top 3 SSP)
usatoday.com,News & Media,trustx.org,60,DIRECT,Not Tracked (Non-Top 3 SSP)
usatoday.com,News & Media,undertone.com,113,DIRECT,Not Tracked (Non-Top 3 SSP)
usatoday.com,News & Media,openx.com,537153564,RESELLER,Not Tracked (Non-Top 3 SSP)
usatoday.com,News & Media,pubmatic.com,160318,RESELLER,Not Tracked (Non-Top 3 SSP)
usatoday.com,News & Media,rubiconproject.com,22412,RESELLER,Intercept Interactive Inc. D.B.A Undertone
usatoday.com,News & Media,yahoo.com,4941,DIRECT,Not Tracked (Non-Top 3 SSP)
usatoday.com,News & Media,yahoo.com,57893,DIRECT,Not Tracked (Non-Top 3 SSP)
usatoday.com,News & Media,yahoo.com,57896,DIRECT,Not Tracked (Non-Top 3 SSP)
nypost.com,News & Media,google.com,pub-9386487545679073,DIRECT,"NYP Holdings, Inc."
nypost.com,News & Media,aps.amazon.com,3105,DIRECT,Not Tracked (Non-Top 3 SSP)
nypost.com,News & Media,appnexus.com,7236,DIRECT,Not Tracked (Non-Top 3 SSP)
nypost.com,News & Media,rubiconproject.com,11076,DIRECT,NYP Holdings Inc
nypost.com,News & Media,rubiconproject.com,18696,DIRECT,Google
nypost.com,News & Media,rubiconproject.com,21496,DIRECT,NYP Holdings Inc
nypost.com,News & Media,indexexchange.com,185069,DIRECT,Not Tracked (Non-Top 3 SSP)
nypost.com,News & Media,indexexchange.com,185739,DIRECT,Not Tracked (Non-Top 3 SSP)
nypost.com,News & Media,indexexchange.com,199539,DIRECT,Not Tracked (Non-Top 3 SSP)
nypost.com,News & Media,openx.com,539151910,DIRECT,Not Tracked (Non-Top 3 SSP)
nypost.com,News & Media,openx.com,540453613,DIRECT,Not Tracked (Non-Top 3 SSP)
nypost.com,News & Media,openx.com,538984824,DIRECT,Not Tracked (Non-Top 3 SSP)
nypost.com,News & Media,openx.com,561979020,DIRECT,Not Tracked (Non-Top 3 SSP)
nypost.com,News & Media,yahoo.com,57587,DIRECT,Not Tracked (Non-Top 3 SSP)
nypost.com,News & Media,yahoo.com,57590,DIRECT,Not Tracked (Non-Top 3 SSP)
nypost.com,News & Media,yahoo.com,57590,DIRECT,Not Tracked (Non-Top 3 SSP)
nypost.com,News & Media,video.unrulymedia.com,461799624,DIRECT,Not Tracked (Non-Top 3 SSP)
nypost.com,News & Media,kargo.com,137,DIRECT,Not Tracked (Non-Top 3 SSP)
nypost.com,News & Media,liveintent.com,15308,DIRECT,Not Tracked (Non-Top 3 SSP)
nypost.com,News & Media,triplelift.com,2827,DIRECT,Not Tracked (Non-Top 3 SSP)
nypost.com,News & Media,triplelift.com,2827-EB,DIRECT,Not Tracked (Non-Top 3 SSP)
nypost.com,News & Media,outbrain.com,004212d4e187697bc2ce1a454fa06c19d2,DIRECT,Not Tracked (Non-Top 3 SSP)
nypost.com,News & Media,rubiconproject.com,19668,RESELLER,Teads Holding Co.
nypost.com,News & Media,openx.com,540393169,RESELLER,Not Tracked (Non-Top 3 SSP)
nypost.com,News & Media,vi.ai,g-006f86bc495e18a2d8ea55e4a1af070324,DIRECT,Not Tracked (Non-Top 3 SSP)
nypost.com,News & Media,indexexchange.com,190856,RESELLER,Not Tracked (Non-Top 3 SSP)
nypost.com,News & Media,pubmatic.com,158615,RESELLER,Not Tracked (Non-Top 3 SSP)
nypost.com,News & Media,video.unrulymedia.com,367782854,RESELLER,Not Tracked (Non-Top 3 SSP)
nypost.com,News & Media,appnexus.com,7597,RESELLER,Not Tracked (Non-Top 3 SSP)
nypost.com,News & Media,freewheel.tv,1220655,RESELLER,Not Tracked (Non-Top 3 SSP)
nypost.com,News & Media,pubmatic.com,160065,RESELLER,Not Tracked (Non-Top 3 SSP)
nypost.com,News & Media,contextweb.com,562709,RESELLER,Not Tracked (Non-Top 3 SSP)
nypost.com,News & Media,sharethrough.com,c21oBkqP,RESELLER,Not Tracked (Non-Top 3 SSP)
nypost.com,News & Media,google.com,pub-5617098146054077,RESELLER,Unlisted / Unknown ID
nypost.com,News & Media,aps.amazon.com,3965,RESELLER,Not Tracked (Non-Top 3 SSP)
nypost.com,News & Media,smartadserver.com,3820,RESELLER,Not Tracked (Non-Top 3 SSP)
nypost.com,News & Media,wunderkind.co,2045,DIRECT,Not Tracked (Non-Top 3 SSP)
nypost.com,News & Media,indexexchange.com,183753,RESELLER,Not Tracked (Non-Top 3 SSP)
nypost.com,News & Media,pubmatic.com,156512,RESELLER,Not Tracked (Non-Top 3 SSP)
nypost.com,News & Media,rubiconproject.com,20986,RESELLER,Wunderkind Corporation
nypost.com,News & Media,aps.amazon.com,e5a6f2d1-7642-4cc5-a917-96dbe8c3ed8f,RESELLER,Not Tracked (Non-Top 3 SSP)
nypost.com,News & Media,media.net,8CU4O80D9,DIRECT,Not Tracked (Non-Top 3 SSP)
nypost.com,News & Media,media.net,8CU3I8M1G,DIRECT,Not Tracked (Non-Top 3 SSP)
nypost.com,News & Media,media.net,8CU70FSZW,DIRECT,Not Tracked (Non-Top 3 SSP)
nypost.com,News & Media,media.net,8CUP8U6J7,DIRECT,Not Tracked (Non-Top 3 SSP)
nypost.com,News & Media,media.net,8CU83GX6J,DIRECT,Not Tracked (Non-Top 3 SSP)
nypost.com,News & Media,media.net,8CU1BZWTJ,DIRECT,Not Tracked (Non-Top 3 SSP)
nypost.com,News & Media,media.net,8CUHBQ133,DIRECT,Not Tracked (Non-Top 3 SSP)
nypost.com,News & Media,google.com,pub-9172700587175332,DIRECT,News Corp Australia
nypost.com,News & Media,video.unrulymedia.com,69320470,DIRECT,Not Tracked (Non-Top 3 SSP)
nypost.com,News & Media,rhythmone.com,69320470,DIRECT,Not Tracked (Non-Top 3 SSP)
nypost.com,News & Media,rubiconproject.com,17710,DIRECT,Unlisted / Unknown ID
nypost.com,News & Media,indexexchange.com,186313,DIRECT,Not Tracked (Non-Top 3 SSP)
nypost.com,News & Media,pubmatic.com,157182,DIRECT,Not Tracked (Non-Top 3 SSP)
nypost.com,News & Media,openx.com,539616087,DIRECT,Not Tracked (Non-Top 3 SSP)
nypost.com,News & Media,gumgum.com,14072,DIRECT,Not Tracked (Non-Top 3 SSP)
nypost.com,News & Media,rubiconproject.com,23434,RESELLER,"GumGum, Inc."
nypost.com,News & Media,pubmatic.com,157897,RESELLER,Not Tracked (Non-Top 3 SSP)
nypost.com,News & Media,gumgum.com,15675,RESELLER,Not Tracked (Non-Top 3 SSP)
nypost.com,News & Media,criteo.com,B-065042,DIRECT,Unlisted / Unknown ID
nypost.com,News & Media,themediagrid.com,4U7MRS,DIRECT,Not Tracked (Non-Top 3 SSP)
nypost.com,News & Media,connatix.com,100771,DIRECT,Not Tracked (Non-Top 3 SSP)
nypost.com,News & Media,google.com,pub-1929615694373103,RESELLER,Connatix Native Exchange Inc
nypost.com,News & Media,pubmatic.com,156592,RESELLER,Not Tracked (Non-Top 3 SSP)
nypost.com,News & Media,rubiconproject.com,19564,RESELLER,Connatix Native Exchange Inc
nypost.com,News & Media,indexexchange.com,190549,RESELLER,Not Tracked (Non-Top 3 SSP)
nypost.com,News & Media,openx.com,539496816,RESELLER,Not Tracked (Non-Top 3 SSP)
nypost.com,News & Media,triplelift.com,12200,RESELLER,Not Tracked (Non-Top 3 SSP)
nypost.com,News & Media,media.net,8CUP5F2LD,RESELLER,Not Tracked (Non-Top 3 SSP)
nypost.com,News & Media,video.unrulymedia.com,687806135,RESELLER,Not Tracked (Non-Top 3 SSP)
nypost.com,News & Media,ottadvisors.com,23208720669,RESELLER,Not Tracked (Non-Top 3 SSP)
nypost.com,News & Media,smaato.com,1100055555,RESELLER,Not Tracked (Non-Top 3 SSP)
nypost.com,News & Media,smartadserver.com,3630,RESELLER,Not Tracked (Non-Top 3 SSP)
nypost.com,News & Media,gumgum.com,12991,RESELLER,Not Tracked (Non-Top 3 SSP)
nypost.com,News & Media,inmobi.com,64d831e7ed4840ac8ea2283745f07d75,RESELLER,Not Tracked (Non-Top 3 SSP)
nypost.com,News & Media,spotim.market,sp_Sx8YukwE,DIRECT,Not Tracked (Non-Top 3 SSP)
nypost.com,News & Media,adyoulike.com,5a4adb10321f9fa4e5a2d60f74dc428d,DIRECT,Not Tracked (Non-Top 3 SSP)
nypost.com,News & Media,google.com,pub-5616046187545019,RESELLER,OpenWeb LTD
nypost.com,News & Media,aps.amazon.com,9eaf46de-e1bd-41c9-8a11-f5862f62cd8e,RESELLER,Not Tracked (Non-Top 3 SSP)
nypost.com,News & Media,openx.com,539466082,RESELLER,Not Tracked (Non-Top 3 SSP)
nypost.com,News & Media,video.unrulymedia.com,449400134,RESELLER,Not Tracked (Non-Top 3 SSP)
nypost.com,News & Media,rubiconproject.com,17184,RESELLER,"SPOT.IM, Inc."
nypost.com,News & Media,appnexus.com,6933,RESELLER,Not Tracked (Non-Top 3 SSP)
nypost.com,News & Media,pubmatic.com,156813,RESELLER,Not Tracked (Non-Top 3 SSP)
nypost.com,News & Media,pubmatic.com,156758,RESELLER,Not Tracked (Non-Top 3 SSP)
nypost.com,News & Media,freewheel.tv,848385,RESELLER,Not Tracked (Non-Top 3 SSP)
nypost.com,News & Media,freewheel.tv,848401,RESELLER,Not Tracked (Non-Top 3 SSP)
nypost.com,News & Media,indexexchange.com,189529,RESELLER,Not Tracked (Non-Top 3 SSP)
nypost.com,News & Media,indexexchange.com,190532,RESELLER,Not Tracked (Non-Top 3 SSP)
nypost.com,News & Media,lijit.com,250745,RESELLER,Not Tracked (Non-Top 3 SSP)
nypost.com,News & Media,triplelift.com,10504,RESELLER,Not Tracked (Non-Top 3 SSP)
nypost.com,News & Media,themediagrid.com,PA8RET,RESELLER,Not Tracked (Non-Top 3 SSP)
nypost.com,News & Media,sharethrough.com,FXFDQVgk,RESELLER,Not Tracked (Non-Top 3 SSP)
nypost.com,News & Media,sharethrough.com,UN5mGpO8,RESELLER,Not Tracked (Non-Top 3 SSP)
nypost.com,News & Media,smartadserver.com,4242,RESELLER,Not Tracked (Non-Top 3 SSP)
nypost.com,News & Media,yieldmo.com,3482865003332051270,RESELLER,Not Tracked (Non-Top 3 SSP)
nypost.com,News & Media,copper6.com,748230,RESELLER,Not Tracked (Non-Top 3 SSP)
nypost.com,News & Media,aps.amazon.com,ec4e8edf-c46b-44a1-bcab-17b3a4420b9a,RESELLER,Not Tracked (Non-Top 3 SSP)
nypost.com,News & Media,rubiconproject.com,26360,RESELLER,Copper6 Ltd
nypost.com,News & Media,​​nativo.com,5740,RESELLER,Not Tracked (Non-Top 3 SSP)
nypost.com,News & Media,pubmatic.com,162205,DIRECT,Not Tracked (Non-Top 3 SSP)
nypost.com,News & Media,pubmatic.com,162204,DIRECT,Not Tracked (Non-Top 3 SSP)
nypost.com,News & Media,pubmatic.com,163228,DIRECT,Not Tracked (Non-Top 3 SSP)
nypost.com,News & Media,nypost.com,1,DIRECT,Not Tracked (Non-Top 3 SSP)
nypost.com,News & Media,ogury.com,0fc509cc-0e23-479b-95aa-98ac2d9dbab6,DIRECT,Not Tracked (Non-Top 3 SSP)
nypost.com,News & Media,appnexus.com,11470,RESELLER,Not Tracked (Non-Top 3 SSP)
nypost.com,News & Media,pubmatic.com,163238,RESELLER,Not Tracked (Non-Top 3 SSP)
nypost.com,News & Media,smartadserver.com,4537,RESELLER,Not Tracked (Non-Top 3 SSP)
nypost.com,News & Media,rubiconproject.com,25198,RESELLER,OGURY Ltd
nypost.com,News & Media,stnvideo.com,STN_0001708,DIRECT,Not Tracked (Non-Top 3 SSP)
nypost.com,News & Media,google.com,pub-9505823743978337,RESELLER,STN Video ULC
nypost.com,News & Media,aps.amazon.com,6c3f03cd-6fa8-4477-ac05-2c0f4f8da092,RESELLER,Not Tracked (Non-Top 3 SSP)
nypost.com,News & Media,indexexchange.com,187621,RESELLER,Not Tracked (Non-Top 3 SSP)
nypost.com,News & Media,pubmatic.com,159710,RESELLER,Not Tracked (Non-Top 3 SSP)
nypost.com,News & Media,rubiconproject.com,18782,RESELLER,Sendtonews Video Inc.
nypost.com,News & Media,triplelift.com,11014,RESELLER,Not Tracked (Non-Top 3 SSP)
nypost.com,News & Media,video.unrulymedia.com,3728224204249146186,RESELLER,Not Tracked (Non-Top 3 SSP)
nypost.com,News & Media,smartadserver.com,4949,RESELLER,Not Tracked (Non-Top 3 SSP)
nypost.com,News & Media,openx.com,539363661,RESELLER,Not Tracked (Non-Top 3 SSP)
nypost.com,News & Media,yahoo.com,100043,RESELLER,Not Tracked (Non-Top 3 SSP)
nypost.com,News & Media,yieldmo.com,3584282742088475163,RESELLER,Not Tracked (Non-Top 3 SSP)
nypost.com,News & Media,google.com,pub-6245227841947028,RESELLER,NFL Ventures LLP
nypost.com,News & Media,nativo.com,5923,RESELLER,Not Tracked (Non-Top 3 SSP)
nypost.com,News & Media,media.net,8CUEI7476,RESELLER,Not Tracked (Non-Top 3 SSP)
nypost.com,News & Media,google.com,pub-8933329999391104,RESELLER,Adpushup Inc.
nypost.com,News & Media,google.com,pub-4298468747313319,RESELLER,GENIEE ADTECH - FZCO
nypost.com,News & Media,indexexchange.com,189372,RESELLER,Not Tracked (Non-Top 3 SSP)
nypost.com,News & Media,indexexchange.com,189450,RESELLER,Not Tracked (Non-Top 3 SSP)
nypost.com,News & Media,rubiconproject.com,20616,RESELLER,ADPUSHUP INC.
nypost.com,News & Media,rubiconproject.com,20618,RESELLER,Google
nypost.com,News & Media,pubmatic.com,158260,RESELLER,Not Tracked (Non-Top 3 SSP)
nypost.com,News & Media,lijit.com,265720,RESELLER,Not Tracked (Non-Top 3 SSP)
nypost.com,News & Media,lijit.com,265720-eb,RESELLER,Not Tracked (Non-Top 3 SSP)
nypost.com,News & Media,nobid.io,21929081050,RESELLER,Not Tracked (Non-Top 3 SSP)
nypost.com,News & Media,appnexus.com,11901,RESELLER,Not Tracked (Non-Top 3 SSP)
nypost.com,News & Media,amxrtb.com,105199380,RESELLER,Not Tracked (Non-Top 3 SSP)
nypost.com,News & Media,amxrtb.com,105199584,RESELLER,Not Tracked (Non-Top 3 SSP)
nypost.com,News & Media,onetag.com,62ff8a580aaea32,RESELLER,Not Tracked (Non-Top 3 SSP)
nypost.com,News & Media,themediagrid.com,EYHMU2,RESELLER,Not Tracked (Non-Top 3 SSP)
nypost.com,News & Media,minutemedia.com,014kg57sa8wtps15d,DIRECT,Not Tracked (Non-Top 3 SSP)
nypost.com,News & Media,rubiconproject.com,17598,RESELLER,Sportority Inc
nypost.com,News & Media,pubmatic.com,161683,RESELLER,Not Tracked (Non-Top 3 SSP)
nypost.com,News & Media,triplelift.com,6030,RESELLER,Not Tracked (Non-Top 3 SSP)
nypost.com,News & Media,media.net,8CUWNDO6S,RESELLER,Not Tracked (Non-Top 3 SSP)
nypost.com,News & Media,video.unrulymedia.com,699546687,RESELLER,Not Tracked (Non-Top 3 SSP)
nypost.com,News & Media,undertone.com,44,DIRECT,Not Tracked (Non-Top 3 SSP)
nypost.com,News & Media,openx.com,537153564,RESELLER,Not Tracked (Non-Top 3 SSP)
nypost.com,News & Media,rubiconproject.com,22412,RESELLER,Intercept Interactive Inc. D.B.A Undertone
nypost.com,News & Media,pubmatic.com,160318,RESELLER,Not Tracked (Non-Top 3 SSP)
nypost.com,News & Media,seedtag.com,6750a319c059df0006c36049,DIRECT,Not Tracked (Non-Top 3 SSP)
nypost.com,News & Media,xandr.com,4009,RESELLER,Not Tracked (Non-Top 3 SSP)
nypost.com,News & Media,beachfront.com,15250,RESELLER,Not Tracked (Non-Top 3 SSP)
nypost.com,News & Media,smartadserver.com,3050,RESELLER,Not Tracked (Non-Top 3 SSP)
nypost.com,News & Media,rubiconproject.com,17280,RESELLER,Seedtag Advertising SL
nypost.com,News & Media,pubmatic.com,157743,RESELLER,Not Tracked (Non-Top 3 SSP)
nypost.com,News & Media,the-ozone-project.com,OZONENYP0001,DIRECT,Not Tracked (Non-Top 3 SSP)
nypost.com,News & Media,appnexus.com,9979,RESELLER,Not Tracked (Non-Top 3 SSP)
nypost.com,News & Media,openx.com,540731760,RESELLER,Not Tracked (Non-Top 3 SSP)
nypost.com,News & Media,adform.com,2657,RESELLER,Not Tracked (Non-Top 3 SSP)
nypost.com,News & Media,pubmatic.com,160557,RESELLER,Not Tracked (Non-Top 3 SSP)
nypost.com,News & Media,indexexchange.com,206233,RESELLER,Not Tracked (Non-Top 3 SSP)
nypost.com,News & Media,teads.tv,30430,DIRECT,Not Tracked (Non-Top 3 SSP)
nypost.com,News & Media,yieldmo.com,3925677530836574852,DIRECT,Not Tracked (Non-Top 3 SSP)
forbes.com,Finance & Business,aps.amazon.com,3038,DIRECT,Not Tracked (Non-Top 3 SSP)
forbes.com,Finance & Business,appnexus.com,1908,RESELLER,Not Tracked (Non-Top 3 SSP)
forbes.com,Finance & Business,appnexus.com,7460,DIRECT,Not Tracked (Non-Top 3 SSP)
forbes.com,Finance & Business,appnexus.com,9733,RESELLER,Not Tracked (Non-Top 3 SSP)
forbes.com,Finance & Business,connatix.com,679698455578581,DIRECT,Not Tracked (Non-Top 3 SSP)
forbes.com,Finance & Business,criteo.com,159839,DIRECT,Unlisted / Unknown ID
forbes.com,Finance & Business,freewheel.tv,1064705,RESELLER,Not Tracked (Non-Top 3 SSP)
forbes.com,Finance & Business,google.com,pub-1282971413276097,DIRECT,Forbes Marketplace
forbes.com,Finance & Business,google.com,pub-4111763448220873,DIRECT,Forbes Media LLC
forbes.com,Finance & Business,google.com,pub-5683427718992637,DIRECT,Unlisted / Unknown ID
forbes.com,Finance & Business,google.com,pub-7439041255533808,RESELLER,Media.Net Advertising FZ-LLC
forbes.com,Finance & Business,google.com,pub-3309952587256974,DIRECT,Trinity Audio
forbes.com,Finance & Business,google.com,pub-3746578658400510,RESELLER,The Globe and Mail
forbes.com,Finance & Business,google.com,pub-6881448790051132,DIRECT,Unlisted / Unknown ID
forbes.com,Finance & Business,indexexchange.com,184451,DIRECT,Not Tracked (Non-Top 3 SSP)
forbes.com,Finance & Business,indexexchange.com,192534,DIRECT,Not Tracked (Non-Top 3 SSP)
forbes.com,Finance & Business,indexexchange.com,193944,DIRECT,Not Tracked (Non-Top 3 SSP)
forbes.com,Finance & Business,indexexchange.com,190549,RESELLER,Not Tracked (Non-Top 3 SSP)
forbes.com,Finance & Business,media.net,8CU2T3HV4,DIRECT,Not Tracked (Non-Top 3 SSP)
forbes.com,Finance & Business,openx.com,537144445,DIRECT,Not Tracked (Non-Top 3 SSP)
forbes.com,Finance & Business,openx.com,538904911,DIRECT,Not Tracked (Non-Top 3 SSP)
forbes.com,Finance & Business,openx.com,539496816,RESELLER,Not Tracked (Non-Top 3 SSP)
forbes.com,Finance & Business,openx.com,561946494,DIRECT,Not Tracked (Non-Top 3 SSP)
forbes.com,Finance & Business,nativo.com,5637,RESELLER,Not Tracked (Non-Top 3 SSP)
forbes.com,Finance & Business,pubmatic.com,156371,DIRECT,Not Tracked (Non-Top 3 SSP)
forbes.com,Finance & Business,pubmatic.com,157018,DIRECT,Not Tracked (Non-Top 3 SSP)
forbes.com,Finance & Business,pubmatic.com,159463,RESELLER,Not Tracked (Non-Top 3 SSP)
forbes.com,Finance & Business,pubmatic.com,159768,DIRECT,Not Tracked (Non-Top 3 SSP)
forbes.com,Finance & Business,pubmatic.com,156592,RESELLER,Not Tracked (Non-Top 3 SSP)
forbes.com,Finance & Business,pubmatic.com,157743,DIRECT,Not Tracked (Non-Top 3 SSP)
forbes.com,Finance & Business,pubmatic.com,167626,RESELLER,Not Tracked (Non-Top 3 SSP)
forbes.com,Finance & Business,pubmatic.com,167624,RESELLER,Not Tracked (Non-Top 3 SSP)
forbes.com,Finance & Business,rhythmone.com,3611299104,RESELLER,Not Tracked (Non-Top 3 SSP)
forbes.com,Finance & Business,rhythmone.com,823219057,DIRECT,Not Tracked (Non-Top 3 SSP)
forbes.com,Finance & Business,rubiconproject.com,12924,DIRECT,Forbes Media LLC
forbes.com,Finance & Business,rubiconproject.com,17380,DIRECT,Google
forbes.com,Finance & Business,rubiconproject.com,22636,DIRECT,Google
forbes.com,Finance & Business,rubiconproject.com,19564,RESELLER,Connatix Native Exchange Inc
forbes.com,Finance & Business,rubiconproject.com,17280,DIRECT,Seedtag Advertising SL
forbes.com,Finance & Business,seedtag.com,69cae2232e0324000772d8c8,DIRECT,Not Tracked (Non-Top 3 SSP)
forbes.com,Finance & Business,sharethrough.com,09f5f149,RESELLER,Not Tracked (Non-Top 3 SSP)
forbes.com,Finance & Business,sharethrough.com,5765,DIRECT,Not Tracked (Non-Top 3 SSP)
forbes.com,Finance & Business,sharethrough.com,5765-OB,RESELLER,Not Tracked (Non-Top 3 SSP)
forbes.com,Finance & Business,smartadserver.com,5765,DIRECT,Not Tracked (Non-Top 3 SSP)
forbes.com,Finance & Business,smartadserver.com,5765-OB,RESELLER,Not Tracked (Non-Top 3 SSP)
forbes.com,Finance & Business,spotxchange.com,136839,RESELLER,Not Tracked (Non-Top 3 SSP)
forbes.com,Finance & Business,spotx.tv,136839,RESELLER,Not Tracked (Non-Top 3 SSP)
forbes.com,Finance & Business,teads.tv,1040,DIRECT,Not Tracked (Non-Top 3 SSP)
forbes.com,Finance & Business,telaria.com,cd009,RESELLER,Not Tracked (Non-Top 3 SSP)
forbes.com,Finance & Business,theglobeandmail.com,pub-4111763448220873,DIRECT,Not Tracked (Non-Top 3 SSP)
forbes.com,Finance & Business,tremorhub.com,cd009,RESELLER,Not Tracked (Non-Top 3 SSP)
forbes.com,Finance & Business,video.unrulymedia.com,687806135,RESELLER,Not Tracked (Non-Top 3 SSP)
forbes.com,Finance & Business,video.unrulymedia.com,823219057,DIRECT,Not Tracked (Non-Top 3 SSP)
forbes.com,Finance & Business,yahoo.com,54798,DIRECT,Not Tracked (Non-Top 3 SSP)
forbes.com,Finance & Business,yahoo.com,56236,DIRECT,Not Tracked (Non-Top 3 SSP)
forbes.com,Finance & Business,triplelift.com,4,DIRECT,Not Tracked (Non-Top 3 SSP)
forbes.com,Finance & Business,video.unrulymedia.com,9094753792520820419,DIRECT,Not Tracked (Non-Top 3 SSP)
forbes.com,Finance & Business,criteo.com,B-062122,DIRECT,Unlisted / Unknown ID
forbes.com,Finance & Business,themediagrid.com,24A6UD,DIRECT,Not Tracked (Non-Top 3 SSP)
forbes.com,Finance & Business,dianomi.com,1324,DIRECT,Not Tracked (Non-Top 3 SSP)
forbes.com,Finance & Business,dianomi.com,2410,DIRECT,Not Tracked (Non-Top 3 SSP)
forbes.com,Finance & Business,rubiconproject.com,14474,DIRECT,"Dianomi Inc,"
forbes.com,Finance & Business,themediagrid.com,DXW9CT,DIRECT,Not Tracked (Non-Top 3 SSP)
forbes.com,Finance & Business,adform.com,2921,DIRECT,Not Tracked (Non-Top 3 SSP)
forbes.com,Finance & Business,pubmatic.com,162486,DIRECT,Not Tracked (Non-Top 3 SSP)
forbes.com,Finance & Business,freewheel.tv,1585055,DIRECT,Not Tracked (Non-Top 3 SSP)
forbes.com,Finance & Business,freewheel.tv,1585058,DIRECT,Not Tracked (Non-Top 3 SSP)
forbes.com,Finance & Business,openx.com,556532676,DIRECT,Not Tracked (Non-Top 3 SSP)
forbes.com,Finance & Business,pubmatic.com,163041,DIRECT,Not Tracked (Non-Top 3 SSP)
forbes.com,Finance & Business,media.net,8CUON21S2,DIRECT,Not Tracked (Non-Top 3 SSP)
forbes.com,Finance & Business,indexexchange.com,206588,DIRECT,Not Tracked (Non-Top 3 SSP)
forbes.com,Finance & Business,sharethrough.com,53sqO7oy,DIRECT,Not Tracked (Non-Top 3 SSP)
forbes.com,Finance & Business,openx.com,559929560,DIRECT,Not Tracked (Non-Top 3 SSP)
forbes.com,Finance & Business,kargo.com,8839,DIRECT,Not Tracked (Non-Top 3 SSP)
forbes.com,Finance & Business,openx.com,561038210,DIRECT,Not Tracked (Non-Top 3 SSP)
forbes.com,Finance & Business,appnexus.com,1285,RESELLER,Not Tracked (Non-Top 3 SSP)
forbes.com,Finance & Business,indexexchange.com,181495,RESELLER,Not Tracked (Non-Top 3 SSP)
forbes.com,Finance & Business,rubiconproject.com,24730,RESELLER,The Globe and Mail Inc.
forbes.com,Finance & Business,nativo.com,5956,DIRECT,Not Tracked (Non-Top 3 SSP)
forbes.com,Finance & Business,forbes.com,1,DIRECT,Not Tracked (Non-Top 3 SSP)
forbes.com,Finance & Business,trustedstack.com,TS9V5HI46,RESELLER,Not Tracked (Non-Top 3 SSP)
forbes.com,Finance & Business,rubiconproject.com,26144,RESELLER,"TStack, Inc"
forbes.com,Finance & Business,pubmatic.com,164187,RESELLER,Not Tracked (Non-Top 3 SSP)
forbes.com,Finance & Business,openx.com,559911747,RESELLER,Not Tracked (Non-Top 3 SSP)
forbes.com,Finance & Business,video.unrulymedia.com,799061815,RESELLER,Not Tracked (Non-Top 3 SSP)
forbes.com,Finance & Business,google.com,pub-8279817424936971,DIRECT,Advertising.Tech FZ-LLC
forbes.com,Finance & Business,yieldmo.com,3920026334637531468,DIRECT,Not Tracked (Non-Top 3 SSP)
forbes.com,Finance & Business,xandr.com,4009,DIRECT,Not Tracked (Non-Top 3 SSP)
bloomberg.com,Finance & Business,appnexus.com,8355,DIRECT,Not Tracked (Non-Top 3 SSP)
bloomberg.com,Finance & Business,appnexus.com,3364,RESELLER,Not Tracked (Non-Top 3 SSP)
bloomberg.com,Finance & Business,aps.amazon.com,3724,DIRECT,Not Tracked (Non-Top 3 SSP)
bloomberg.com,Finance & Business,aps.amazon.com,3724,DIRECT,Not Tracked (Non-Top 3 SSP)
bloomberg.com,Finance & Business,aps.amazon.com,3724,DIRECT,Not Tracked (Non-Top 3 SSP)
bloomberg.com,Finance & Business,google.com,pub-8615378344367221,DIRECT,"Bloomberg, L.P."
bloomberg.com,Finance & Business,google.com,pub-1979187633561026,DIRECT,"Bloomberg, L.P."
bloomberg.com,Finance & Business,google.com,pub-4374325730921577,DIRECT,Unlisted / Unknown ID
bloomberg.com,Finance & Business,freewheel.tv,533599,DIRECT,Not Tracked (Non-Top 3 SSP)
bloomberg.com,Finance & Business,freewheel.tv,533599-523319,DIRECT,Not Tracked (Non-Top 3 SSP)
bloomberg.com,Finance & Business,freewheel.tv,533599-524565,DIRECT,Not Tracked (Non-Top 3 SSP)
bloomberg.com,Finance & Business,freewheel.tv,533599-539372,DIRECT,Not Tracked (Non-Top 3 SSP)
bloomberg.com,Finance & Business,freewheel.tv,533599-512029,DIRECT,Not Tracked (Non-Top 3 SSP)
bloomberg.com,Finance & Business,freewheel.tv,539372,RESELLER,Not Tracked (Non-Top 3 SSP)
bloomberg.com,Finance & Business,freewheel.tv,531516,DIRECT,Not Tracked (Non-Top 3 SSP)
bloomberg.com,Finance & Business,freewheel.tv,531516,RESELLER,Not Tracked (Non-Top 3 SSP)
bloomberg.com,Finance & Business,indexexchange.com,184795,DIRECT,Not Tracked (Non-Top 3 SSP)
bloomberg.com,Finance & Business,indexexchange.com,187487,DIRECT,Not Tracked (Non-Top 3 SSP)
bloomberg.com,Finance & Business,indexexchange.com,183756,RESELLER,Not Tracked (Non-Top 3 SSP)
bloomberg.com,Finance & Business,rubiconproject.com,12728,DIRECT,Bloomberg L.P.
bloomberg.com,Finance & Business,rubiconproject.com,16698,RESELLER,"Taboola, Inc."
bloomberg.com,Finance & Business,rubiconproject.com,21418,DIRECT,Google
bloomberg.com,Finance & Business,spotx.tv,71451,RESELLER,Not Tracked (Non-Top 3 SSP)
bloomberg.com,Finance & Business,spotx.tv,233403,DIRECT,Not Tracked (Non-Top 3 SSP)
bloomberg.com,Finance & Business,spotxchange.com,233403,DIRECT,Not Tracked (Non-Top 3 SSP)
bloomberg.com,Finance & Business,spotxchange.com,71451,RESELLER,Not Tracked (Non-Top 3 SSP)
bloomberg.com,Finance & Business,pubmatic.com,156307,RESELLER,Not Tracked (Non-Top 3 SSP)
bloomberg.com,Finance & Business,contextweb.com,560382,RESELLER,Not Tracked (Non-Top 3 SSP)
bloomberg.com,Finance & Business,freewheel.tv,799841,RESELLER,Not Tracked (Non-Top 3 SSP)
bloomberg.com,Finance & Business,freewheel.tv,799921,RESELLER,Not Tracked (Non-Top 3 SSP)
bloomberg.com,Finance & Business,aol.com,53392,RESELLER,Not Tracked (Non-Top 3 SSP)
bloomberg.com,Finance & Business,rhythmone.com,1166984029,RESELLER,Not Tracked (Non-Top 3 SSP)
bloomberg.com,Finance & Business,advertising.com,28458,RESELLER,Not Tracked (Non-Top 3 SSP)
bloomberg.com,Finance & Business,admanmedia.com,556,RESELLER,Not Tracked (Non-Top 3 SSP)
bloomberg.com,Finance & Business,improvedigital.com,1577,RESELLER,Not Tracked (Non-Top 3 SSP)
bloomberg.com,Finance & Business,video.unrulymedia.com,1166984029,RESELLER,Not Tracked (Non-Top 3 SSP)
bloomberg.com,Finance & Business,synacor.com,82376,RESELLER,Not Tracked (Non-Top 3 SSP)
bloomberg.com,Finance & Business,sonobi.com,9a1db44c9c,RESELLER,Not Tracked (Non-Top 3 SSP)
bloomberg.com,Finance & Business,telaria.com,ctmc5-qsxn1,DIRECT,Not Tracked (Non-Top 3 SSP)
bloomberg.com,Finance & Business,tremorhub.com,doqk7,DIRECT,Not Tracked (Non-Top 3 SSP)
bloomberg.com,Finance & Business,tremorhub.com,ctmc5-qsxn1,DIRECT,Not Tracked (Non-Top 3 SSP)
bloomberg.com,Finance & Business,tremorhub.com,z87wm,RESELLER,Not Tracked (Non-Top 3 SSP)
bloomberg.com,Finance & Business,triplelift.com,1066,DIRECT,Not Tracked (Non-Top 3 SSP)
bloomberg.com,Finance & Business,triplelift.com,1066-EB,DIRECT,Not Tracked (Non-Top 3 SSP)
bloomberg.com,Finance & Business,openx.com,541135108,RESELLER,Not Tracked (Non-Top 3 SSP)
bloomberg.com,Finance & Business,pubmatic.com,154037,RESELLER,Not Tracked (Non-Top 3 SSP)
bloomberg.com,Finance & Business,pubmatic.com,156439,RESELLER,Not Tracked (Non-Top 3 SSP)
bloomberg.com,Finance & Business,pubmatic.com,159277,RESELLER,Not Tracked (Non-Top 3 SSP)
bloomberg.com,Finance & Business,pubmatic.com,160455,RESELLER,Not Tracked (Non-Top 3 SSP)
bloomberg.com,Finance & Business,pubmatic.com,161150,RESELLER,Not Tracked (Non-Top 3 SSP)
bloomberg.com,Finance & Business,pubmatic.com,161212,RESELLER,Not Tracked (Non-Top 3 SSP)
bloomberg.com,Finance & Business,pubmatic.com,161508,RESELLER,Not Tracked (Non-Top 3 SSP)
bloomberg.com,Finance & Business,pubmatic.com,161757,RESELLER,Not Tracked (Non-Top 3 SSP)
bloomberg.com,Finance & Business,pubmatic.com,162263,DIRECT,Not Tracked (Non-Top 3 SSP)
bloomberg.com,Finance & Business,pubmatic.com,167829,DIRECT,Not Tracked (Non-Top 3 SSP)
bloomberg.com,Finance & Business,tritondigital.com,7943,DIRECT,Not Tracked (Non-Top 3 SSP)
bloomberg.com,Finance & Business,rubiconproject.com,9755,RESELLER,Enticent LLC
bloomberg.com,Finance & Business,adswizz.com,7943,RESELLER,Not Tracked (Non-Top 3 SSP)
bloomberg.com,Finance & Business,appnexus.com,1577,RESELLER,Not Tracked (Non-Top 3 SSP)
bloomberg.com,Finance & Business,thisisdax.com,5363,RESELLER,Not Tracked (Non-Top 3 SSP)
bloomberg.com,Finance & Business,liveintent.com,66699,DIRECT,Not Tracked (Non-Top 3 SSP)
bloomberg.com,Finance & Business,yahoo.com,59189,RESELLER,Not Tracked (Non-Top 3 SSP)
bloomberg.com,Finance & Business,yahoo.com,59616,DIRECT,Not Tracked (Non-Top 3 SSP)
bloomberg.com,Finance & Business,yahoo.com,59617,DIRECT,Not Tracked (Non-Top 3 SSP)
bloomberg.com,Finance & Business,applovin.com,51878,DIRECT,Not Tracked (Non-Top 3 SSP)
bloomberg.com,Finance & Business,applovin.com,2713cc543ecb0969b83e3fdbf9ff011f,DIRECT,Not Tracked (Non-Top 3 SSP)
bloomberg.com,Finance & Business,bloomberg.com,1203,DIRECT,Not Tracked (Non-Top 3 SSP)
bloomberg.com,Finance & Business,orka.tv,32358636,DIRECT,Not Tracked (Non-Top 3 SSP)
bloomberg.com,Finance & Business,sharethrough.com,2oekN8rh,DIRECT,Not Tracked (Non-Top 3 SSP)
bloomberg.com,Finance & Business,smartadserver.com,5326,DIRECT,Not Tracked (Non-Top 3 SSP)
bloomberg.com,Finance & Business,sharethrough.com,5326,DIRECT,Not Tracked (Non-Top 3 SSP)
bloomberg.com,Finance & Business,telaria.com,oyz9g-ocspl,RESELLER,Not Tracked (Non-Top 3 SSP)
bloomberg.com,Finance & Business,appnexus.com,13779,RESELLER,Not Tracked (Non-Top 3 SSP)
bloomberg.com,Finance & Business,yahoo.com,59120,RESELLER,Not Tracked (Non-Top 3 SSP)
bloomberg.com,Finance & Business,freewheel.tv,1119233,RESELLER,Not Tracked (Non-Top 3 SSP)
bloomberg.com,Finance & Business,pubmatic.com,162263,RESELLER,Not Tracked (Non-Top 3 SSP)
bloomberg.com,Finance & Business,indexexchange.com,205322,RESELLER,Not Tracked (Non-Top 3 SSP)
bloomberg.com,Finance & Business,video.unrulymedia.com,1770453816,RESELLER,Not Tracked (Non-Top 3 SSP)
bloomberg.com,Finance & Business,vizio.com,346010,RESELLER,Not Tracked (Non-Top 3 SSP)
bloomberg.com,Finance & Business,groupm.com,369,RESELLER,Not Tracked (Non-Top 3 SSP)
bloomberg.com,Finance & Business,indexexchange.com,194472,DIRECT,Not Tracked (Non-Top 3 SSP)
bloomberg.com,Finance & Business,iappnexus.com,13437,RESELLER,Not Tracked (Non-Top 3 SSP)
bloomberg.com,Finance & Business,freewheel.tv,1598940,RESELLER,Not Tracked (Non-Top 3 SSP)
bloomberg.com,Finance & Business,lgads.tv,475902,RESELLER,Not Tracked (Non-Top 3 SSP)
bloomberg.com,Finance & Business,pubmatic.com,161428,RESELLER,Not Tracked (Non-Top 3 SSP)
bloomberg.com,Finance & Business,video.unrulymedia.com,2600543444894572145,RESELLER,Not Tracked (Non-Top 3 SSP)
bloomberg.com,Finance & Business,freewheel.tv,sg1256375,DIRECT,Not Tracked (Non-Top 3 SSP)
bloomberg.com,Finance & Business,freewheel.tv,533599-d-523319,DIRECT,Not Tracked (Non-Top 3 SSP)
bloomberg.com,Finance & Business,sharethrough.com,q3oCu6ge,DIRECT,Not Tracked (Non-Top 3 SSP)
bloomberg.com,Finance & Business,sharethrough.com,I8ZgaXaR,RESELLER,Not Tracked (Non-Top 3 SSP)
bloomberg.com,Finance & Business,telaria.com,ctmc5-nyisd,DIRECT,Not Tracked (Non-Top 3 SSP)
bloomberg.com,Finance & Business,tremorhub.com,ctmc5-nyisd,DIRECT,Not Tracked (Non-Top 3 SSP)
bloomberg.com,Finance & Business,openx.com,564215253,DIRECT,Not Tracked (Non-Top 3 SSP)
bloomberg.com,Finance & Business,openx.com,540158162,DIRECT,Not Tracked (Non-Top 3 SSP)
bloomberg.com,Finance & Business,telaria.com,ctmc5-gayqk,DIRECT,Not Tracked (Non-Top 3 SSP)
bloomberg.com,Finance & Business,tremorhub.com,ctmc5-gayqk,DIRECT,Not Tracked (Non-Top 3 SSP)
bloomberg.com,Finance & Business,freewheel.tv,533599-d-524565,DIRECT,Not Tracked (Non-Top 3 SSP)
bloomberg.com,Finance & Business,smartadserver.com,5748,DIRECT,Not Tracked (Non-Top 3 SSP)
bloomberg.com,Finance & Business,sharethrough.com,5748,DIRECT,Not Tracked (Non-Top 3 SSP)
bloomberg.com,Finance & Business,pubmatic.com,156439,RESELLER,Not Tracked (Non-Top 3 SSP)
bloomberg.com,Finance & Business,pubmatic.com,154037,RESELLER,Not Tracked (Non-Top 3 SSP)
bloomberg.com,Finance & Business,rubiconproject.com,16114,RESELLER,SmartAdServer
bloomberg.com,Finance & Business,openx.com,537149888,RESELLER,Not Tracked (Non-Top 3 SSP)
bloomberg.com,Finance & Business,appnexus.com,3703,RESELLER,Not Tracked (Non-Top 3 SSP)
bloomberg.com,Finance & Business,loopme.com,5679,RESELLER,Not Tracked (Non-Top 3 SSP)
bloomberg.com,Finance & Business,xad.com,958,RESELLER,Not Tracked (Non-Top 3 SSP)
bloomberg.com,Finance & Business,video.unrulymedia.com,2564526802,RESELLER,Not Tracked (Non-Top 3 SSP)
bloomberg.com,Finance & Business,smaato.com,1100044045,RESELLER,Not Tracked (Non-Top 3 SSP)
bloomberg.com,Finance & Business,pubnative.net,1006576,RESELLER,Not Tracked (Non-Top 3 SSP)
bloomberg.com,Finance & Business,verve.com,15503,RESELLER,Not Tracked (Non-Top 3 SSP)
bloomberg.com,Finance & Business,adyoulike.com,b4bf4fdd9b0b915f746f6747ff432bde,RESELLER,Not Tracked (Non-Top 3 SSP)
bloomberg.com,Finance & Business,axonix.com,57264,RESELLER,Not Tracked (Non-Top 3 SSP)
bloomberg.com,Finance & Business,admanmedia.com,43,RESELLER,Not Tracked (Non-Top 3 SSP)
bloomberg.com,Finance & Business,sharethrough.com,OAW69Fon,RESELLER,Not Tracked (Non-Top 3 SSP)
bloomberg.com,Finance & Business,contextweb.com,560288,RESELLER,Not Tracked (Non-Top 3 SSP)
bloomberg.com,Finance & Business,thunder-monetize.com,1947298216,RESELLER,Not Tracked (Non-Top 3 SSP)
bloomberg.com,Finance & Business,contextweb.com,563115,RESELLER,Not Tracked (Non-Top 3 SSP)
bloomberg.com,Finance & Business,ogury.com,ede8d6ba-5a3f-4dfa-85aa-8cfb3c42f970,RESELLER,Not Tracked (Non-Top 3 SSP)
bloomberg.com,Finance & Business,freewheel.tv,1578381,RESELLER,Not Tracked (Non-Top 3 SSP)
bloomberg.com,Finance & Business,smartadserver.com,5290,RESELLER,Not Tracked (Non-Top 3 SSP)
cnbc.com,Finance & Business,inskinmedia.com,125005,DIRECT,Not Tracked (Non-Top 3 SSP)
cnbc.com,Finance & Business,appnexus.com,13231,RESELLER,Not Tracked (Non-Top 3 SSP)
cnbc.com,Finance & Business,improvedigital.com,2030,DIRECT,Not Tracked (Non-Top 3 SSP)
cnbc.com,Finance & Business,freewheel.tv,505334,RESELLER,Not Tracked (Non-Top 3 SSP)
cnbc.com,Finance & Business,freewheel.tv,169843-524565,DIRECT,Not Tracked (Non-Top 3 SSP)
cnbc.com,Finance & Business,liveintent.com,7869,DIRECT,Not Tracked (Non-Top 3 SSP)
cnbc.com,Finance & Business,pubmatic.com,156307,RESELLER,Not Tracked (Non-Top 3 SSP)
cnbc.com,Finance & Business,appnexus.com,3364,RESELLER,Not Tracked (Non-Top 3 SSP)
cnbc.com,Finance & Business,indexexchange.com,183756,RESELLER,Not Tracked (Non-Top 3 SSP)
cnbc.com,Finance & Business,contextweb.com,560382,RESELLER,Not Tracked (Non-Top 3 SSP)
cnbc.com,Finance & Business,openx.com,539154393,RESELLER,Not Tracked (Non-Top 3 SSP)
cnbc.com,Finance & Business,rubiconproject.com,16698,RESELLER,"Taboola, Inc."
cnbc.com,Finance & Business,rubiconproject.com,17530,DIRECT,Google
cnbc.com,Finance & Business,pubmatic,156659,DIRECT,Not Tracked (Non-Top 3 SSP)
cnbc.com,Finance & Business,teads.tv,10626,DIRECT,Not Tracked (Non-Top 3 SSP)
cnbc.com,Finance & Business,indexexchange.com,186846,DIRECT,Not Tracked (Non-Top 3 SSP)
cnbc.com,Finance & Business,pubmatic.com,111672,DIRECT,Not Tracked (Non-Top 3 SSP)
cnbc.com,Finance & Business,freewheel.tv,169843-523319,RESELLER,Not Tracked (Non-Top 3 SSP)
cnbc.com,Finance & Business,freewheel.tv,372496,DIRECT,Not Tracked (Non-Top 3 SSP)
cnbc.com,Finance & Business,google.com,pub-5672557457834454,DIRECT,NBCUniversal
cnbc.com,Finance & Business,google.com,pub-2777781493894567,DIRECT,NBCSports.com
cnbc.com,Finance & Business,google.com,pub-7550777043960671,DIRECT,Unlisted / Unknown ID
cnbc.com,Finance & Business,google.com,pub-8272786997612568,DIRECT,"SportsEngine, Inc"
cnbc.com,Finance & Business,themediagrid.com,5NKCSU,DIRECT,Not Tracked (Non-Top 3 SSP)
cnbc.com,Finance & Business,rubiconproject.com,18288,RESELLER,Vox Media Inc.
cnbc.com,Finance & Business,aps.amazon.com,3219,DIRECT,Not Tracked (Non-Top 3 SSP)
cnbc.com,Finance & Business,google.com,pub-3413754117826875,DIRECT,Unlisted / Unknown ID
cnbc.com,Finance & Business,google.com,pub-1155772220135153,DIRECT,Unlisted / Unknown ID
cnbc.com,Finance & Business,openx.com,539523154,RESELLER,Not Tracked (Non-Top 3 SSP)
cnbc.com,Finance & Business,improvedigital.com,1850,RESELLER,Not Tracked (Non-Top 3 SSP)
cnbc.com,Finance & Business,appnexus.com,7118,RESELLER,Not Tracked (Non-Top 3 SSP)
cnbc.com,Finance & Business,adswizz.com,CNBC,DIRECT,Not Tracked (Non-Top 3 SSP)
cnbc.com,Finance & Business,adswizz.com,473_15,DIRECT,Not Tracked (Non-Top 3 SSP)
cnbc.com,Finance & Business,adswizz.com,473,DIRECT,Not Tracked (Non-Top 3 SSP)
cnbc.com,Finance & Business,freewheel.tv,169843,DIRECT,Not Tracked (Non-Top 3 SSP)
cnbc.com,Finance & Business,freewheel.tv,512116-523319,RESELLER,Not Tracked (Non-Top 3 SSP)
cnbc.com,Finance & Business,taboola.com,580,DIRECT,Not Tracked (Non-Top 3 SSP)
cnbc.com,Finance & Business,taboola.com,1042054,DIRECT,Not Tracked (Non-Top 3 SSP)
cnbc.com,Finance & Business,pubmatic.com,156307,RESELLER,Not Tracked (Non-Top 3 SSP)
cnbc.com,Finance & Business,appnexus.com,3364,RESELLER,Not Tracked (Non-Top 3 SSP)
cnbc.com,Finance & Business,indexexchange.com,183756,RESELLER,Not Tracked (Non-Top 3 SSP)
cnbc.com,Finance & Business,contextweb.com,560382,RESELLER,Not Tracked (Non-Top 3 SSP)
cnbc.com,Finance & Business,tremorhub.com,z87wm,RESELLER,Not Tracked (Non-Top 3 SSP)
cnbc.com,Finance & Business,rubiconproject.com,16698,RESELLER,"Taboola, Inc."
cnbc.com,Finance & Business,openx.com,539154393,RESELLER,Not Tracked (Non-Top 3 SSP)
cnbc.com,Finance & Business,freewheel.tv,536174-r-523319,RESELLER,Not Tracked (Non-Top 3 SSP)
cnbc.com,Finance & Business,freewheel.tv,536174-r-524565,RESELLER,Not Tracked (Non-Top 3 SSP)
cnbc.com,Finance & Business,smartadserver.com,3563,RESELLER,Not Tracked (Non-Top 3 SSP)
cnbc.com,Finance & Business,beachfront.com,13749,RESELLER,Not Tracked (Non-Top 3 SSP)
cnbc.com,Finance & Business,improvedigital.com,1577,RESELLER,Not Tracked (Non-Top 3 SSP)
cnbc.com,Finance & Business,video.unrulymedia.com,1166984029,RESELLER,Not Tracked (Non-Top 3 SSP)
cnbc.com,Finance & Business,smaato.com,1100047487,RESELLER,Not Tracked (Non-Top 3 SSP)
cnbc.com,Finance & Business,sonobi.com,9a1db44c9c,RESELLER,Not Tracked (Non-Top 3 SSP)
cnbc.com,Finance & Business,yahoo.com,59189,RESELLER,Not Tracked (Non-Top 3 SSP)
cnbc.com,Finance & Business,imds.tv,82376,RESELLER,Not Tracked (Non-Top 3 SSP)
cnbc.com,Finance & Business,vidoomy.com,2717565,RESELLER,Not Tracked (Non-Top 3 SSP)
cnbc.com,Finance & Business,sharethrough.com,RVhuFS44,RESELLER,Not Tracked (Non-Top 3 SSP)
cnbc.com,Finance & Business,amxrtb.com,105199725,RESELLER,Not Tracked (Non-Top 3 SSP)
cnbc.com,Finance & Business,conversantmedia.com,100535,RESELLER,Not Tracked (Non-Top 3 SSP)
cnbc.com,Finance & Business,emxdgt.com,1643,RESELLER,Not Tracked (Non-Top 3 SSP)
cnbc.com,Finance & Business,media.net,8CU292ZDI,RESELLER,Not Tracked (Non-Top 3 SSP)
cnbc.com,Finance & Business,yieldmo.com,3357506016601120771,RESELLER,Not Tracked (Non-Top 3 SSP)
cnbc.com,Finance & Business,triplelift.com,14073,RESELLER,Not Tracked (Non-Top 3 SSP)
cnbc.com,Finance & Business,pubmatic.com,164401,DIRECT,Not Tracked (Non-Top 3 SSP)
cnbc.com,Finance & Business,gumgum.com,15956,DIRECT,Not Tracked (Non-Top 3 SSP)
cnbc.com,Finance & Business,rubiconproject.com,24610,DIRECT,"NBCUniversal Media, LLC"
cnbc.com,Finance & Business,indexexchange.com,185796,DIRECT,Not Tracked (Non-Top 3 SSP)
cnbc.com,Finance & Business,pubmatic.com,162862,DIRECT,Not Tracked (Non-Top 3 SSP)
cnbc.com,Finance & Business,kargo.com,136,DIRECT,Not Tracked (Non-Top 3 SSP)
cnbc.com,Finance & Business,triplelift.com,2255,DIRECT,Not Tracked (Non-Top 3 SSP)
cnbc.com,Finance & Business,appnexus.com,9910,DIRECT,Not Tracked (Non-Top 3 SSP)
cnbc.com,Finance & Business,themediagrid.com,PH57JN,DIRECT,Not Tracked (Non-Top 3 SSP)
cnbc.com,Finance & Business,trustx.org,50,DIRECT,Not Tracked (Non-Top 3 SSP)
cnbc.com,Finance & Business,supply.colossusssp.com,571,DIRECT,Not Tracked (Non-Top 3 SSP)
cnbc.com,Finance & Business,openx.com,560693899,DIRECT,Not Tracked (Non-Top 3 SSP)
cnbc.com,Finance & Business,video.unrulymedia.com,588146875,DIRECT,Not Tracked (Non-Top 3 SSP)
cnbc.com,Finance & Business,indexexchange.com,207353,DIRECT,Not Tracked (Non-Top 3 SSP)
cnbc.com,Finance & Business,pubmatic.com,164321,DIRECT,Not Tracked (Non-Top 3 SSP)
cnbc.com,Finance & Business,indexexchange.com,185067,DIRECT,Not Tracked (Non-Top 3 SSP)
cnbc.com,Finance & Business,rubiconproject.com,24608,DIRECT,Google
cnbc.com,Finance & Business,pubmatic.com,166365,DIRECT,Not Tracked (Non-Top 3 SSP)
cnbc.com,Finance & Business,triplelift.com,2255-EB,DIRECT,Not Tracked (Non-Top 3 SSP)
cnbc.com,Finance & Business,groupm.com,143,RESELLER,Not Tracked (Non-Top 3 SSP)
cnbc.com,Finance & Business,telaria.com,jh9i8-0noqr,RESELLER,Not Tracked (Non-Top 3 SSP)
cnbc.com,Finance & Business,tremorhub.com,jh9i8-0noqr,RESELLER,Not Tracked (Non-Top 3 SSP)
cnbc.com,Finance & Business,telaria.com,sipgi-2a20p,DIRECT,Not Tracked (Non-Top 3 SSP)
cnbc.com,Finance & Business,tremorhub.com,sipgi-2a20p,DIRECT,Not Tracked (Non-Top 3 SSP)
cnbc.com,Finance & Business,yahoo.com,59137,DIRECT,Not Tracked (Non-Top 3 SSP)
cnbc.com,Finance & Business,telaria.com,amgyk-mxvjr,DIRECT,Not Tracked (Non-Top 3 SSP)
cnbc.com,Finance & Business,tremorhub.com,amgyk-mxvjr,DIRECT,Not Tracked (Non-Top 3 SSP)
cnbc.com,Finance & Business,magnite.com,amgyk-mxvjr,DIRECT,Unlisted / Unknown ID
cnbc.com,Finance & Business,smaato.com,1100047232,DIRECT,Not Tracked (Non-Top 3 SSP)
cnbc.com,Finance & Business,indexexchange.com,193280,DIRECT,Not Tracked (Non-Top 3 SSP)
cnbc.com,Finance & Business,themediagrid.com,OWXYER,DIRECT,Not Tracked (Non-Top 3 SSP)
cnbc.com,Finance & Business,emxdgt.com,1858,DIRECT,Not Tracked (Non-Top 3 SSP)
cnbc.com,Finance & Business,video.unrulymedia.com,68435550,DIRECT,Not Tracked (Non-Top 3 SSP)
cnbc.com,Finance & Business,rhythmone.com,68435550,DIRECT,Not Tracked (Non-Top 3 SSP)
cnbc.com,Finance & Business,pubmatic.com,161390,DIRECT,Not Tracked (Non-Top 3 SSP)
cnbc.com,Finance & Business,pubmatic.com,161903,DIRECT,Not Tracked (Non-Top 3 SSP)
cnbc.com,Finance & Business,appnexus.com,13510,DIRECT,Not Tracked (Non-Top 3 SSP)
cnbc.com,Finance & Business,lkqd.net,1100053830,DIRECT,Not Tracked (Non-Top 3 SSP)
cnbc.com,Finance & Business,beachfront.com,15104,DIRECT,Not Tracked (Non-Top 3 SSP)
cnbc.com,Finance & Business,triplelift.com,13806,DIRECT,Not Tracked (Non-Top 3 SSP)
cnbc.com,Finance & Business,openx.com,559546846,DIRECT,Not Tracked (Non-Top 3 SSP)
cnbc.com,Finance & Business,freewheel.tv,512029,DIRECT,Not Tracked (Non-Top 3 SSP)
cnbc.com,Finance & Business,freewheel.tv,1599735,DIRECT,Not Tracked (Non-Top 3 SSP)
cnbc.com,Finance & Business,freewheel.tv,1599769,DIRECT,Not Tracked (Non-Top 3 SSP)
cnbc.com,Finance & Business,google.com,pub-4616198077807596,DIRECT,"Samsung Electronics America, Inc."
cnbc.com,Finance & Business,telaria.com,oyz9g-fb5cv,DIRECT,Not Tracked (Non-Top 3 SSP)
cnbc.com,Finance & Business,tremorhub.com,oyz9g-fb5cv,DIRECT,Not Tracked (Non-Top 3 SSP)
cnbc.com,Finance & Business,pubmatic.com,159942,DIRECT,Not Tracked (Non-Top 3 SSP)
cnbc.com,Finance & Business,indexexchange.com,202389,DIRECT,Not Tracked (Non-Top 3 SSP)
cnbc.com,Finance & Business,xandr.com,12059,DIRECT,Not Tracked (Non-Top 3 SSP)
cnbc.com,Finance & Business,freewheel.tv,1119041,DIRECT,Not Tracked (Non-Top 3 SSP)
cnbc.com,Finance & Business,freewheel.tv,1119265,DIRECT,Not Tracked (Non-Top 3 SSP)
cnbc.com,Finance & Business,aps.amazon.com,43d45668-23d1-4eca-a762-4c4c87f95e23,DIRECT,Not Tracked (Non-Top 3 SSP)
cnbc.com,Finance & Business,google.com,pub-5823310977760966,DIRECT,"Vizio Services, LLC"
cnbc.com,Finance & Business,advertising.com,151,RESELLER,Not Tracked (Non-Top 3 SSP)
cnbc.com,Finance & Business,yahoo.com,59494,RESELLER,Not Tracked (Non-Top 3 SSP)
cnbc.com,Finance & Business,freewheel.tv,499607,RESELLER,Not Tracked (Non-Top 3 SSP)
cnbc.com,Finance & Business,freewheel.tv,512029,DIRECT,Not Tracked (Non-Top 3 SSP)
cnbc.com,Finance & Business,appnexus.com,17499,DIRECT,Not Tracked (Non-Top 3 SSP)
cnbc.com,Finance & Business,telaria.com,8jhse-ifyq9,DIRECT,Not Tracked (Non-Top 3 SSP)
cnbc.com,Finance & Business,tremorhub.com,8jhse-ifyq9,DIRECT,Not Tracked (Non-Top 3 SSP)
cnbc.com,Finance & Business,telaria.com,m8r1c-o0139,DIRECT,Not Tracked (Non-Top 3 SSP)
cnbc.com,Finance & Business,tremorhub.com,m8r1c-o0139,DIRECT,Not Tracked (Non-Top 3 SSP)
cnbc.com,Finance & Business,telaria.com,3karn-8a5uy,RESELLER,Not Tracked (Non-Top 3 SSP)
cnbc.com,Finance & Business,tremorhub.com,3karn-8a5uy,RESELLER,Not Tracked (Non-Top 3 SSP)
cnbc.com,Finance & Business,spotxchange.com,191478,RESELLER,Not Tracked (Non-Top 3 SSP)
cnbc.com,Finance & Business,spotx.tv,191478,RESELLER,Not Tracked (Non-Top 3 SSP)
cnbc.com,Finance & Business,springserve.com,1135,DIRECT,Not Tracked (Non-Top 3 SSP)
cnbc.com,Finance & Business,spotxchange.com,239904,RESELLER,Not Tracked (Non-Top 3 SSP)
cnbc.com,Finance & Business,spotx.tv,239904,DIRECT,Not Tracked (Non-Top 3 SSP)
cnbc.com,Finance & Business,rubiconproject.com,21134,RESELLER,Unlisted / Unknown ID
cnbc.com,Finance & Business,rubiconproject.com,17346,RESELLER,Unlisted / Unknown ID
cnbc.com,Finance & Business,freewheel.tv,381963,RESELLER,Not Tracked (Non-Top 3 SSP)
cnbc.com,Finance & Business,appnexus.com,15701,DIRECT,Not Tracked (Non-Top 3 SSP)
cnbc.com,Finance & Business,freewheel.tv,384777,RESELLER,Not Tracked (Non-Top 3 SSP)
cnbc.com,Finance & Business,freewheel.tv,382114,RESELLER,Not Tracked (Non-Top 3 SSP)
cnbc.com,Finance & Business,google.com,pub-5405132603504384,RESELLER,"Vox Media, Inc."
cnbc.com,Finance & Business,concert.io,cbs-11d6ff9a17,DIRECT,Not Tracked (Non-Top 3 SSP)
cnbc.com,Finance & Business,google.com,pub-4716253307645677,DIRECT,"Radio Time, Inc"
cnbc.com,Finance & Business,google.com,pub-1075310851762143,DIRECT,"Radio Time, Inc"
cnbc.com,Finance & Business,rubiconproject.com,18824,DIRECT,Unlisted / Unknown ID
cnbc.com,Finance & Business,rubiconproject.com,11236,DIRECT,TuneIn Inc.
cnbc.com,Finance & Business,adswizz.com,tunein,DIRECT,Not Tracked (Non-Top 3 SSP)
cnbc.com,Finance & Business,adswizz.com,86,RESELLER,Not Tracked (Non-Top 3 SSP)
cnbc.com,Finance & Business,adswizz.com,tunein,RESELLER,Not Tracked (Non-Top 3 SSP)
cnbc.com,Finance & Business,targetspot.com,172,DIRECT,Not Tracked (Non-Top 3 SSP)
cnbc.com,Finance & Business,dianomi.com,1459,DIRECT,Not Tracked (Non-Top 3 SSP)
cnbc.com,Finance & Business,rubiconproject.com,14474,DIRECT,"Dianomi Inc,"
cnbc.com,Finance & Business,themediagrid.com,DXW9CT,DIRECT,Not Tracked (Non-Top 3 SSP)
cnbc.com,Finance & Business,adform.com,2921,DIRECT,Not Tracked (Non-Top 3 SSP)
cnbc.com,Finance & Business,pubmatic.com,162486,DIRECT,Not Tracked (Non-Top 3 SSP)
cnbc.com,Finance & Business,openx.com,558595797,DIRECT,Not Tracked (Non-Top 3 SSP)
cnbc.com,Finance & Business,freewheel.tv,1585055,DIRECT,Not Tracked (Non-Top 3 SSP)
cnbc.com,Finance & Business,freewheel.tv,1585058,DIRECT,Not Tracked (Non-Top 3 SSP)
cnbc.com,Finance & Business,appnexus.com,17535,DIRECT,Not Tracked (Non-Top 3 SSP)
cnbc.com,Finance & Business,amxrtb.com,105199716,DIRECT,Not Tracked (Non-Top 3 SSP)
cnbc.com,Finance & Business,appnexus.com,12290,RESELLER,Not Tracked (Non-Top 3 SSP)
cnbc.com,Finance & Business,lijit.com,260380,RESELLER,Not Tracked (Non-Top 3 SSP)
cnbc.com,Finance & Business,pubmatic.com,161527,RESELLER,Not Tracked (Non-Top 3 SSP)
cnbc.com,Finance & Business,rubiconproject.com,23844,RESELLER,Monet Engine Inc
cnbc.com,Finance & Business,adform.com,2865,RESELLER,Not Tracked (Non-Top 3 SSP)
cnbc.com,Finance & Business,smartadserver.com,3056,RESELLER,Not Tracked (Non-Top 3 SSP)
cnbc.com,Finance & Business,rubiconproject.com,17960,RESELLER,Sovrn Inc.
cnbc.com,Finance & Business,videobyte.com,bb78B9M,DIRECT,Not Tracked (Non-Top 3 SSP)
cnbc.com,Finance & Business,kargo.com,8917,DIRECT,Not Tracked (Non-Top 3 SSP)
cnbc.com,Finance & Business,applovin.com,900001,DIRECT,Not Tracked (Non-Top 3 SSP)
cnbc.com,Finance & Business,wurl.com,900001,DIRECT,Not Tracked (Non-Top 3 SSP)
cnbc.com,Finance & Business,nbc.com,5727661,DIRECT,Not Tracked (Non-Top 3 SSP)
cnbc.com,Finance & Business,google.com,pub-5672557457834454,RESELLER,NBCUniversal
cnbc.com,Finance & Business,triplelift.com,14656,DIRECT,Not Tracked (Non-Top 3 SSP)
cnbc.com,Finance & Business,telaria.com,53lpj-c7mas,RESELLER,Not Tracked (Non-Top 3 SSP)
cnbc.com,Finance & Business,tremorhub.com,53lpj-c7mas,RESELLER,Not Tracked (Non-Top 3 SSP)
cnbc.com,Finance & Business,freewheel.tv,535029,RESELLER,Not Tracked (Non-Top 3 SSP)
cnbc.com,Finance & Business,freewheel.tv,537323,RESELLER,Not Tracked (Non-Top 3 SSP)
cnbc.com,Finance & Business,indexexchange.com,214370,DIRECT,Not Tracked (Non-Top 3 SSP)
cnbc.com,Finance & Business,video.unrulymedia.com,509786055,DIRECT,Not Tracked (Non-Top 3 SSP)
businessinsider.com,Finance & Business,aps.amazon.com,3201,DIRECT,Not Tracked (Non-Top 3 SSP)
businessinsider.com,Finance & Business,amxrtb.com,105199819,DIRECT,Not Tracked (Non-Top 3 SSP)
businessinsider.com,Finance & Business,blis.com,1229,DIRECT,Not Tracked (Non-Top 3 SSP)
businessinsider.com,Finance & Business,rubiconproject.com,16928,RESELLER,Blis Media Limited
businessinsider.com,Finance & Business,connatix.com,1839973246249755,DIRECT,Not Tracked (Non-Top 3 SSP)
businessinsider.com,Finance & Business,google.com,pub-1929615694373103,RESELLER,Connatix Native Exchange Inc
businessinsider.com,Finance & Business,rubiconproject.com,19564,RESELLER,Connatix Native Exchange Inc
businessinsider.com,Finance & Business,pubmatic.com,156592,RESELLER,Not Tracked (Non-Top 3 SSP)
businessinsider.com,Finance & Business,video.unrulymedia.com,687806135,RESELLER,Not Tracked (Non-Top 3 SSP)
businessinsider.com,Finance & Business,risecodes.com,60053eeffc482800014c29be,RESELLER,Not Tracked (Non-Top 3 SSP)
businessinsider.com,Finance & Business,indexexchange.com,190549,RESELLER,Not Tracked (Non-Top 3 SSP)
businessinsider.com,Finance & Business,media.net,8CUP5F2LD,RESELLER,Not Tracked (Non-Top 3 SSP)
businessinsider.com,Finance & Business,openx.com,539496816,RESELLER,Not Tracked (Non-Top 3 SSP)
businessinsider.com,Finance & Business,smaato.com,1100055555,RESELLER,Not Tracked (Non-Top 3 SSP)
businessinsider.com,Finance & Business,smartadserver.com,3630,RESELLER,Not Tracked (Non-Top 3 SSP)
businessinsider.com,Finance & Business,sharethrough.com,KnLYRz1v,RESELLER,Not Tracked (Non-Top 3 SSP)
businessinsider.com,Finance & Business,pmbmonetize.com,22597229605,RESELLER,Not Tracked (Non-Top 3 SSP)
businessinsider.com,Finance & Business,google.com,pub-4836542095728076,RESELLER,Medmob
businessinsider.com,Finance & Business,opamarketplace.com,22597229605,RESELLER,Not Tracked (Non-Top 3 SSP)
businessinsider.com,Finance & Business,google.com,pub-9135355251665930,RESELLER,Greeter HOLDINGS LTD
businessinsider.com,Finance & Business,adipolosolutions.com,22597229605,RESELLER,Not Tracked (Non-Top 3 SSP)
businessinsider.com,Finance & Business,google.com,pub-4903453974745530,RESELLER,Medmob
businessinsider.com,Finance & Business,adipolo.com,22597229605,RESELLER,Not Tracked (Non-Top 3 SSP)
businessinsider.com,Finance & Business,google.com,pub-2930805104418204,RESELLER,Yediot Internet
businessinsider.com,Finance & Business,smartadline.com,22703897216,RESELLER,Not Tracked (Non-Top 3 SSP)
businessinsider.com,Finance & Business,google.com,pub-6804276076764268,RESELLER,Journkey LTD
businessinsider.com,Finance & Business,appnexus.com,16912,RESELLER,Not Tracked (Non-Top 3 SSP)
businessinsider.com,Finance & Business,pubmatic.com,160295,RESELLER,Not Tracked (Non-Top 3 SSP)
businessinsider.com,Finance & Business,rubiconproject.com,23876,RESELLER,Typea Holdings  LTD.
businessinsider.com,Finance & Business,sharethrough.com,5926d422,RESELLER,Not Tracked (Non-Top 3 SSP)
businessinsider.com,Finance & Business,xandr.com,14082,RESELLER,Not Tracked (Non-Top 3 SSP)
businessinsider.com,Finance & Business,video.unrulymedia.com,335119963,RESELLER,Not Tracked (Non-Top 3 SSP)
businessinsider.com,Finance & Business,triplelift.com,12465,RESELLER,Not Tracked (Non-Top 3 SSP)
businessinsider.com,Finance & Business,inmobi.com,64d831e7ed4840ac8ea2283745f07d75,RESELLER,Not Tracked (Non-Top 3 SSP)
businessinsider.com,Finance & Business,ottadvisors.com,23208720669,RESELLER,Not Tracked (Non-Top 3 SSP)
businessinsider.com,Finance & Business,video.unrulymedia.com,776418614052335749,RESELLER,Not Tracked (Non-Top 3 SSP)
businessinsider.com,Finance & Business,gumgum.com,12991,RESELLER,Not Tracked (Non-Top 3 SSP)
businessinsider.com,Finance & Business,appnexus.com,17444,RESELLER,Not Tracked (Non-Top 3 SSP)
businessinsider.com,Finance & Business,copper6.com,764227,RESELLER,Not Tracked (Non-Top 3 SSP)
businessinsider.com,Finance & Business,aps.amazon.com,ec4e8edf-c46b-44a1-bcab-17b3a4420b9a,RESELLER,Not Tracked (Non-Top 3 SSP)
businessinsider.com,Finance & Business,google.com,pub-1037373295371110,DIRECT,"Insider, Inc. DBA Business Insider"
businessinsider.com,Finance & Business,gumgum.com,13877,DIRECT,Not Tracked (Non-Top 3 SSP)
businessinsider.com,Finance & Business,indexexchange.com,183963,DIRECT,Not Tracked (Non-Top 3 SSP)
businessinsider.com,Finance & Business,indexexchange.com,184913,DIRECT,Not Tracked (Non-Top 3 SSP)
businessinsider.com,Finance & Business,indexexchange.com,193291,DIRECT,Not Tracked (Non-Top 3 SSP)
businessinsider.com,Finance & Business,indexexchange.com,183963,DIRECT,Not Tracked (Non-Top 3 SSP)
businessinsider.com,Finance & Business,inmobi.com,fcb05e98ca6d42f694c72af86ada36df,DIRECT,Not Tracked (Non-Top 3 SSP)
businessinsider.com,Finance & Business,rubiconproject.com,11726,RESELLER,INMOBI PTE LTD
businessinsider.com,Finance & Business,rubiconproject.com,12266,RESELLER,INMOBI PTE LTD
businessinsider.com,Finance & Business,pubmatic.com,157097,RESELLER,Not Tracked (Non-Top 3 SSP)
businessinsider.com,Finance & Business,smaato.com,1100053415,RESELLER,Not Tracked (Non-Top 3 SSP)
businessinsider.com,Finance & Business,loopme.com,9724,RESELLER,Not Tracked (Non-Top 3 SSP)
businessinsider.com,Finance & Business,kargo.com,108,DIRECT,Not Tracked (Non-Top 3 SSP)
businessinsider.com,Finance & Business,liveintent.com,88129,DIRECT,Not Tracked (Non-Top 3 SSP)
businessinsider.com,Finance & Business,rubiconproject.com,10306,DIRECT,"Business Insider, Inc."
businessinsider.com,Finance & Business,rubiconproject.com,17802,DIRECT,Unlisted / Unknown ID
businessinsider.com,Finance & Business,media.net,8CU5KFGF2,DIRECT,Not Tracked (Non-Top 3 SSP)
businessinsider.com,Finance & Business,media.net,8CULOI1R9,DIRECT,Not Tracked (Non-Top 3 SSP)
businessinsider.com,Finance & Business,media.net,8CUEOD51D,DIRECT,Not Tracked (Non-Top 3 SSP)
businessinsider.com,Finance & Business,media.net,8CUT0YXS8,DIRECT,Not Tracked (Non-Top 3 SSP)
businessinsider.com,Finance & Business,media.net,8CUC362MK,DIRECT,Not Tracked (Non-Top 3 SSP)
businessinsider.com,Finance & Business,trustedstack.com,TS9V5HI46,RESELLER,Not Tracked (Non-Top 3 SSP)
businessinsider.com,Finance & Business,rubiconproject.com,26144,RESELLER,"TStack, Inc"
businessinsider.com,Finance & Business,pubmatic.com,164187,RESELLER,Not Tracked (Non-Top 3 SSP)
businessinsider.com,Finance & Business,media.net,8CUD54183,DIRECT,Not Tracked (Non-Top 3 SSP)
businessinsider.com,Finance & Business,media.net,8CUW5OB28,DIRECT,Not Tracked (Non-Top 3 SSP)
businessinsider.com,Finance & Business,mobkoi.com,D4EB61A7,DIRECT,Not Tracked (Non-Top 3 SSP)
businessinsider.com,Finance & Business,smartadserver.com,5290,RESELLER,Not Tracked (Non-Top 3 SSP)
businessinsider.com,Finance & Business,sharethrough.com,5290,RESELLER,Not Tracked (Non-Top 3 SSP)
businessinsider.com,Finance & Business,ogury.com,bcae12da-f796-4c8a-a3a7-efbddc2354ef,DIRECT,Not Tracked (Non-Top 3 SSP)
businessinsider.com,Finance & Business,appnexus.com,11470,RESELLER,Not Tracked (Non-Top 3 SSP)
businessinsider.com,Finance & Business,openx.com,538986829,DIRECT,Not Tracked (Non-Top 3 SSP)
businessinsider.com,Finance & Business,openx.com,540198892,DIRECT,Not Tracked (Non-Top 3 SSP)
businessinsider.com,Finance & Business,openx.com,540867229,DIRECT,Not Tracked (Non-Top 3 SSP)
businessinsider.com,Finance & Business,openx.com,542511589,DIRECT,Not Tracked (Non-Top 3 SSP)
businessinsider.com,Finance & Business,openx.com,561469253,DIRECT,Not Tracked (Non-Top 3 SSP)
businessinsider.com,Finance & Business,openx.com,562977980,DIRECT,Not Tracked (Non-Top 3 SSP)
businessinsider.com,Finance & Business,the-ozone-project.com,OZONEBI00001,DIRECT,Not Tracked (Non-Top 3 SSP)
businessinsider.com,Finance & Business,appnexus.com,9979,RESELLER,Not Tracked (Non-Top 3 SSP)
businessinsider.com,Finance & Business,openx.com,540731760,RESELLER,Not Tracked (Non-Top 3 SSP)
businessinsider.com,Finance & Business,pubmatic.com,160557,RESELLER,Not Tracked (Non-Top 3 SSP)
businessinsider.com,Finance & Business,indexexchange.com,206233,RESELLER,Not Tracked (Non-Top 3 SSP)
businessinsider.com,Finance & Business,pubmatic.com,158506,DIRECT,Not Tracked (Non-Top 3 SSP)
businessinsider.com,Finance & Business,pubmatic.com,160273,DIRECT,Not Tracked (Non-Top 3 SSP)
businessinsider.com,Finance & Business,pubmatic.com,160661,DIRECT,Not Tracked (Non-Top 3 SSP)
businessinsider.com,Finance & Business,pubmatic.com,163004,DIRECT,Not Tracked (Non-Top 3 SSP)
businessinsider.com,Finance & Business,pubmatic.com,158507,DIRECT,Not Tracked (Non-Top 3 SSP)
businessinsider.com,Finance & Business,openx.com,539154393,RESELLER,Not Tracked (Non-Top 3 SSP)
businessinsider.com,Finance & Business,contextweb.com,560382,RESELLER,Not Tracked (Non-Top 3 SSP)
businessinsider.com,Finance & Business,rubiconproject.com,16698,RESELLER,"Taboola, Inc."
businessinsider.com,Finance & Business,pubmatic.com,156307,RESELLER,Not Tracked (Non-Top 3 SSP)
businessinsider.com,Finance & Business,freewheel.tv,536174-r-523319,RESELLER,Not Tracked (Non-Top 3 SSP)
businessinsider.com,Finance & Business,indexexchange.com,183756,RESELLER,Not Tracked (Non-Top 3 SSP)
businessinsider.com,Finance & Business,indexexchange.com,183756,RESELLER,Not Tracked (Non-Top 3 SSP)
businessinsider.com,Finance & Business,appnexus.com,3364,RESELLER,Not Tracked (Non-Top 3 SSP)
businessinsider.com,Finance & Business,smartadserver.com,3563,RESELLER,Not Tracked (Non-Top 3 SSP)
businessinsider.com,Finance & Business,taboola.com,1061263,DIRECT,Not Tracked (Non-Top 3 SSP)
businessinsider.com,Finance & Business,taboola.com,782,DIRECT,Not Tracked (Non-Top 3 SSP)
businessinsider.com,Finance & Business,triplelift.com,14073,RESELLER,Not Tracked (Non-Top 3 SSP)
businessinsider.com,Finance & Business,google.com,pub-3677668629134422,RESELLER,Taboola.com Ltd.
businessinsider.com,Finance & Business,taboola.com,1013265,DIRECT,Not Tracked (Non-Top 3 SSP)
businessinsider.com,Finance & Business,teads.tv,11445,DIRECT,Not Tracked (Non-Top 3 SSP)
businessinsider.com,Finance & Business,triplelift.com,583,DIRECT,Not Tracked (Non-Top 3 SSP)
businessinsider.com,Finance & Business,triplelift.com,4276,DIRECT,Not Tracked (Non-Top 3 SSP)
businessinsider.com,Finance & Business,triplelift.com,8773,DIRECT,Not Tracked (Non-Top 3 SSP)
businessinsider.com,Finance & Business,triplelift.com,8774,DIRECT,Not Tracked (Non-Top 3 SSP)
businessinsider.com,Finance & Business,google.com,pub-6018081807768025,DIRECT,"Henneo Magazines, S.A."
businessinsider.com,Finance & Business,google.com,pub-1599446853501333,DIRECT,NineMSN Pty Ltd
businessinsider.com,Finance & Business,google.com,pub-4510898789136859,DIRECT,Ringier Africa AG
businessinsider.com,Finance & Business,google.com,pub-0604454314447934,DIRECT,"Insider, Inc. DBA Business Insider"
cnet.com,Tech & Gaming,google.com,pub-9914992914910847,DIRECT,Ziff Davis
cnet.com,Tech & Gaming,google.com,pub-3061519823538393,DIRECT,Unlisted / Unknown ID
cnet.com,Tech & Gaming,google.com,pub-8820362605711196,DIRECT,CNET Media Inc
cnet.com,Tech & Gaming,google.com,pub-3024908212241985,DIRECT,Ziff Davis LLC
cnet.com,Tech & Gaming,google.com,pub-3121563445182145,DIRECT,"Ookla, LLC"
cnet.com,Tech & Gaming,google.com,pub-3279873763388914,DIRECT,Ziff Davis
cnet.com,Tech & Gaming,google.com,pub-4992029886060368,RESELLER,Infospace LLC DBA System1
cnet.com,Tech & Gaming,system1.com,4585,DIRECT,Not Tracked (Non-Top 3 SSP)
cnet.com,Tech & Gaming,amxrtb.com,105199371,DIRECT,Not Tracked (Non-Top 3 SSP)
cnet.com,Tech & Gaming,lijit.com,260380,RESELLER,Not Tracked (Non-Top 3 SSP)
cnet.com,Tech & Gaming,openx.com,559680764,RESELLER,Not Tracked (Non-Top 3 SSP)
cnet.com,Tech & Gaming,pubmatic.com,158355,RESELLER,Not Tracked (Non-Top 3 SSP)
cnet.com,Tech & Gaming,rubiconproject.com,23844,RESELLER,Monet Engine Inc
cnet.com,Tech & Gaming,sharethrough.com,a6a34444,RESELLER,Not Tracked (Non-Top 3 SSP)
cnet.com,Tech & Gaming,aps.amazon.com,3158,DIRECT,Not Tracked (Non-Top 3 SSP)
cnet.com,Tech & Gaming,appnexus.com,3427,DIRECT,Not Tracked (Non-Top 3 SSP)
cnet.com,Tech & Gaming,sovrn.com,59383,DIRECT,Not Tracked (Non-Top 3 SSP)
cnet.com,Tech & Gaming,lijit.com,59383,DIRECT,Not Tracked (Non-Top 3 SSP)
cnet.com,Tech & Gaming,gumgum.com,11889,DIRECT,Not Tracked (Non-Top 3 SSP)
cnet.com,Tech & Gaming,openx.com,539007805,DIRECT,Not Tracked (Non-Top 3 SSP)
cnet.com,Tech & Gaming,rubiconproject.com,11576,DIRECT,"Ziff Davis, LLC."
cnet.com,Tech & Gaming,triplelift.com,158,DIRECT,Not Tracked (Non-Top 3 SSP)
cnet.com,Tech & Gaming,yieldmo.com,2271859392603169445,DIRECT,Not Tracked (Non-Top 3 SSP)
cnet.com,Tech & Gaming,pubmatic.com,156483,DIRECT,Not Tracked (Non-Top 3 SSP)
cnet.com,Tech & Gaming,yahoo.com,56266,DIRECT,Not Tracked (Non-Top 3 SSP)
cnet.com,Tech & Gaming,indexexchange.com,193315,DIRECT,Not Tracked (Non-Top 3 SSP)
cnet.com,Tech & Gaming,sharethrough.com,QHLIgrXx,DIRECT,Not Tracked (Non-Top 3 SSP)
cnet.com,Tech & Gaming,media.net,8CU681XQ3,DIRECT,Not Tracked (Non-Top 3 SSP)
cnet.com,Tech & Gaming,kargo.com,8715,DIRECT,Not Tracked (Non-Top 3 SSP)
cnet.com,Tech & Gaming,video.unrulymedia.com,380644482,DIRECT,Not Tracked (Non-Top 3 SSP)
cnet.com,Tech & Gaming,seedtag.com,66ff0e5782cb950007b2e065,DIRECT,Not Tracked (Non-Top 3 SSP)
cnet.com,Tech & Gaming,risecodes.com,642c4ef8ef16c40001db86d9,DIRECT,Not Tracked (Non-Top 3 SSP)
cnet.com,Tech & Gaming,nativo.com,5644,DIRECT,Not Tracked (Non-Top 3 SSP)
cnet.com,Tech & Gaming,undertone.com,1265,DIRECT,Not Tracked (Non-Top 3 SSP)
cnet.com,Tech & Gaming,blis.com,1232,DIRECT,Not Tracked (Non-Top 3 SSP)
cnet.com,Tech & Gaming,adyoulike.com,7427fc8254bfe7e73fe5a87b9319a0bd,DIRECT,Not Tracked (Non-Top 3 SSP)
cnet.com,Tech & Gaming,blis.com,1232,DIRECT,Not Tracked (Non-Top 3 SSP)
cnet.com,Tech & Gaming,rubiconproject.com,16928,RESELLER,Blis Media Limited
cnet.com,Tech & Gaming,themediagrid.com,E4CMGJ,DIRECT,Not Tracked (Non-Top 3 SSP)
cnet.com,Tech & Gaming,gumgum.com,11889,DIRECT,Not Tracked (Non-Top 3 SSP)
cnet.com,Tech & Gaming,admanmedia.com,799,RESELLER,Not Tracked (Non-Top 3 SSP)
cnet.com,Tech & Gaming,conversantmedia.com,100978,RESELLER,Not Tracked (Non-Top 3 SSP)
cnet.com,Tech & Gaming,gumgum.com,11889,RESELLER,Not Tracked (Non-Top 3 SSP)
cnet.com,Tech & Gaming,improvedigital.com,1884,RESELLER,Not Tracked (Non-Top 3 SSP)
cnet.com,Tech & Gaming,openx.com,537149485,RESELLER,Not Tracked (Non-Top 3 SSP)
cnet.com,Tech & Gaming,pubmatic.com,157897,RESELLER,Not Tracked (Non-Top 3 SSP)
cnet.com,Tech & Gaming,rubiconproject.com,23434,RESELLER,"GumGum, Inc."
cnet.com,Tech & Gaming,smartadserver.com,4005,RESELLER,Not Tracked (Non-Top 3 SSP)
cnet.com,Tech & Gaming,indexexchange.com,193315,DIRECT,Not Tracked (Non-Top 3 SSP)
cnet.com,Tech & Gaming,indexexchange.com,194875,DIRECT,Not Tracked (Non-Top 3 SSP)
cnet.com,Tech & Gaming,indexexchange.com,184298,DIRECT,Not Tracked (Non-Top 3 SSP)
cnet.com,Tech & Gaming,indexexchange.com,185019,DIRECT,Not Tracked (Non-Top 3 SSP)
cnet.com,Tech & Gaming,indexexchange.com,184309,DIRECT,Not Tracked (Non-Top 3 SSP)
cnet.com,Tech & Gaming,indexexchange.com,188171,DIRECT,Not Tracked (Non-Top 3 SSP)
cnet.com,Tech & Gaming,indexexchange.com,185669,DIRECT,Not Tracked (Non-Top 3 SSP)
cnet.com,Tech & Gaming,indexexchange.com,186603,DIRECT,Not Tracked (Non-Top 3 SSP)
cnet.com,Tech & Gaming,indexexchange.com,215207,DIRECT,Not Tracked (Non-Top 3 SSP)
cnet.com,Tech & Gaming,kargo.com,8715,DIRECT,Not Tracked (Non-Top 3 SSP)
cnet.com,Tech & Gaming,kargo.com,1481,DIRECT,Not Tracked (Non-Top 3 SSP)
cnet.com,Tech & Gaming,rubiconproject.com,11864,RESELLER,"Kargo Global, Inc."
cnet.com,Tech & Gaming,video.unrulymedia.com,1858504412,RESELLER,Not Tracked (Non-Top 3 SSP)
cnet.com,Tech & Gaming,liveintent.com,11187,DIRECT,Not Tracked (Non-Top 3 SSP)
cnet.com,Tech & Gaming,liveintent.com,16929,DIRECT,Not Tracked (Non-Top 3 SSP)
cnet.com,Tech & Gaming,liveintent.com,23803,DIRECT,Not Tracked (Non-Top 3 SSP)
cnet.com,Tech & Gaming,liveintent.com,2405,DIRECT,Not Tracked (Non-Top 3 SSP)
cnet.com,Tech & Gaming,liveintent.com,3103,DIRECT,Not Tracked (Non-Top 3 SSP)
cnet.com,Tech & Gaming,liveintent.com,39735,DIRECT,Not Tracked (Non-Top 3 SSP)
cnet.com,Tech & Gaming,liveintent.com,42395,DIRECT,Not Tracked (Non-Top 3 SSP)
cnet.com,Tech & Gaming,liveintent.com,5288,DIRECT,Not Tracked (Non-Top 3 SSP)
cnet.com,Tech & Gaming,liveintent.com,67193,DIRECT,Not Tracked (Non-Top 3 SSP)
cnet.com,Tech & Gaming,liveintent.com,67884,DIRECT,Not Tracked (Non-Top 3 SSP)
cnet.com,Tech & Gaming,liveintent.com,7407,DIRECT,Not Tracked (Non-Top 3 SSP)
cnet.com,Tech & Gaming,liveintent.com,7409,DIRECT,Not Tracked (Non-Top 3 SSP)
cnet.com,Tech & Gaming,liveintent.com,7735,DIRECT,Not Tracked (Non-Top 3 SSP)
cnet.com,Tech & Gaming,liveintent.com,895,DIRECT,Not Tracked (Non-Top 3 SSP)
cnet.com,Tech & Gaming,rubiconproject.com,23386,DIRECT,"New Imagitas, Inc"
cnet.com,Tech & Gaming,rubiconproject.com,23388,DIRECT,Unlisted / Unknown ID
cnet.com,Tech & Gaming,media.net,8CAU6FOWE,DIRECT,Not Tracked (Non-Top 3 SSP)
cnet.com,Tech & Gaming,media.net,8CABGHDB5,DIRECT,Not Tracked (Non-Top 3 SSP)
cnet.com,Tech & Gaming,media.net,8CUQILL4E,DIRECT,Not Tracked (Non-Top 3 SSP)
cnet.com,Tech & Gaming,media.net,8CU661GK5,DIRECT,Not Tracked (Non-Top 3 SSP)
cnet.com,Tech & Gaming,media.net,8CUTH3NL3,DIRECT,Not Tracked (Non-Top 3 SSP)
cnet.com,Tech & Gaming,media.net,8CUJ774PB,DIRECT,Not Tracked (Non-Top 3 SSP)
cnet.com,Tech & Gaming,media.net,8CU681XQ3,DIRECT,Not Tracked (Non-Top 3 SSP)
cnet.com,Tech & Gaming,amxrtb.com,105199734,RESELLER,Not Tracked (Non-Top 3 SSP)
cnet.com,Tech & Gaming,lijit.com,551846,RESELLER,Not Tracked (Non-Top 3 SSP)
cnet.com,Tech & Gaming,onetag.com,87f58fe90234d0e,RESELLER,Not Tracked (Non-Top 3 SSP)
cnet.com,Tech & Gaming,pubmatic.com,164187,RESELLER,Not Tracked (Non-Top 3 SSP)
cnet.com,Tech & Gaming,sharethrough.com,KGPeiFc6,RESELLER,Not Tracked (Non-Top 3 SSP)
cnet.com,Tech & Gaming,trustedstack.com,TS9V5HI46,RESELLER,Not Tracked (Non-Top 3 SSP)
cnet.com,Tech & Gaming,yieldmo.com,3377199372461613093,RESELLER,Not Tracked (Non-Top 3 SSP)
cnet.com,Tech & Gaming,appnexus.com,3427,DIRECT,Not Tracked (Non-Top 3 SSP)
cnet.com,Tech & Gaming,nativo.com,5644,DIRECT,Not Tracked (Non-Top 3 SSP)
cnet.com,Tech & Gaming,openx.com,540709535,RESELLER,Not Tracked (Non-Top 3 SSP)
cnet.com,Tech & Gaming,pubmatic.com,156500,RESELLER,Not Tracked (Non-Top 3 SSP)
cnet.com,Tech & Gaming,zetaglobal.net,989,RESELLER,Not Tracked (Non-Top 3 SSP)
cnet.com,Tech & Gaming,video.unrulymedia.com,380644482,DIRECT,Not Tracked (Non-Top 3 SSP)
cnet.com,Tech & Gaming,ogury.com,497f03d9-a986-4a3c-979c-e693572b62bf,DIRECT,Not Tracked (Non-Top 3 SSP)
cnet.com,Tech & Gaming,pubmatic.com,163238,RESELLER,Not Tracked (Non-Top 3 SSP)
cnet.com,Tech & Gaming,rubiconproject.com,25198,RESELLER,OGURY Ltd
cnet.com,Tech & Gaming,sharethrough.com,OAW69Fon,RESELLER,Not Tracked (Non-Top 3 SSP)
cnet.com,Tech & Gaming,smartadserver.com,4537,RESELLER,Not Tracked (Non-Top 3 SSP)
cnet.com,Tech & Gaming,thebrave.io,1234746,RESELLER,Not Tracked (Non-Top 3 SSP)
cnet.com,Tech & Gaming,video.unrulymedia.com,533898005,RESELLER,Not Tracked (Non-Top 3 SSP)
cnet.com,Tech & Gaming,video.unrulymedia.com,266978658,RESELLER,Not Tracked (Non-Top 3 SSP)
cnet.com,Tech & Gaming,onetag.com,7e0c4ea788f779d,DIRECT,Not Tracked (Non-Top 3 SSP)
cnet.com,Tech & Gaming,onetag.com,7e0c4ea788f779d-OB,DIRECT,Not Tracked (Non-Top 3 SSP)
cnet.com,Tech & Gaming,spotim.market,sp_xEkoxAFD,DIRECT,Not Tracked (Non-Top 3 SSP)
cnet.com,Tech & Gaming,spotim.market,sp_sMS4IYmO,DIRECT,Not Tracked (Non-Top 3 SSP)
cnet.com,Tech & Gaming,spotim.market,sp_UP8Xh26U,DIRECT,Not Tracked (Non-Top 3 SSP)
cnet.com,Tech & Gaming,aps.amazon.com,9eaf46de-e1bd-41c9-8a11-f5862f62cd8e,DIRECT,Not Tracked (Non-Top 3 SSP)
cnet.com,Tech & Gaming,adyoulike.com,49cb8be79a2f60ad6836ae55996140a5,DIRECT,Not Tracked (Non-Top 3 SSP)
cnet.com,Tech & Gaming,aps.amazon.com,ec4e8edf-c46b-44a1-bcab-17b3a4420b9a,RESELLER,Not Tracked (Non-Top 3 SSP)
cnet.com,Tech & Gaming,copper6.com,748230,RESELLER,Not Tracked (Non-Top 3 SSP)
cnet.com,Tech & Gaming,freewheel.tv,sg1256517,RESELLER,Not Tracked (Non-Top 3 SSP)
cnet.com,Tech & Gaming,freewheel.tv,535665-r-523319,RESELLER,Not Tracked (Non-Top 3 SSP)
cnet.com,Tech & Gaming,google.com,pub-5616046187545019,RESELLER,OpenWeb LTD
cnet.com,Tech & Gaming,indexexchange.com,190532,RESELLER,Not Tracked (Non-Top 3 SSP)
cnet.com,Tech & Gaming,lijit.com,250745,RESELLER,Not Tracked (Non-Top 3 SSP)
cnet.com,Tech & Gaming,lijit.com,408376,RESELLER,Not Tracked (Non-Top 3 SSP)
cnet.com,Tech & Gaming,nativo.com,5740,RESELLER,Not Tracked (Non-Top 3 SSP)
cnet.com,Tech & Gaming,openx.com,539466082,RESELLER,Not Tracked (Non-Top 3 SSP)
cnet.com,Tech & Gaming,pubmatic.com,160925,RESELLER,Not Tracked (Non-Top 3 SSP)
cnet.com,Tech & Gaming,risecodes.com,62b84b0f9766d400014ae2e4,RESELLER,Not Tracked (Non-Top 3 SSP)
cnet.com,Tech & Gaming,rubiconproject.com,17184,RESELLER,"SPOT.IM, Inc."
cnet.com,Tech & Gaming,rubiconproject.com,20736,RESELLER,ADYOULIKE SA
cnet.com,Tech & Gaming,seedtag.com,68409d2be7a09d000758059d,RESELLER,Not Tracked (Non-Top 3 SSP)
cnet.com,Tech & Gaming,smartadserver.com,4242,RESELLER,Not Tracked (Non-Top 3 SSP)
cnet.com,Tech & Gaming,triplelift.com,10504,RESELLER,Not Tracked (Non-Top 3 SSP)
cnet.com,Tech & Gaming,video.unrulymedia.com,449400134,RESELLER,Not Tracked (Non-Top 3 SSP)
cnet.com,Tech & Gaming,yieldmo.com,3482865003332051270,RESELLER,Not Tracked (Non-Top 3 SSP)
cnet.com,Tech & Gaming,openx.com,537144589,DIRECT,Not Tracked (Non-Top 3 SSP)
cnet.com,Tech & Gaming,openx.com,539007805,DIRECT,Not Tracked (Non-Top 3 SSP)
cnet.com,Tech & Gaming,openx.com,538904910,DIRECT,Not Tracked (Non-Top 3 SSP)
cnet.com,Tech & Gaming,pubmatic.com,156082,DIRECT,Not Tracked (Non-Top 3 SSP)
cnet.com,Tech & Gaming,pubmatic.com,156483,DIRECT,Not Tracked (Non-Top 3 SSP)
cnet.com,Tech & Gaming,pubmatic.com,156724,DIRECT,Not Tracked (Non-Top 3 SSP)
cnet.com,Tech & Gaming,pubmatic.com,157624,DIRECT,Not Tracked (Non-Top 3 SSP)
cnet.com,Tech & Gaming,pubmatic.com,160701,DIRECT,Not Tracked (Non-Top 3 SSP)
cnet.com,Tech & Gaming,risecodes.com,642c4ef8ef16c40001db86d9,DIRECT,Not Tracked (Non-Top 3 SSP)
cnet.com,Tech & Gaming,gumgum.com,16112,RESELLER,Not Tracked (Non-Top 3 SSP)
cnet.com,Tech & Gaming,lijit.com,405318,RESELLER,Not Tracked (Non-Top 3 SSP)
cnet.com,Tech & Gaming,loopme.com,11362,RESELLER,Not Tracked (Non-Top 3 SSP)
cnet.com,Tech & Gaming,media.net,8CUQ6928Q,RESELLER,Not Tracked (Non-Top 3 SSP)
cnet.com,Tech & Gaming,onetag.com,69f48c2160c8113,RESELLER,Not Tracked (Non-Top 3 SSP)
cnet.com,Tech & Gaming,pubmatic.com,160295,RESELLER,Not Tracked (Non-Top 3 SSP)
cnet.com,Tech & Gaming,risecodes.com,67697cb18eb1b90001e9f2f3,RESELLER,Not Tracked (Non-Top 3 SSP)
cnet.com,Tech & Gaming,rubiconproject.com,23876,RESELLER,Typea Holdings  LTD.
cnet.com,Tech & Gaming,sharethrough.com,5926d422,RESELLER,Not Tracked (Non-Top 3 SSP)
cnet.com,Tech & Gaming,video.unrulymedia.com,335119963,RESELLER,Not Tracked (Non-Top 3 SSP)
cnet.com,Tech & Gaming,xandr.com,14082,RESELLER,Not Tracked (Non-Top 3 SSP)
cnet.com,Tech & Gaming,yieldmo.com,2754490424016969782,RESELLER,Not Tracked (Non-Top 3 SSP)
cnet.com,Tech & Gaming,triplelift.com,12465,RESELLER,Not Tracked (Non-Top 3 SSP)
cnet.com,Tech & Gaming,nativo.com,6072,RESELLER,Not Tracked (Non-Top 3 SSP)
cnet.com,Tech & Gaming,seedtag.com,66ff0e5782cb950007b2e065,DIRECT,Not Tracked (Non-Top 3 SSP)
cnet.com,Tech & Gaming,indexexchange.com,191730,RESELLER,Not Tracked (Non-Top 3 SSP)
cnet.com,Tech & Gaming,lijit.com,397546,RESELLER,Not Tracked (Non-Top 3 SSP)
cnet.com,Tech & Gaming,loopme.com,11712,RESELLER,Not Tracked (Non-Top 3 SSP)
cnet.com,Tech & Gaming,onetag.com,75601b04186d260,RESELLER,Not Tracked (Non-Top 3 SSP)
cnet.com,Tech & Gaming,openx.com,558758631,RESELLER,Not Tracked (Non-Top 3 SSP)
cnet.com,Tech & Gaming,pubmatic.com,157743,RESELLER,Not Tracked (Non-Top 3 SSP)
cnet.com,Tech & Gaming,rubiconproject.com,17280,RESELLER,Seedtag Advertising SL
cnet.com,Tech & Gaming,sharethrough.com,AXS5NfBr,RESELLER,Not Tracked (Non-Top 3 SSP)
cnet.com,Tech & Gaming,smartadserver.com,3050,RESELLER,Not Tracked (Non-Top 3 SSP)
cnet.com,Tech & Gaming,xandr.com,4009,RESELLER,Not Tracked (Non-Top 3 SSP)
cnet.com,Tech & Gaming,sharethrough.com,fa7c8d5c,DIRECT,Not Tracked (Non-Top 3 SSP)
cnet.com,Tech & Gaming,sharethrough.com,QHLIgrXx,DIRECT,Not Tracked (Non-Top 3 SSP)
cnet.com,Tech & Gaming,33across.com,0013300001kQj2HAAS,RESELLER,Not Tracked (Non-Top 3 SSP)
cnet.com,Tech & Gaming,openx.com,540274407,RESELLER,Not Tracked (Non-Top 3 SSP)
cnet.com,Tech & Gaming,pubmatic.com,156557,RESELLER,Not Tracked (Non-Top 3 SSP)
cnet.com,Tech & Gaming,rubiconproject.com,18694,RESELLER,"Sharethrough, Inc,"
cnet.com,Tech & Gaming,sharethrough.com,68495e06,RESELLER,Not Tracked (Non-Top 3 SSP)
cnet.com,Tech & Gaming,sharethrough.com,9WFDbvJv,RESELLER,Not Tracked (Non-Top 3 SSP)
cnet.com,Tech & Gaming,smaato.com,1100047713,RESELLER,Not Tracked (Non-Top 3 SSP)
cnet.com,Tech & Gaming,smartadserver.com,4012,RESELLER,Not Tracked (Non-Top 3 SSP)
cnet.com,Tech & Gaming,smartadserver.com,4342,RESELLER,Not Tracked (Non-Top 3 SSP)
cnet.com,Tech & Gaming,smartadserver.com,5360,DIRECT,Not Tracked (Non-Top 3 SSP)
cnet.com,Tech & Gaming,video.unrulymedia.com,266978658,RESELLER,Not Tracked (Non-Top 3 SSP)
cnet.com,Tech & Gaming,smaato.com,1100049854,DIRECT,Not Tracked (Non-Top 3 SSP)
cnet.com,Tech & Gaming,smaato.com,1100049855,DIRECT,Not Tracked (Non-Top 3 SSP)
cnet.com,Tech & Gaming,smaato.com,1100049855,DIRECT,Not Tracked (Non-Top 3 SSP)
cnet.com,Tech & Gaming,aceex.io,898,RESELLER,Not Tracked (Non-Top 3 SSP)
cnet.com,Tech & Gaming,adelement.com,30208,RESELLER,Not Tracked (Non-Top 3 SSP)
cnet.com,Tech & Gaming,adview.com,06667060,RESELLER,Not Tracked (Non-Top 3 SSP)
cnet.com,Tech & Gaming,app-stock.com,343264,RESELLER,Not Tracked (Non-Top 3 SSP)
cnet.com,Tech & Gaming,appnexus.com,1752,RESELLER,Not Tracked (Non-Top 3 SSP)
cnet.com,Tech & Gaming,bidence.com,d35302328a4b1f129d376f9c2932b0b7,RESELLER,Not Tracked (Non-Top 3 SSP)
cnet.com,Tech & Gaming,bizzclick.com,101,RESELLER,Not Tracked (Non-Top 3 SSP)
cnet.com,Tech & Gaming,blis.com,86,RESELLER,Not Tracked (Non-Top 3 SSP)
cnet.com,Tech & Gaming,boostappi.com,10011,RESELLER,Not Tracked (Non-Top 3 SSP)
cnet.com,Tech & Gaming,brightcom.com,20480,RESELLER,Not Tracked (Non-Top 3 SSP)
cnet.com,Tech & Gaming,conversantmedia.com,100346,RESELLER,Not Tracked (Non-Top 3 SSP)
cnet.com,Tech & Gaming,inmobi.com,55049d2e109d4ac1820ca1432dda4e13,RESELLER,Not Tracked (Non-Top 3 SSP)
cnet.com,Tech & Gaming,krushmedia.com,AJxF6R551a9M6CaTvK,RESELLER,Not Tracked (Non-Top 3 SSP)
cnet.com,Tech & Gaming,loopme.com,2896,RESELLER,Not Tracked (Non-Top 3 SSP)
cnet.com,Tech & Gaming,openx.com,540274407,RESELLER,Not Tracked (Non-Top 3 SSP)
cnet.com,Tech & Gaming,openx.com,540421297,RESELLER,Not Tracked (Non-Top 3 SSP)
cnet.com,Tech & Gaming,pubmatic.com,156177,RESELLER,Not Tracked (Non-Top 3 SSP)
cnet.com,Tech & Gaming,pubmatic.com,156425,RESELLER,Not Tracked (Non-Top 3 SSP)
cnet.com,Tech & Gaming,pubmatic.com,156557,RESELLER,Not Tracked (Non-Top 3 SSP)
cnet.com,Tech & Gaming,pubmatic.com,161771,RESELLER,Not Tracked (Non-Top 3 SSP)
cnet.com,Tech & Gaming,pubmatic.com,163758,RESELLER,Not Tracked (Non-Top 3 SSP)
cnet.com,Tech & Gaming,pubmatic.com,164282,RESELLER,Not Tracked (Non-Top 3 SSP)
cnet.com,Tech & Gaming,pubmatic.com,162458,RESELLER,Not Tracked (Non-Top 3 SSP)
cnet.com,Tech & Gaming,pubwise.io,83524747,RESELLER,Not Tracked (Non-Top 3 SSP)
cnet.com,Tech & Gaming,rhebus.works,8978398251,RESELLER,Not Tracked (Non-Top 3 SSP)
cnet.com,Tech & Gaming,rubiconproject.com,13132,RESELLER,xAd Inc. DBA Groundtruth
cnet.com,Tech & Gaming,rubiconproject.com,16928,RESELLER,Blis Media Limited
cnet.com,Tech & Gaming,rubiconproject.com,18694,RESELLER,"Sharethrough, Inc,"
cnet.com,Tech & Gaming,rubiconproject.com,24600,RESELLER,"Smaato, Inc."
cnet.com,Tech & Gaming,rubiconproject.com,24992,RESELLER,Unlisted / Unknown ID
cnet.com,Tech & Gaming,sharethrough.com,iBAzay96,RESELLER,Not Tracked (Non-Top 3 SSP)
cnet.com,Tech & Gaming,thebrave.io,52353142,RESELLER,Not Tracked (Non-Top 3 SSP)
cnet.com,Tech & Gaming,triplelift.com,12210-EB,RESELLER,Not Tracked (Non-Top 3 SSP)
cnet.com,Tech & Gaming,xad.com,241,RESELLER,Not Tracked (Non-Top 3 SSP)
cnet.com,Tech & Gaming,yahoo.com,59531,RESELLER,Not Tracked (Non-Top 3 SSP)
cnet.com,Tech & Gaming,softonic.com,817248fb77fb5c2cef3f2c732ad257cb1fb9c5e4,DIRECT,Not Tracked (Non-Top 3 SSP)
cnet.com,Tech & Gaming,onlinemediasolutions.com,20539,DIRECT,Not Tracked (Non-Top 3 SSP)
cnet.com,Tech & Gaming,onomagic.com,205391,DIRECT,Not Tracked (Non-Top 3 SSP)
cnet.com,Tech & Gaming,lijit.com,374814-eb,RESELLER,Not Tracked (Non-Top 3 SSP)
cnet.com,Tech & Gaming,audienciad.com,205392,DIRECT,Not Tracked (Non-Top 3 SSP)
cnet.com,Tech & Gaming,getmediamx.com,1220539,DIRECT,Not Tracked (Non-Top 3 SSP)
cnet.com,Tech & Gaming,rubiconproject.com,25722,RESELLER,ADVIBE MEDIA FZE
cnet.com,Tech & Gaming,advibe.media,820539,DIRECT,Not Tracked (Non-Top 3 SSP)
cnet.com,Tech & Gaming,smartadserver.com,4483,RESELLER,Not Tracked (Non-Top 3 SSP)
cnet.com,Tech & Gaming,limpid.tv,920539,DIRECT,Not Tracked (Non-Top 3 SSP)
cnet.com,Tech & Gaming,pubmatic.com,163517,RESELLER,Not Tracked (Non-Top 3 SSP)
cnet.com,Tech & Gaming,loopme.com,11228,RESELLER,Not Tracked (Non-Top 3 SSP)
cnet.com,Tech & Gaming,indexexchange.com,197494,RESELLER,Not Tracked (Non-Top 3 SSP)
cnet.com,Tech & Gaming,sonobi.com,3aed893727,RESELLER,Not Tracked (Non-Top 3 SSP)
cnet.com,Tech & Gaming,smartadserver.com,4253,RESELLER,Not Tracked (Non-Top 3 SSP)
cnet.com,Tech & Gaming,sharethrough.com,r4ScMSsf,RESELLER,Not Tracked (Non-Top 3 SSP)
cnet.com,Tech & Gaming,sonobi.com,37dd19ad4a,RESELLER,Not Tracked (Non-Top 3 SSP)
cnet.com,Tech & Gaming,sparcmedia.com,320539,DIRECT,Not Tracked (Non-Top 3 SSP)
cnet.com,Tech & Gaming,pubmatic.com,159477,RESELLER,Not Tracked (Non-Top 3 SSP)
cnet.com,Tech & Gaming,google.com,pub-6779699897122868,RESELLER,Unlisted / Unknown ID
cnet.com,Tech & Gaming,appnexus.com,7013,RESELLER,Not Tracked (Non-Top 3 SSP)
cnet.com,Tech & Gaming,google.com,pub-9488838626649539,RESELLER,"SOFTONIC INTERNATIONAL, S.A."
cnet.com,Tech & Gaming,google.com,pub-8132844949421936,RESELLER,"SOFTONIC INTERNATIONAL, S.A."
cnet.com,Tech & Gaming,google.com,pub-3888087731837401,RESELLER,Unlisted / Unknown ID
cnet.com,Tech & Gaming,google.com,softonic,RESELLER,Unlisted / Unknown ID
cnet.com,Tech & Gaming,google.com,mobile-softoniccom,RESELLER,Unlisted / Unknown ID
cnet.com,Tech & Gaming,google.com,tablet-softoniccom,RESELLER,Unlisted / Unknown ID
cnet.com,Tech & Gaming,lijit.com,59383,DIRECT,Not Tracked (Non-Top 3 SSP)
cnet.com,Tech & Gaming,lijit.com,59383-eb,DIRECT,Not Tracked (Non-Top 3 SSP)
cnet.com,Tech & Gaming,openx.com,538959099,RESELLER,Not Tracked (Non-Top 3 SSP)
cnet.com,Tech & Gaming,pubmatic.com,137711,RESELLER,Not Tracked (Non-Top 3 SSP)
cnet.com,Tech & Gaming,rubiconproject.com,17960,RESELLER,Sovrn Inc.
cnet.com,Tech & Gaming,smaato.com,1100056344,RESELLER,Not Tracked (Non-Top 3 SSP)
cnet.com,Tech & Gaming,stnvideo.com,92056281,RESELLER,Not Tracked (Non-Top 3 SSP)
cnet.com,Tech & Gaming,ziffdavis.com,1,DIRECT,Not Tracked (Non-Top 3 SSP)
cnet.com,Tech & Gaming,triplelift.com,4789,DIRECT,Not Tracked (Non-Top 3 SSP)
cnet.com,Tech & Gaming,triplelift.com,4793,DIRECT,Not Tracked (Non-Top 3 SSP)
cnet.com,Tech & Gaming,triplelift.com,4920,DIRECT,Not Tracked (Non-Top 3 SSP)
cnet.com,Tech & Gaming,triplelift.com,4920-EB,DIRECT,Not Tracked (Non-Top 3 SSP)
cnet.com,Tech & Gaming,triplelift.com,4937,DIRECT,Not Tracked (Non-Top 3 SSP)
cnet.com,Tech & Gaming,triplelift.com,4937-EB,DIRECT,Not Tracked (Non-Top 3 SSP)
cnet.com,Tech & Gaming,triplelift.com,11401,DIRECT,Not Tracked (Non-Top 3 SSP)
cnet.com,Tech & Gaming,triplelift.com,11401-EB,DIRECT,Not Tracked (Non-Top 3 SSP)
cnet.com,Tech & Gaming,triplelift.com,231,DIRECT,Not Tracked (Non-Top 3 SSP)
cnet.com,Tech & Gaming,triplelift.com,231-EB,DIRECT,Not Tracked (Non-Top 3 SSP)
cnet.com,Tech & Gaming,triplelift.com,14581,DIRECT,Not Tracked (Non-Top 3 SSP)
cnet.com,Tech & Gaming,triplelift.com,14581-EB,RESELLER,Not Tracked (Non-Top 3 SSP)
cnet.com,Tech & Gaming,triplelift.com,3659,DIRECT,Not Tracked (Non-Top 3 SSP)
cnet.com,Tech & Gaming,triplelift.com,3659-EB,DIRECT,Not Tracked (Non-Top 3 SSP)
cnet.com,Tech & Gaming,triplelift.com,6733,DIRECT,Not Tracked (Non-Top 3 SSP)
cnet.com,Tech & Gaming,triplelift.com,6733-EB,DIRECT,Not Tracked (Non-Top 3 SSP)
cnet.com,Tech & Gaming,undertone.com,1265,DIRECT,Not Tracked (Non-Top 3 SSP)
cnet.com,Tech & Gaming,openx.com,537153564,RESELLER,Not Tracked (Non-Top 3 SSP)
cnet.com,Tech & Gaming,pubmatic.com,160318,RESELLER,Not Tracked (Non-Top 3 SSP)
cnet.com,Tech & Gaming,rubiconproject.com,22412,RESELLER,Intercept Interactive Inc. D.B.A Undertone
cnet.com,Tech & Gaming,yahoo.com,58918,DIRECT,Not Tracked (Non-Top 3 SSP)
cnet.com,Tech & Gaming,yahoo.com,58972,DIRECT,Not Tracked (Non-Top 3 SSP)
cnet.com,Tech & Gaming,yahoo.com,56266,DIRECT,Not Tracked (Non-Top 3 SSP)
cnet.com,Tech & Gaming,yieldmo.com,2363893251091407112,DIRECT,Not Tracked (Non-Top 3 SSP)
cnet.com,Tech & Gaming,yieldmo.com,2271859392603169445,DIRECT,Not Tracked (Non-Top 3 SSP)
cnet.com,Tech & Gaming,conversantmedia.com,100270,RESELLER,Not Tracked (Non-Top 3 SSP)
cnet.com,Tech & Gaming,pubmatic.com,160648,RESELLER,Not Tracked (Non-Top 3 SSP)
cnet.com,Tech & Gaming,rubiconproject.com,17070,RESELLER,"Yieldmo, Inc."
cnet.com,Tech & Gaming,rhythmone.com,3463482822,RESELLER,Not Tracked (Non-Top 3 SSP)
cnet.com,Tech & Gaming,video.unrulymedia.com,3463482822,RESELLER,Not Tracked (Non-Top 3 SSP)
cnet.com,Tech & Gaming,the-ozone-project.com,OZONEZD00001,DIRECT,Not Tracked (Non-Top 3 SSP)
cnet.com,Tech & Gaming,appnexus.com,9979,RESELLER,Not Tracked (Non-Top 3 SSP)
cnet.com,Tech & Gaming,openx.com,540731760,RESELLER,Not Tracked (Non-Top 3 SSP)
cnet.com,Tech & Gaming,pubmatic.com,160557,RESELLER,Not Tracked (Non-Top 3 SSP)
cnet.com,Tech & Gaming,indexexchange.com,206233,RESELLER,Not Tracked (Non-Top 3 SSP)
cnet.com,Tech & Gaming,smartadserver.com,5360,DIRECT,Not Tracked (Non-Top 3 SSP)
cnet.com,Tech & Gaming,sharethrough.com,5360,DIRECT,Not Tracked (Non-Top 3 SSP)
cnet.com,Tech & Gaming,smartadserver.com,5835,DIRECT,Not Tracked (Non-Top 3 SSP)
cnet.com,Tech & Gaming,sharethrough.com,5835,DIRECT,Not Tracked (Non-Top 3 SSP)
cnet.com,Tech & Gaming,playbuzz.com,0010J00001l1J64QAE,DIRECT,Not Tracked (Non-Top 3 SSP)
cnet.com,Tech & Gaming,aps.amazon.com,d0a898e4-a01e-4c35-a6bf-eb83d563b900,RESELLER,Not Tracked (Non-Top 3 SSP)
cnet.com,Tech & Gaming,google.com,pub-9790762811057699,RESELLER,EX.CO Technologies LTD
cnet.com,Tech & Gaming,indexexchange.com,190719,RESELLER,Not Tracked (Non-Top 3 SSP)
cnet.com,Tech & Gaming,google.com,pub-0978064532142215,RESELLER,DOTDASH MEDIA INC. DBA People Inc.
cnet.com,Tech & Gaming,openx.com,540847574,RESELLER,Not Tracked (Non-Top 3 SSP)
cnet.com,Tech & Gaming,video.unrulymedia.com,776418614052335749,RESELLER,Not Tracked (Non-Top 3 SSP)
cnet.com,Tech & Gaming,ottadvisors.com,122597404845,RESELLER,Not Tracked (Non-Top 3 SSP)
cnet.com,Tech & Gaming,pubmatic.com,158554,RESELLER,Not Tracked (Non-Top 3 SSP)
cnet.com,Tech & Gaming,rubiconproject.com,17136,RESELLER,EX.CO TECHNOLOGIES LTD
cnet.com,Tech & Gaming,smartadserver.com,3039,RESELLER,Not Tracked (Non-Top 3 SSP)
theverge.com,Tech & Gaming,google.com,pub-5405132603504384,DIRECT,"Vox Media, Inc."
theverge.com,Tech & Gaming,concert.io,cbs-de4fefac25,DIRECT,Not Tracked (Non-Top 3 SSP)
theverge.com,Tech & Gaming,c.amazon-adsystem.com,3176,DIRECT,Not Tracked (Non-Top 3 SSP)
theverge.com,Tech & Gaming,aps.amazon.com,3176,DIRECT,Not Tracked (Non-Top 3 SSP)
theverge.com,Tech & Gaming,appnexus.com,6894,DIRECT,Not Tracked (Non-Top 3 SSP)
theverge.com,Tech & Gaming,trustx.org,43,DIRECT,Not Tracked (Non-Top 3 SSP)
theverge.com,Tech & Gaming,themediagrid.com,G8TDLF,DIRECT,Not Tracked (Non-Top 3 SSP)
theverge.com,Tech & Gaming,trustx.org,43,DIRECT,Not Tracked (Non-Top 3 SSP)
theverge.com,Tech & Gaming,indexexchange.com,183789,DIRECT,Not Tracked (Non-Top 3 SSP)
theverge.com,Tech & Gaming,indexexchange.com,184214,DIRECT,Not Tracked (Non-Top 3 SSP)
theverge.com,Tech & Gaming,indexexchange.com,193535,DIRECT,Not Tracked (Non-Top 3 SSP)
theverge.com,Tech & Gaming,indexexchange.com,194372,DIRECT,Not Tracked (Non-Top 3 SSP)
theverge.com,Tech & Gaming,indexexchange.com,189263,RESELLER,Not Tracked (Non-Top 3 SSP)
theverge.com,Tech & Gaming,minutemedia.com,01j4raade357,DIRECT,Not Tracked (Non-Top 3 SSP)
theverge.com,Tech & Gaming,pubmatic.com,161683,RESELLER,Not Tracked (Non-Top 3 SSP)
theverge.com,Tech & Gaming,rubiconproject.com,17598,RESELLER,Sportority Inc
theverge.com,Tech & Gaming,video.unrulymedia.com,699546687,RESELLER,Not Tracked (Non-Top 3 SSP)
theverge.com,Tech & Gaming,media.net,8CUWNDO6S,RESELLER,Not Tracked (Non-Top 3 SSP)
theverge.com,Tech & Gaming,rubiconproject.com,7470,DIRECT,Vox Media Inc.
theverge.com,Tech & Gaming,rubiconproject.com,17764,DIRECT,Google
theverge.com,Tech & Gaming,rubiconproject.com,21670,DIRECT,Unlisted / Unknown ID
theverge.com,Tech & Gaming,rubiconproject.com,18288,DIRECT,Vox Media Inc.
theverge.com,Tech & Gaming,pubmatic.com,158756,DIRECT,Not Tracked (Non-Top 3 SSP)
theverge.com,Tech & Gaming,pubmatic.com,158757,DIRECT,Not Tracked (Non-Top 3 SSP)
theverge.com,Tech & Gaming,pubmatic.com,159303,DIRECT,Not Tracked (Non-Top 3 SSP)
theverge.com,Tech & Gaming,districtm.io,100250,DIRECT,Not Tracked (Non-Top 3 SSP)
theverge.com,Tech & Gaming,appnexus.com,1908,RESELLER,Not Tracked (Non-Top 3 SSP)
theverge.com,Tech & Gaming,sharethrough.com,caf7e432,DIRECT,Not Tracked (Non-Top 3 SSP)
theverge.com,Tech & Gaming,yieldmo.com,2156004784716022825,DIRECT,Not Tracked (Non-Top 3 SSP)
theverge.com,Tech & Gaming,yieldmo.com,1703681279037966154,DIRECT,Not Tracked (Non-Top 3 SSP)
theverge.com,Tech & Gaming,yieldmo.com,2468495933289997288,DIRECT,Not Tracked (Non-Top 3 SSP)
theverge.com,Tech & Gaming,yieldmo.com,904966054261497744,DIRECT,Not Tracked (Non-Top 3 SSP)
theverge.com,Tech & Gaming,media.net,8CU74V5MJ,DIRECT,Not Tracked (Non-Top 3 SSP)
theverge.com,Tech & Gaming,media.net,8CUG16RUC,DIRECT,Not Tracked (Non-Top 3 SSP)
theverge.com,Tech & Gaming,media.net,8CU1MY1BF,DIRECT,Not Tracked (Non-Top 3 SSP)
theverge.com,Tech & Gaming,media.net,8CUX1K025,DIRECT,Not Tracked (Non-Top 3 SSP)
theverge.com,Tech & Gaming,trustedstack.com,TS9V5HI46,RESELLER,Not Tracked (Non-Top 3 SSP)
theverge.com,Tech & Gaming,rubiconproject.com,26144,RESELLER,"TStack, Inc"
theverge.com,Tech & Gaming,pubmatic.com,164187,RESELLER,Not Tracked (Non-Top 3 SSP)
theverge.com,Tech & Gaming,amxrtb.com,105199734,RESELLER,Not Tracked (Non-Top 3 SSP)
theverge.com,Tech & Gaming,onetag.com,87f58fe90234d0e,RESELLER,Not Tracked (Non-Top 3 SSP)
theverge.com,Tech & Gaming,openx.com,559911747,RESELLER,Not Tracked (Non-Top 3 SSP)
theverge.com,Tech & Gaming,yieldmo.com,3377199372461613093,RESELLER,Not Tracked (Non-Top 3 SSP)
theverge.com,Tech & Gaming,openx.com,537099073,DIRECT,Not Tracked (Non-Top 3 SSP)
theverge.com,Tech & Gaming,openx.com,537150856,DIRECT,Not Tracked (Non-Top 3 SSP)
theverge.com,Tech & Gaming,openx.com,537143861,DIRECT,Not Tracked (Non-Top 3 SSP)
theverge.com,Tech & Gaming,contextweb.com,562307,DIRECT,Not Tracked (Non-Top 3 SSP)
theverge.com,Tech & Gaming,rubiconproject.com,26184,RESELLER,PULSEPOINT INC
theverge.com,Tech & Gaming,mediafuse.com,720,RESELLER,Not Tracked (Non-Top 3 SSP)
theverge.com,Tech & Gaming,appnexus.com,9538,RESELLER,Not Tracked (Non-Top 3 SSP)
theverge.com,Tech & Gaming,rubiconproject.com,24434,RESELLER,Fuze LLC
theverge.com,Tech & Gaming,sovrn.com,253233,RESELLER,Not Tracked (Non-Top 3 SSP)
theverge.com,Tech & Gaming,lijit.com,253233,RESELLER,Not Tracked (Non-Top 3 SSP)
theverge.com,Tech & Gaming,thebrave.io,1234696,RESELLER,Not Tracked (Non-Top 3 SSP)
theverge.com,Tech & Gaming,sharethrough.com,Bc6D1WHS,RESELLER,Not Tracked (Non-Top 3 SSP)
theverge.com,Tech & Gaming,freewheel.tv,1601349,RESELLER,Not Tracked (Non-Top 3 SSP)
theverge.com,Tech & Gaming,freewheel.tv,1601388,RESELLER,Not Tracked (Non-Top 3 SSP)
theverge.com,Tech & Gaming,onetag.com,82bad7d17eccf7c,RESELLER,Not Tracked (Non-Top 3 SSP)
theverge.com,Tech & Gaming,axonix.com,59107,RESELLER,Not Tracked (Non-Top 3 SSP)
theverge.com,Tech & Gaming,smartadserver.com,4343,RESELLER,Not Tracked (Non-Top 3 SSP)
theverge.com,Tech & Gaming,smartadserver.com,4865,RESELLER,Not Tracked (Non-Top 3 SSP)
theverge.com,Tech & Gaming,triplelift.com,909,DIRECT,Not Tracked (Non-Top 3 SSP)
theverge.com,Tech & Gaming,triplelift.com,3919,DIRECT,Not Tracked (Non-Top 3 SSP)
theverge.com,Tech & Gaming,triplelift.com,4325,DIRECT,Not Tracked (Non-Top 3 SSP)
theverge.com,Tech & Gaming,triplelift.com,600,DIRECT,Not Tracked (Non-Top 3 SSP)
theverge.com,Tech & Gaming,triplelift.com,1223,DIRECT,Not Tracked (Non-Top 3 SSP)
theverge.com,Tech & Gaming,triplelift.com,1219,DIRECT,Not Tracked (Non-Top 3 SSP)
theverge.com,Tech & Gaming,triplelift.com,1223-EB,DIRECT,Not Tracked (Non-Top 3 SSP)
theverge.com,Tech & Gaming,sovrn.com,222019,DIRECT,Not Tracked (Non-Top 3 SSP)
theverge.com,Tech & Gaming,lijit.com,222019,DIRECT,Not Tracked (Non-Top 3 SSP)
theverge.com,Tech & Gaming,lijit.com,222019-eb,DIRECT,Not Tracked (Non-Top 3 SSP)
theverge.com,Tech & Gaming,emxdgt.com,20,DIRECT,Not Tracked (Non-Top 3 SSP)
theverge.com,Tech & Gaming,emxdgt.com,573,DIRECT,Not Tracked (Non-Top 3 SSP)
theverge.com,Tech & Gaming,adtech.com,11391,DIRECT,Not Tracked (Non-Top 3 SSP)
theverge.com,Tech & Gaming,yahoo.com,56272,DIRECT,Not Tracked (Non-Top 3 SSP)
theverge.com,Tech & Gaming,advertising.com,28951,DIRECT,Not Tracked (Non-Top 3 SSP)
theverge.com,Tech & Gaming,yahoo.com,58864,DIRECT,Not Tracked (Non-Top 3 SSP)
theverge.com,Tech & Gaming,spotxchange.com,270977,DIRECT,Not Tracked (Non-Top 3 SSP)
theverge.com,Tech & Gaming,spotx.tv,270977,DIRECT,Not Tracked (Non-Top 3 SSP)
theverge.com,Tech & Gaming,spotxchange.com,136839,RESELLER,Not Tracked (Non-Top 3 SSP)
theverge.com,Tech & Gaming,spotx.tv,136839,RESELLER,Not Tracked (Non-Top 3 SSP)
theverge.com,Tech & Gaming,tritondigital.com,41773,DIRECT,Not Tracked (Non-Top 3 SSP)
theverge.com,Tech & Gaming,remixd.com,fe6e60d2-5f83-464b-8871-c1fe03a14227,DIRECT,Not Tracked (Non-Top 3 SSP)
theverge.com,Tech & Gaming,adswizz.com,remixd,DIRECT,Not Tracked (Non-Top 3 SSP)
theverge.com,Tech & Gaming,rubiconproject.com,22106,DIRECT,Unlisted / Unknown ID
theverge.com,Tech & Gaming,districtm.io,101977,DIRECT,Not Tracked (Non-Top 3 SSP)
theverge.com,Tech & Gaming,targetspot.com,223,DIRECT,Not Tracked (Non-Top 3 SSP)
theverge.com,Tech & Gaming,tritondigital.com,44733,DIRECT,Not Tracked (Non-Top 3 SSP)
theverge.com,Tech & Gaming,appnexus.com,1908,RESELLER,Not Tracked (Non-Top 3 SSP)
theverge.com,Tech & Gaming,google.com,pub-9685734445476814,RESELLER,Sharethrough Inc
theverge.com,Tech & Gaming,rubiconproject.com,16418,RESELLER,TargetSpot France
theverge.com,Tech & Gaming,rubiconproject.com,9753,RESELLER,TargetSpot Inc
theverge.com,Tech & Gaming,spotxchange.com,211833,RESELLER,Not Tracked (Non-Top 3 SSP)
theverge.com,Tech & Gaming,spotx.tv,211833,RESELLER,Not Tracked (Non-Top 3 SSP)
theverge.com,Tech & Gaming,appnexus.com,7265,RESELLER,Not Tracked (Non-Top 3 SSP)
theverge.com,Tech & Gaming,appnexus.com,1577,RESELLER,Not Tracked (Non-Top 3 SSP)
theverge.com,Tech & Gaming,rubiconproject.com,9755,RESELLER,Enticent LLC
theverge.com,Tech & Gaming,adswizz.com,targetspot,RESELLER,Not Tracked (Non-Top 3 SSP)
theverge.com,Tech & Gaming,wideorbit.com,772,DIRECT,Not Tracked (Non-Top 3 SSP)
theverge.com,Tech & Gaming,rubiconproject.com,21134,RESELLER,Unlisted / Unknown ID
theverge.com,Tech & Gaming,thisisdax.com,REMIXD,RESELLER,Not Tracked (Non-Top 3 SSP)
theverge.com,Tech & Gaming,connatix.com,102487,DIRECT,Not Tracked (Non-Top 3 SSP)
theverge.com,Tech & Gaming,pubmatic.com,156592,RESELLER,Not Tracked (Non-Top 3 SSP)
theverge.com,Tech & Gaming,rubiconproject.com,19564,RESELLER,Connatix Native Exchange Inc
theverge.com,Tech & Gaming,openx.com,539496816,RESELLER,Not Tracked (Non-Top 3 SSP)
theverge.com,Tech & Gaming,indexexchange.com,190549,RESELLER,Not Tracked (Non-Top 3 SSP)
theverge.com,Tech & Gaming,media.net,8CUP5F2LD,RESELLER,Not Tracked (Non-Top 3 SSP)
theverge.com,Tech & Gaming,triplelift.com,12200,RESELLER,Not Tracked (Non-Top 3 SSP)
theverge.com,Tech & Gaming,supply.colossusssp.com,332,RESELLER,Not Tracked (Non-Top 3 SSP)
theverge.com,Tech & Gaming,video.unrulymedia.com,687806135,RESELLER,Not Tracked (Non-Top 3 SSP)
theverge.com,Tech & Gaming,smartadserver.com,3630,RESELLER,Not Tracked (Non-Top 3 SSP)
theverge.com,Tech & Gaming,risecodes.com,60053eeffc482800014c29be,RESELLER,Not Tracked (Non-Top 3 SSP)
theverge.com,Tech & Gaming,yieldmo.com,3286586829842621292,RESELLER,Not Tracked (Non-Top 3 SSP)
theverge.com,Tech & Gaming,sharethrough.com,KnLYRz1v,RESELLER,Not Tracked (Non-Top 3 SSP)
theverge.com,Tech & Gaming,sonobi.com,2b12be22c9,RESELLER,Not Tracked (Non-Top 3 SSP)
theverge.com,Tech & Gaming,pubmatic.com,163106,RESELLER,Not Tracked (Non-Top 3 SSP)
theverge.com,Tech & Gaming,didna.io,494n1p17081a,RESELLER,Not Tracked (Non-Top 3 SSP)
theverge.com,Tech & Gaming,google.com,pub-3565385483761681,RESELLER,"DIDNA, INC."
theverge.com,Tech & Gaming,loopme.com,11186,RESELLER,Not Tracked (Non-Top 3 SSP)
theverge.com,Tech & Gaming,contextweb.com,561340,RESELLER,Not Tracked (Non-Top 3 SSP)
theverge.com,Tech & Gaming,google.com,pub-1929615694373103,RESELLER,Connatix Native Exchange Inc
theverge.com,Tech & Gaming,gumgum.com,12991,RESELLER,Not Tracked (Non-Top 3 SSP)
theverge.com,Tech & Gaming,adipolosolutions.com,22597229605,RESELLER,Not Tracked (Non-Top 3 SSP)
theverge.com,Tech & Gaming,google.com,pub-4903453974745530,RESELLER,Medmob
theverge.com,Tech & Gaming,opamarketplace.com,22597229605,RESELLER,Not Tracked (Non-Top 3 SSP)
theverge.com,Tech & Gaming,google.com,pub-9135355251665930,RESELLER,Greeter HOLDINGS LTD
theverge.com,Tech & Gaming,consumable.com,1039096,DIRECT,Not Tracked (Non-Top 3 SSP)
theverge.com,Tech & Gaming,google.com,pub-6694481294649483,RESELLER,"Consumable, inc."
theverge.com,Tech & Gaming,appnexus.com,7556,RESELLER,Not Tracked (Non-Top 3 SSP)
theverge.com,Tech & Gaming,emxdgt.com,20,RESELLER,Not Tracked (Non-Top 3 SSP)
theverge.com,Tech & Gaming,indexexchange.com,184914,RESELLER,Not Tracked (Non-Top 3 SSP)
theverge.com,Tech & Gaming,indexexchange.com,186248,RESELLER,Not Tracked (Non-Top 3 SSP)
theverge.com,Tech & Gaming,indexexchange.com,187454,RESELLER,Not Tracked (Non-Top 3 SSP)
theverge.com,Tech & Gaming,openx.com,537150004,RESELLER,Not Tracked (Non-Top 3 SSP)
theverge.com,Tech & Gaming,openx.com,539699341,RESELLER,Not Tracked (Non-Top 3 SSP)
theverge.com,Tech & Gaming,pubmatic.com,156319,RESELLER,Not Tracked (Non-Top 3 SSP)
theverge.com,Tech & Gaming,pubmatic.com,157367,RESELLER,Not Tracked (Non-Top 3 SSP)
theverge.com,Tech & Gaming,rubiconproject.com,17632,RESELLER,Unlisted / Unknown ID
theverge.com,Tech & Gaming,rubiconproject.com,18890,RESELLER,Unlisted / Unknown ID
theverge.com,Tech & Gaming,sonobi.com,e55fb5d7c2,RESELLER,Not Tracked (Non-Top 3 SSP)
theverge.com,Tech & Gaming,sonobi.com,6e5cfb5420,RESELLER,Not Tracked (Non-Top 3 SSP)
theverge.com,Tech & Gaming,spotx.tv,270977,RESELLER,Not Tracked (Non-Top 3 SSP)
theverge.com,Tech & Gaming,spotxchange.com,270977,RESELLER,Not Tracked (Non-Top 3 SSP)
theverge.com,Tech & Gaming,sovrn.com,248396,RESELLER,Not Tracked (Non-Top 3 SSP)
theverge.com,Tech & Gaming,lijit.com,248396-eb,RESELLER,Not Tracked (Non-Top 3 SSP)
theverge.com,Tech & Gaming,lijit.com,248396,RESELLER,Not Tracked (Non-Top 3 SSP)
theverge.com,Tech & Gaming,telaria.com,vtrdn-wjdav,RESELLER,Not Tracked (Non-Top 3 SSP)
theverge.com,Tech & Gaming,tremorhub.com,vtrdn-wjdav,RESELLER,Not Tracked (Non-Top 3 SSP)
theverge.com,Tech & Gaming,adtech.com,10947,RESELLER,Not Tracked (Non-Top 3 SSP)
theverge.com,Tech & Gaming,advertising.com,28409,RESELLER,Not Tracked (Non-Top 3 SSP)
theverge.com,Tech & Gaming,advertising.com,28509,RESELLER,Not Tracked (Non-Top 3 SSP)
theverge.com,Tech & Gaming,yahoo.com,55104,RESELLER,Not Tracked (Non-Top 3 SSP)
theverge.com,Tech & Gaming,improvedigital.com,1845,RESELLER,Not Tracked (Non-Top 3 SSP)
theverge.com,Tech & Gaming,outbrain.com,007e44ce3be72024fea1906c27ed7d6324,DIRECT,Not Tracked (Non-Top 3 SSP)
theverge.com,Tech & Gaming,vi.ai,g-00fe20ce3cce7ac033e383ec571cb4d765,DIRECT,Not Tracked (Non-Top 3 SSP)
theverge.com,Tech & Gaming,sharethrough.com,uDIHIVKG,RESELLER,Not Tracked (Non-Top 3 SSP)
theverge.com,Tech & Gaming,sharethrough.com,c21oBkqP,RESELLER,Not Tracked (Non-Top 3 SSP)
theverge.com,Tech & Gaming,rubiconproject.com,19668,RESELLER,Teads Holding Co.
theverge.com,Tech & Gaming,google.com,pub-5617098146054077,RESELLER,Unlisted / Unknown ID
theverge.com,Tech & Gaming,xandr.com,10736,RESELLER,Not Tracked (Non-Top 3 SSP)
theverge.com,Tech & Gaming,aps.amazon.com,3965,RESELLER,Not Tracked (Non-Top 3 SSP)
theverge.com,Tech & Gaming,pubmatic.com,158615,RESELLER,Not Tracked (Non-Top 3 SSP)
theverge.com,Tech & Gaming,openx.com,540393169,RESELLER,Not Tracked (Non-Top 3 SSP)
theverge.com,Tech & Gaming,indexexchange.com,190856,RESELLER,Not Tracked (Non-Top 3 SSP)
theverge.com,Tech & Gaming,indexexchange.com,193091,RESELLER,Not Tracked (Non-Top 3 SSP)
theverge.com,Tech & Gaming,smaato.com,1100048704,RESELLER,Not Tracked (Non-Top 3 SSP)
theverge.com,Tech & Gaming,smaato.com,1100054606,RESELLER,Not Tracked (Non-Top 3 SSP)
theverge.com,Tech & Gaming,appnexus.com,7597,RESELLER,Not Tracked (Non-Top 3 SSP)
theverge.com,Tech & Gaming,contextweb.com,562709,RESELLER,Not Tracked (Non-Top 3 SSP)
theverge.com,Tech & Gaming,smartadserver.com,3820,RESELLER,Not Tracked (Non-Top 3 SSP)
theverge.com,Tech & Gaming,pubmatic.com,160065,RESELLER,Not Tracked (Non-Top 3 SSP)
theverge.com,Tech & Gaming,video.unrulymedia.com,367782854,RESELLER,Not Tracked (Non-Top 3 SSP)
theverge.com,Tech & Gaming,beachfront.com,14027,RESELLER,Not Tracked (Non-Top 3 SSP)
theverge.com,Tech & Gaming,sharethrough.com,c21oBkqP,RESELLER,Not Tracked (Non-Top 3 SSP)
theverge.com,Tech & Gaming,freewheel.tv,1220655,RESELLER,Not Tracked (Non-Top 3 SSP)
theverge.com,Tech & Gaming,sharethrough.com,8825b1e9,DIRECT,Not Tracked (Non-Top 3 SSP)
theverge.com,Tech & Gaming,sharethrough.com,DfxpIT2n,RESELLER,Not Tracked (Non-Top 3 SSP)
theverge.com,Tech & Gaming,video.unrulymedia.com,266978658,RESELLER,Not Tracked (Non-Top 3 SSP)
theverge.com,Tech & Gaming,pubmatic.com,156557,RESELLER,Not Tracked (Non-Top 3 SSP)
theverge.com,Tech & Gaming,rubiconproject.com,18694,RESELLER,"Sharethrough, Inc,"
theverge.com,Tech & Gaming,openx.com,540274407,RESELLER,Not Tracked (Non-Top 3 SSP)
theverge.com,Tech & Gaming,33across.com,0013300001kQj2HAAS,RESELLER,Not Tracked (Non-Top 3 SSP)
theverge.com,Tech & Gaming,smaato.com,1100047713,RESELLER,Not Tracked (Non-Top 3 SSP)
theverge.com,Tech & Gaming,smartadserver.com,4342,RESELLER,Not Tracked (Non-Top 3 SSP)
theverge.com,Tech & Gaming,smartadserver.com,4012,RESELLER,Not Tracked (Non-Top 3 SSP)
theverge.com,Tech & Gaming,smartadserver.com,5060,DIRECT,Not Tracked (Non-Top 3 SSP)
theverge.com,Tech & Gaming,sharethrough.com,5060,DIRECT,Not Tracked (Non-Top 3 SSP)
theverge.com,Tech & Gaming,smartadserver.com,5723,DIRECT,Not Tracked (Non-Top 3 SSP)
theverge.com,Tech & Gaming,sharethrough.com,5723,DIRECT,Not Tracked (Non-Top 3 SSP)
theverge.com,Tech & Gaming,video.unrulymedia.com,4669007123090740487,DIRECT,Not Tracked (Non-Top 3 SSP)
theverge.com,Tech & Gaming,pmc.com,1243067,DIRECT,Not Tracked (Non-Top 3 SSP)
theverge.com,Tech & Gaming,rubiconproject.com,10278,RESELLER,"SHEMedia, LLC"
theverge.com,Tech & Gaming,risecodes.com,69634386962a390001cd9d05,DIRECT,Not Tracked (Non-Top 3 SSP)
theverge.com,Tech & Gaming,rubiconproject.com,23876,RESELLER,Typea Holdings  LTD.
theverge.com,Tech & Gaming,media.net,8CUQ6928Q,RESELLER,Not Tracked (Non-Top 3 SSP)
theverge.com,Tech & Gaming,sharethrough.com,5926d422,RESELLER,Not Tracked (Non-Top 3 SSP)
theverge.com,Tech & Gaming,sharethrough.com,4284,RESELLER,Not Tracked (Non-Top 3 SSP)
theverge.com,Tech & Gaming,pubmatic.com,160295,RESELLER,Not Tracked (Non-Top 3 SSP)
theverge.com,Tech & Gaming,openx.com,537140488,RESELLER,Not Tracked (Non-Top 3 SSP)
theverge.com,Tech & Gaming,themediagrid.com,HW1PGR,RESELLER,Not Tracked (Non-Top 3 SSP)
theverge.com,Tech & Gaming,triplelift.com,12465,RESELLER,Not Tracked (Non-Top 3 SSP)
theverge.com,Tech & Gaming,xandr.com,14082,RESELLER,Not Tracked (Non-Top 3 SSP)
theverge.com,Tech & Gaming,smartadserver.com,4284,RESELLER,Not Tracked (Non-Top 3 SSP)
theverge.com,Tech & Gaming,sharethrough.com,8825b1e9,DIRECT,Not Tracked (Non-Top 3 SSP)
theverge.com,Tech & Gaming,sonobi.com,8671046e3a,DIRECT,Not Tracked (Non-Top 3 SSP)
ign.com,Tech & Gaming,google.com,pub-9914992914910847,DIRECT,Ziff Davis
ign.com,Tech & Gaming,google.com,pub-3024908212241985,DIRECT,Ziff Davis LLC
ign.com,Tech & Gaming,google.com,pub-3121563445182145,DIRECT,"Ookla, LLC"
ign.com,Tech & Gaming,google.com,pub-3106395483604258,DIRECT,Confidential
ign.com,Tech & Gaming,google.com,pub-3279873763388914,DIRECT,Ziff Davis
ign.com,Tech & Gaming,google.com,pub-4852539743776989,DIRECT,Unlisted / Unknown ID
ign.com,Tech & Gaming,aps.amazon.com,3158,DIRECT,Not Tracked (Non-Top 3 SSP)
ign.com,Tech & Gaming,triplelift.com,158,DIRECT,Not Tracked (Non-Top 3 SSP)
ign.com,Tech & Gaming,adyoulike.com,7427fc8254bfe7e73fe5a87b9319a0bd,DIRECT,Not Tracked (Non-Top 3 SSP)
ign.com,Tech & Gaming,ziffdavis.com,1,DIRECT,Not Tracked (Non-Top 3 SSP)
ign.com,Tech & Gaming,blockthrough.com,4981716645576704,DIRECT,Not Tracked (Non-Top 3 SSP)
ign.com,Tech & Gaming,amxrtb.com,105199664,RESELLER,Not Tracked (Non-Top 3 SSP)
ign.com,Tech & Gaming,appnexus.com,12290,RESELLER,Not Tracked (Non-Top 3 SSP)
ign.com,Tech & Gaming,themediagrid.com,7E2DLW,RESELLER,Not Tracked (Non-Top 3 SSP)
ign.com,Tech & Gaming,indexexchange.com,194341,RESELLER,Not Tracked (Non-Top 3 SSP)
ign.com,Tech & Gaming,video.unrulymedia.com,553875126,RESELLER,Not Tracked (Non-Top 3 SSP)
ign.com,Tech & Gaming,pubmatic.com,160377,RESELLER,Not Tracked (Non-Top 3 SSP)
ign.com,Tech & Gaming,rubiconproject.com,23718,RESELLER,Blockthrough Inc.
ign.com,Tech & Gaming,trustedstack.com,TS3YM7Z35,DIRECT,Not Tracked (Non-Top 3 SSP)
ign.com,Tech & Gaming,pubmatic.com,164187,RESELLER,Not Tracked (Non-Top 3 SSP)
ign.com,Tech & Gaming,rubiconproject.com,26144,RESELLER,"TStack, Inc"
ign.com,Tech & Gaming,criteo.com,B-062691,DIRECT,Unlisted / Unknown ID
ign.com,Tech & Gaming,themediagrid.com,E4CMGJ,DIRECT,Not Tracked (Non-Top 3 SSP)
ign.com,Tech & Gaming,google.com,pub-6949480713202456,RESELLER,AdSparc Pty Ltd
ign.com,Tech & Gaming,google.com,pub-1066013786354051,RESELLER,AdSparc Pty Ltd
ign.com,Tech & Gaming,gumgum.com,11889,DIRECT,Not Tracked (Non-Top 3 SSP)
ign.com,Tech & Gaming,rubiconproject.com,23434,RESELLER,"GumGum, Inc."
ign.com,Tech & Gaming,pubmatic.com,157897,RESELLER,Not Tracked (Non-Top 3 SSP)
ign.com,Tech & Gaming,appnexus.com,2758,RESELLER,Not Tracked (Non-Top 3 SSP)
ign.com,Tech & Gaming,contextweb.com,558355,RESELLER,Not Tracked (Non-Top 3 SSP)
ign.com,Tech & Gaming,openx.com,537149485,RESELLER,Not Tracked (Non-Top 3 SSP)
ign.com,Tech & Gaming,improvedigital.com,1884,RESELLER,Not Tracked (Non-Top 3 SSP)
ign.com,Tech & Gaming,smartadserver.com,4005,RESELLER,Not Tracked (Non-Top 3 SSP)
ign.com,Tech & Gaming,admanmedia.com,799,RESELLER,Not Tracked (Non-Top 3 SSP)
ign.com,Tech & Gaming,revcontent.com,110029,RESELLER,Not Tracked (Non-Top 3 SSP)
ign.com,Tech & Gaming,rhythmone.com,78519861,RESELLER,Not Tracked (Non-Top 3 SSP)
ign.com,Tech & Gaming,indexexchange.com,193315,DIRECT,Not Tracked (Non-Top 3 SSP)
ign.com,Tech & Gaming,indexexchange.com,194875,DIRECT,Not Tracked (Non-Top 3 SSP)
ign.com,Tech & Gaming,indexexchange.com,184298,DIRECT,Not Tracked (Non-Top 3 SSP)
ign.com,Tech & Gaming,indexexchange.com,185019,DIRECT,Not Tracked (Non-Top 3 SSP)
ign.com,Tech & Gaming,indexexchange.com,184309,DIRECT,Not Tracked (Non-Top 3 SSP)
ign.com,Tech & Gaming,indexexchange.com,188171,DIRECT,Not Tracked (Non-Top 3 SSP)
ign.com,Tech & Gaming,indexexchange.com,215207,DIRECT,Not Tracked (Non-Top 3 SSP)
ign.com,Tech & Gaming,kargo.com,1481,DIRECT,Not Tracked (Non-Top 3 SSP)
ign.com,Tech & Gaming,kargo.com,8715,DIRECT,Not Tracked (Non-Top 3 SSP)
ign.com,Tech & Gaming,contextweb.com,562001,RESELLER,Not Tracked (Non-Top 3 SSP)
ign.com,Tech & Gaming,appnexus.com,8173,RESELLER,Not Tracked (Non-Top 3 SSP)
ign.com,Tech & Gaming,rubiconproject.com,11864,RESELLER,"Kargo Global, Inc."
ign.com,Tech & Gaming,liveintent.com,16929,DIRECT,Not Tracked (Non-Top 3 SSP)
ign.com,Tech & Gaming,liveintent.com,7409,DIRECT,Not Tracked (Non-Top 3 SSP)
ign.com,Tech & Gaming,liveintent.com,67884,DIRECT,Not Tracked (Non-Top 3 SSP)
ign.com,Tech & Gaming,liveintent.com,3103,DIRECT,Not Tracked (Non-Top 3 SSP)
ign.com,Tech & Gaming,liveintent.com,42395,DIRECT,Not Tracked (Non-Top 3 SSP)
ign.com,Tech & Gaming,liveintent.com,2405,DIRECT,Not Tracked (Non-Top 3 SSP)
ign.com,Tech & Gaming,liveintent.com,5288,DIRECT,Not Tracked (Non-Top 3 SSP)
ign.com,Tech & Gaming,liveintent.com,7407,DIRECT,Not Tracked (Non-Top 3 SSP)
ign.com,Tech & Gaming,liveintent.com,39735,DIRECT,Not Tracked (Non-Top 3 SSP)
ign.com,Tech & Gaming,liveintent.com,7735,DIRECT,Not Tracked (Non-Top 3 SSP)
ign.com,Tech & Gaming,liveintent.com,11187,DIRECT,Not Tracked (Non-Top 3 SSP)
ign.com,Tech & Gaming,liveintent.com,23803,DIRECT,Not Tracked (Non-Top 3 SSP)
ign.com,Tech & Gaming,rubiconproject.com,11576,DIRECT,"Ziff Davis, LLC."
ign.com,Tech & Gaming,rubiconproject.com,18576,DIRECT,Google
ign.com,Tech & Gaming,rubiconproject.com,11796,DIRECT,"Ziff Davis, LLC."
ign.com,Tech & Gaming,amxrtb.com,105199371,DIRECT,Not Tracked (Non-Top 3 SSP)
ign.com,Tech & Gaming,media.net,8CASYTYP1,DIRECT,Not Tracked (Non-Top 3 SSP)
ign.com,Tech & Gaming,media.net,8CA5MQT55,DIRECT,Not Tracked (Non-Top 3 SSP)
ign.com,Tech & Gaming,media.net,8CU681XQ3,DIRECT,Not Tracked (Non-Top 3 SSP)
ign.com,Tech & Gaming,media.net,8CUQILL4E,DIRECT,Not Tracked (Non-Top 3 SSP)
ign.com,Tech & Gaming,media.net,8CU47YE5N,DIRECT,Not Tracked (Non-Top 3 SSP)
ign.com,Tech & Gaming,media.net,8CU182NG3,DIRECT,Not Tracked (Non-Top 3 SSP)
ign.com,Tech & Gaming,media.net,8CUQILL4E,DIRECT,Not Tracked (Non-Top 3 SSP)
ign.com,Tech & Gaming,trustedstack.com,TS9V5HI46,RESELLER,Not Tracked (Non-Top 3 SSP)
ign.com,Tech & Gaming,pubmatic.com,164187,RESELLER,Not Tracked (Non-Top 3 SSP)
ign.com,Tech & Gaming,rubiconproject.com,26144,RESELLER,"TStack, Inc"
ign.com,Tech & Gaming,amxrtb.com,105199734,RESELLER,Not Tracked (Non-Top 3 SSP)
ign.com,Tech & Gaming,openx.com,559911747,RESELLER,Not Tracked (Non-Top 3 SSP)
ign.com,Tech & Gaming,yieldmo.com,3377199372461613093,RESELLER,Not Tracked (Non-Top 3 SSP)
ign.com,Tech & Gaming,onetag.com,87f58fe90234d0e,RESELLER,Not Tracked (Non-Top 3 SSP)
ign.com,Tech & Gaming,sharethrough.com,KGPeiFc6,RESELLER,Not Tracked (Non-Top 3 SSP)
ign.com,Tech & Gaming,lijit.com,551846,RESELLER,Not Tracked (Non-Top 3 SSP)
ign.com,Tech & Gaming,ogury.com,497f03d9-a986-4a3c-979c-e693572b62bf,DIRECT,Not Tracked (Non-Top 3 SSP)
ign.com,Tech & Gaming,appnexus.com,11470,RESELLER,Not Tracked (Non-Top 3 SSP)
ign.com,Tech & Gaming,pubmatic.com,163238,RESELLER,Not Tracked (Non-Top 3 SSP)
ign.com,Tech & Gaming,rubiconproject.com,25198,RESELLER,OGURY Ltd
ign.com,Tech & Gaming,smartadserver.com,4537,RESELLER,Not Tracked (Non-Top 3 SSP)
ign.com,Tech & Gaming,video.unrulymedia.com,266978658,RESELLER,Not Tracked (Non-Top 3 SSP)
ign.com,Tech & Gaming,video.unrulymedia.com,380644482,DIRECT,Not Tracked (Non-Top 3 SSP)
ign.com,Tech & Gaming,openx.com,539007805,DIRECT,Not Tracked (Non-Top 3 SSP)
ign.com,Tech & Gaming,openx.com,538904910,DIRECT,Not Tracked (Non-Top 3 SSP)
ign.com,Tech & Gaming,openx.com,537144589,DIRECT,Not Tracked (Non-Top 3 SSP)
ign.com,Tech & Gaming,appnexus.com,7290,RESELLER,Not Tracked (Non-Top 3 SSP)
ign.com,Tech & Gaming,playground.xyz,455526ec,DIRECT,Not Tracked (Non-Top 3 SSP)
ign.com,Tech & Gaming,playground.xyz,b68ec732,DIRECT,Not Tracked (Non-Top 3 SSP)
ign.com,Tech & Gaming,playground.xyz,ee50d11b,DIRECT,Not Tracked (Non-Top 3 SSP)
ign.com,Tech & Gaming,playground.xyz,67581272,DIRECT,Not Tracked (Non-Top 3 SSP)
ign.com,Tech & Gaming,pubmatic.com,156082,DIRECT,Not Tracked (Non-Top 3 SSP)
ign.com,Tech & Gaming,pubmatic.com,156483,DIRECT,Not Tracked (Non-Top 3 SSP)
ign.com,Tech & Gaming,pubmatic.com,157624,DIRECT,Not Tracked (Non-Top 3 SSP)
ign.com,Tech & Gaming,pubmatic.com,156724,DIRECT,Not Tracked (Non-Top 3 SSP)
ign.com,Tech & Gaming,pubmatic.com,163344,DIRECT,Not Tracked (Non-Top 3 SSP)
ign.com,Tech & Gaming,sharethrough.com,QHLIgrXx,DIRECT,Not Tracked (Non-Top 3 SSP)
ign.com,Tech & Gaming,sharethrough.com,68495e06,RESELLER,Not Tracked (Non-Top 3 SSP)
ign.com,Tech & Gaming,sharethrough.com,9WFDbvJv,RESELLER,Not Tracked (Non-Top 3 SSP)
ign.com,Tech & Gaming,pubmatic.com,156557,RESELLER,Not Tracked (Non-Top 3 SSP)
ign.com,Tech & Gaming,openx.com,540274407,RESELLER,Not Tracked (Non-Top 3 SSP)
ign.com,Tech & Gaming,rubiconproject.com,18694,RESELLER,"Sharethrough, Inc,"
ign.com,Tech & Gaming,33across.com,0013300001kQj2HAAS,RESELLER,Not Tracked (Non-Top 3 SSP)
ign.com,Tech & Gaming,smaato.com,1100047713,RESELLER,Not Tracked (Non-Top 3 SSP)
ign.com,Tech & Gaming,lijit.com,266704-eb,DIRECT,Not Tracked (Non-Top 3 SSP)
ign.com,Tech & Gaming,lijit.com,428539-eb,DIRECT,Not Tracked (Non-Top 3 SSP)
ign.com,Tech & Gaming,sovrn.com,59383,DIRECT,Not Tracked (Non-Top 3 SSP)
ign.com,Tech & Gaming,lijit.com,59383,DIRECT,Not Tracked (Non-Top 3 SSP)
ign.com,Tech & Gaming,lijit.com,59383-eb,DIRECT,Not Tracked (Non-Top 3 SSP)
ign.com,Tech & Gaming,conversantmedia.com,100453,DIRECT,Not Tracked (Non-Top 3 SSP)
ign.com,Tech & Gaming,conversantmedia.com,100658,RESELLER,Not Tracked (Non-Top 3 SSP)
ign.com,Tech & Gaming,âconversantmedia.com,100660,RESELLER,Not Tracked (Non-Top 3 SSP)
ign.com,Tech & Gaming,âconversantmedia.com,100661,RESELLER,Not Tracked (Non-Top 3 SSP)
ign.com,Tech & Gaming,âconversantmedia.com,100662,RESELLER,Not Tracked (Non-Top 3 SSP)
ign.com,Tech & Gaming,âconversantmedia.com,100663,RESELLER,Not Tracked (Non-Top 3 SSP)
ign.com,Tech & Gaming,âconversantmedia.com,100670,RESELLER,Not Tracked (Non-Top 3 SSP)
ign.com,Tech & Gaming,âconversantmedia.com,100671,RESELLER,Not Tracked (Non-Top 3 SSP)
ign.com,Tech & Gaming,âconversantmedia.com,100672,RESELLER,Not Tracked (Non-Top 3 SSP)
ign.com,Tech & Gaming,conversantmedia.com,100677,RESELLER,Not Tracked (Non-Top 3 SSP)
ign.com,Tech & Gaming,spotim.market,sp_xEkoxAFD,DIRECT,Not Tracked (Non-Top 3 SSP)
ign.com,Tech & Gaming,spotim.market,sp_sMS4IYmO,DIRECT,Not Tracked (Non-Top 3 SSP)
ign.com,Tech & Gaming,spotim.market,sp_UP8Xh26U,DIRECT,Not Tracked (Non-Top 3 SSP)
ign.com,Tech & Gaming,google.com,pub-5616046187545019,RESELLER,OpenWeb LTD
ign.com,Tech & Gaming,aps.amazon.com,9eaf46de-e1bd-41c9-8a11-f5862f62cd8e,DIRECT,Not Tracked (Non-Top 3 SSP)
ign.com,Tech & Gaming,adyoulike.com,49cb8be79a2f60ad6836ae55996140a5,DIRECT,Not Tracked (Non-Top 3 SSP)
ign.com,Tech & Gaming,video.unrulymedia.com,449400134,DIRECT,Not Tracked (Non-Top 3 SSP)
ign.com,Tech & Gaming,rubiconproject.com,17184,RESELLER,"SPOT.IM, Inc."
ign.com,Tech & Gaming,appnexus.com,6933,RESELLER,Not Tracked (Non-Top 3 SSP)
ign.com,Tech & Gaming,pubmatic.com,156813,RESELLER,Not Tracked (Non-Top 3 SSP)
ign.com,Tech & Gaming,pubmatic.com,156758,RESELLER,Not Tracked (Non-Top 3 SSP)
ign.com,Tech & Gaming,indexexchange.com,189529,RESELLER,Not Tracked (Non-Top 3 SSP)
ign.com,Tech & Gaming,indexexchange.com,190532,RESELLER,Not Tracked (Non-Top 3 SSP)
ign.com,Tech & Gaming,lijit.com,250745,RESELLER,Not Tracked (Non-Top 3 SSP)
ign.com,Tech & Gaming,triplelift.com,10504,RESELLER,Not Tracked (Non-Top 3 SSP)
ign.com,Tech & Gaming,sharethrough.com,FXFDQVgk,RESELLER,Not Tracked (Non-Top 3 SSP)
ign.com,Tech & Gaming,sharethrough.com,SIeEIiEP,RESELLER,Not Tracked (Non-Top 3 SSP)
ign.com,Tech & Gaming,sharethrough.com,UN5mGpO8,RESELLER,Not Tracked (Non-Top 3 SSP)
ign.com,Tech & Gaming,yieldmo.com,3482865003332051270,DIRECT,Not Tracked (Non-Top 3 SSP)
ign.com,Tech & Gaming,smartadserver.com,4242,RESELLER,Not Tracked (Non-Top 3 SSP)
ign.com,Tech & Gaming,openx.com,539466082,RESELLER,Not Tracked (Non-Top 3 SSP)
ign.com,Tech & Gaming,risecodes.com,62b84b0f9766d400014ae2e4,DIRECT,Not Tracked (Non-Top 3 SSP)
ign.com,Tech & Gaming,rubiconproject.com,23876,RESELLER,Typea Holdings  LTD.
ign.com,Tech & Gaming,xandr.com,14082,RESELLER,Not Tracked (Non-Top 3 SSP)
ign.com,Tech & Gaming,appnexus.com,7664,RESELLER,Not Tracked (Non-Top 3 SSP)
ign.com,Tech & Gaming,pubmatic.com,160925,RESELLER,Not Tracked (Non-Top 3 SSP)
ign.com,Tech & Gaming,rubiconproject.com,20736,RESELLER,ADYOULIKE SA
ign.com,Tech & Gaming,loopme.com,11480,RESELLER,Not Tracked (Non-Top 3 SSP)
ign.com,Tech & Gaming,amxrtb.com,105199619,DIRECT,Not Tracked (Non-Top 3 SSP)
ign.com,Tech & Gaming,adipolosolutions.com,23015084430,RESELLER,Not Tracked (Non-Top 3 SSP)
ign.com,Tech & Gaming,google.com,pub-4903453974745530,RESELLER,Medmob
ign.com,Tech & Gaming,copper6.com,748230,DIRECT,Not Tracked (Non-Top 3 SSP)
ign.com,Tech & Gaming,aps.amazon.com,ec4e8edf-c46b-44a1-bcab-17b3a4420b9a,RESELLER,Not Tracked (Non-Top 3 SSP)
ign.com,Tech & Gaming,rubiconproject.com,26360,RESELLER,Copper6 Ltd
ign.com,Tech & Gaming,themediagrid.com,PA8RET,RESELLER,Not Tracked (Non-Top 3 SSP)
ign.com,Tech & Gaming,nativo.com,5740,DIRECT,Not Tracked (Non-Top 3 SSP)
ign.com,Tech & Gaming,triplelift.com,1237,DIRECT,Not Tracked (Non-Top 3 SSP)
ign.com,Tech & Gaming,triplelift.com,3659,DIRECT,Not Tracked (Non-Top 3 SSP)
ign.com,Tech & Gaming,triplelift.com,3659-EB,DIRECT,Not Tracked (Non-Top 3 SSP)
ign.com,Tech & Gaming,triplelift.com,9100,DIRECT,Not Tracked (Non-Top 3 SSP)
ign.com,Tech & Gaming,triplelift.com,97,DIRECT,Not Tracked (Non-Top 3 SSP)
ign.com,Tech & Gaming,triplelift.com,3963,DIRECT,Not Tracked (Non-Top 3 SSP)
ign.com,Tech & Gaming,triplelift.com,6884,DIRECT,Not Tracked (Non-Top 3 SSP)
ign.com,Tech & Gaming,triplelift.com,6885,DIRECT,Not Tracked (Non-Top 3 SSP)
ign.com,Tech & Gaming,triplelift.com,12354,DIRECT,Not Tracked (Non-Top 3 SSP)
ign.com,Tech & Gaming,triplelift.com,7522,DIRECT,Not Tracked (Non-Top 3 SSP)
ign.com,Tech & Gaming,triplelift.com,7711-EB,DIRECT,Not Tracked (Non-Top 3 SSP)
ign.com,Tech & Gaming,triplelift.com,6883,DIRECT,Not Tracked (Non-Top 3 SSP)
ign.com,Tech & Gaming,triplelift.com,11401,DIRECT,Not Tracked (Non-Top 3 SSP)
ign.com,Tech & Gaming,triplelift.com,11401-EB,DIRECT,Not Tracked (Non-Top 3 SSP)
ign.com,Tech & Gaming,triplelift.com,12354-EB,DIRECT,Not Tracked (Non-Top 3 SSP)
ign.com,Tech & Gaming,triplelift.com,6885-EB,DIRECT,Not Tracked (Non-Top 3 SSP)
ign.com,Tech & Gaming,triplelift.com,9100-EB,DIRECT,Not Tracked (Non-Top 3 SSP)
ign.com,Tech & Gaming,triplelift.com,6884-EB,DIRECT,Not Tracked (Non-Top 3 SSP)
ign.com,Tech & Gaming,triplelift.com,7522-EB,DIRECT,Not Tracked (Non-Top 3 SSP)
ign.com,Tech & Gaming,triplelift.com,4911-EB,DIRECT,Not Tracked (Non-Top 3 SSP)
ign.com,Tech & Gaming,triplelift.com,13505,DIRECT,Not Tracked (Non-Top 3 SSP)
ign.com,Tech & Gaming,triplelift.com,13642,DIRECT,Not Tracked (Non-Top 3 SSP)
ign.com,Tech & Gaming,triplelift.com,13642-EB,DIRECT,Not Tracked (Non-Top 3 SSP)
ign.com,Tech & Gaming,triplelift.com,231,DIRECT,Not Tracked (Non-Top 3 SSP)
ign.com,Tech & Gaming,triplelift.com,231-EB,DIRECT,Not Tracked (Non-Top 3 SSP)
ign.com,Tech & Gaming,triplelift.com,14581,DIRECT,Not Tracked (Non-Top 3 SSP)
ign.com,Tech & Gaming,triplelift.com,14581-EB,RESELLER,Not Tracked (Non-Top 3 SSP)
ign.com,Tech & Gaming,triplelift.com,3659,DIRECT,Not Tracked (Non-Top 3 SSP)
ign.com,Tech & Gaming,triplelift.com,3659-EB,DIRECT,Not Tracked (Non-Top 3 SSP)
ign.com,Tech & Gaming,triplelift.com,6733,DIRECT,Not Tracked (Non-Top 3 SSP)
ign.com,Tech & Gaming,triplelift.com,6733-EB,DIRECT,Not Tracked (Non-Top 3 SSP)
ign.com,Tech & Gaming,yahoo.com,56266,DIRECT,Not Tracked (Non-Top 3 SSP)
ign.com,Tech & Gaming,yahoo.com,100046,DIRECT,Not Tracked (Non-Top 3 SSP)
ign.com,Tech & Gaming,aps.amazon.com,e5a6f2d1-7642-4cc5-a917-96dbe8c3ed8f,RESELLER,Not Tracked (Non-Top 3 SSP)
ign.com,Tech & Gaming,smartadserver.com,5847,RESELLER,Not Tracked (Non-Top 3 SSP)
ign.com,Tech & Gaming,themediagrid.com,N71MIF,RESELLER,Not Tracked (Non-Top 3 SSP)
ign.com,Tech & Gaming,indexexchange.com,183753,RESELLER,Not Tracked (Non-Top 3 SSP)
ign.com,Tech & Gaming,pubmatic.com,156512,RESELLER,Not Tracked (Non-Top 3 SSP)
ign.com,Tech & Gaming,wunderkind.co,6171,DIRECT,Not Tracked (Non-Top 3 SSP)
ign.com,Tech & Gaming,rubiconproject.com,20986,RESELLER,Wunderkind Corporation
ign.com,Tech & Gaming,sharethrough.com,5847,RESELLER,Not Tracked (Non-Top 3 SSP)
ign.com,Tech & Gaming,yahoo.com,100055,RESELLER,Not Tracked (Non-Top 3 SSP)
ign.com,Tech & Gaming,yieldmo.com,3026884067023856253,DIRECT,Not Tracked (Non-Top 3 SSP)
ign.com,Tech & Gaming,yieldmo.com,2271859392603169445,DIRECT,Not Tracked (Non-Top 3 SSP)
ign.com,Tech & Gaming,yieldmo.com,2363893251091407112,DIRECT,Not Tracked (Non-Top 3 SSP)
ign.com,Tech & Gaming,onetag.com,7e0c4ea788f779d,DIRECT,Not Tracked (Non-Top 3 SSP)
ign.com,Tech & Gaming,onetag.com,7e0c4ea788f779d-OB,DIRECT,Not Tracked (Non-Top 3 SSP)
ign.com,Tech & Gaming,pubmatic.com,158355,RESELLER,Not Tracked (Non-Top 3 SSP)
ign.com,Tech & Gaming,openx.com,559680764,RESELLER,Not Tracked (Non-Top 3 SSP)
ign.com,Tech & Gaming,google.com,pub-3475438066895026,DIRECT,"Spiceworks, Inc."
ign.com,Tech & Gaming,rubiconproject.com,23800,DIRECT,Unlisted / Unknown ID
ign.com,Tech & Gaming,rubiconproject.com,23800,RESELLER,Unlisted / Unknown ID
ign.com,Tech & Gaming,media.net,8CUA4P31T,DIRECT,Not Tracked (Non-Top 3 SSP)
ign.com,Tech & Gaming,openx.com,557058463,RESELLER,Not Tracked (Non-Top 3 SSP)
ign.com,Tech & Gaming,pubmatic.com,161541,DIRECT,Not Tracked (Non-Top 3 SSP)
ign.com,Tech & Gaming,sharethrough.com,4K2SzmEM,DIRECT,Not Tracked (Non-Top 3 SSP)
ign.com,Tech & Gaming,spotxchange.com,212457,RESELLER,Not Tracked (Non-Top 3 SSP)
ign.com,Tech & Gaming,spotx.tv,212457,RESELLER,Not Tracked (Non-Top 3 SSP)
ign.com,Tech & Gaming,yahoo.com,59816,DIRECT,Not Tracked (Non-Top 3 SSP)
ign.com,Tech & Gaming,appnexus.com,12095,DIRECT,Not Tracked (Non-Top 3 SSP)
ign.com,Tech & Gaming,seedtag.com,66ff0e5782cb950007b2e065,DIRECT,Not Tracked (Non-Top 3 SSP)
ign.com,Tech & Gaming,xandr.com,4009,RESELLER,Not Tracked (Non-Top 3 SSP)
ign.com,Tech & Gaming,smartadserver.com,3050,RESELLER,Not Tracked (Non-Top 3 SSP)
ign.com,Tech & Gaming,rubiconproject.com,17280,RESELLER,Seedtag Advertising SL
ign.com,Tech & Gaming,pubmatic.com,157743,RESELLER,Not Tracked (Non-Top 3 SSP)
ign.com,Tech & Gaming,openx.com,558758631,RESELLER,Not Tracked (Non-Top 3 SSP)
ign.com,Tech & Gaming,lijit.com,397546,RESELLER,Not Tracked (Non-Top 3 SSP)
ign.com,Tech & Gaming,onetag.com,75601b04186d260,RESELLER,Not Tracked (Non-Top 3 SSP)
ign.com,Tech & Gaming,indexexchange.com,191730,RESELLER,Not Tracked (Non-Top 3 SSP)
ign.com,Tech & Gaming,sharethrough.com,AXS5NfBr,RESELLER,Not Tracked (Non-Top 3 SSP)
ign.com,Tech & Gaming,loopme.com,11712,RESELLER,Not Tracked (Non-Top 3 SSP)
ign.com,Tech & Gaming,google.com,pub-1320774679920841,RESELLER,M.D. PRIMIS TECHNOLOGIES LTD
ign.com,Tech & Gaming,primis.tech,31472,DIRECT,Not Tracked (Non-Top 3 SSP)
ign.com,Tech & Gaming,yieldmo.com,3807624843667382630,RESELLER,Not Tracked (Non-Top 3 SSP)
ign.com,Tech & Gaming,pubmatic.com,156595,RESELLER,Not Tracked (Non-Top 3 SSP)
ign.com,Tech & Gaming,google.com,pub-1320774679920841,RESELLER,M.D. PRIMIS TECHNOLOGIES LTD
ign.com,Tech & Gaming,openx.com,540258065,RESELLER,Not Tracked (Non-Top 3 SSP)
ign.com,Tech & Gaming,rubiconproject.com,20130,RESELLER,M.D. PRIMIS TECHNOLOGIES LTD
ign.com,Tech & Gaming,freewheel.tv,19133,RESELLER,Not Tracked (Non-Top 3 SSP)
ign.com,Tech & Gaming,smartadserver.com,3436,RESELLER,Not Tracked (Non-Top 3 SSP)
ign.com,Tech & Gaming,indexexchange.com,191923,RESELLER,Not Tracked (Non-Top 3 SSP)
ign.com,Tech & Gaming,adform.com,2078,RESELLER,Not Tracked (Non-Top 3 SSP)
ign.com,Tech & Gaming,media.net,8CU695QH7,RESELLER,Not Tracked (Non-Top 3 SSP)
ign.com,Tech & Gaming,video.unrulymedia.com,2338962694,RESELLER,Not Tracked (Non-Top 3 SSP)
ign.com,Tech & Gaming,sharethrough.com,flUyJowI,RESELLER,Not Tracked (Non-Top 3 SSP)
ign.com,Tech & Gaming,triplelift.com,8210,RESELLER,Not Tracked (Non-Top 3 SSP)
ign.com,Tech & Gaming,appnexus.com,16007,RESELLER,Not Tracked (Non-Top 3 SSP)
ign.com,Tech & Gaming,openx.com,560608616,RESELLER,Not Tracked (Non-Top 3 SSP)
ign.com,Tech & Gaming,rubiconproject.com,26322,RESELLER,Unlisted / Unknown ID
ign.com,Tech & Gaming,indexexchange.com,208214,RESELLER,Not Tracked (Non-Top 3 SSP)
ign.com,Tech & Gaming,pubmatic.com,164358,RESELLER,Not Tracked (Non-Top 3 SSP)
ign.com,Tech & Gaming,triplelift.com,14148,RESELLER,Not Tracked (Non-Top 3 SSP)
ign.com,Tech & Gaming,yahoo.com,59260,RESELLER,Not Tracked (Non-Top 3 SSP)
ign.com,Tech & Gaming,the-ozone-project.com,OZONEPRS0001,DIRECT,Not Tracked (Non-Top 3 SSP)
ign.com,Tech & Gaming,appnexus.com,9979,RESELLER,Not Tracked (Non-Top 3 SSP)
ign.com,Tech & Gaming,openx.com,540731760,RESELLER,Not Tracked (Non-Top 3 SSP)
ign.com,Tech & Gaming,pubmatic.com,160557,RESELLER,Not Tracked (Non-Top 3 SSP)
ign.com,Tech & Gaming,indexexchange.com,206233,RESELLER,Not Tracked (Non-Top 3 SSP)
ign.com,Tech & Gaming,video.unrulymedia.com,776418614052335749,RESELLER,Not Tracked (Non-Top 3 SSP)
ign.com,Tech & Gaming,ottadvisors.com,122034096467,RESELLER,Not Tracked (Non-Top 3 SSP)
ign.com,Tech & Gaming,pmc.com,1240739,DIRECT,Not Tracked (Non-Top 3 SSP)
ign.com,Tech & Gaming,rubiconproject.com,10278,RESELLER,"SHEMedia, LLC"
ign.com,Tech & Gaming,freestar.com,1819,RESELLER,Not Tracked (Non-Top 3 SSP)
ign.com,Tech & Gaming,rubiconproject.com,16924,RESELLER,Freestar LLC
ign.com,Tech & Gaming,pubmatic.com,156696,RESELLER,Not Tracked (Non-Top 3 SSP)
ign.com,Tech & Gaming,aps.amazon.com,0ab198dd-b265-462a-ae36-74e163ad6159,RESELLER,Not Tracked (Non-Top 3 SSP)
ign.com,Tech & Gaming,indexexchange.com,193334,RESELLER,Not Tracked (Non-Top 3 SSP)
ign.com,Tech & Gaming,sharethrough.com,jbYv3ec8,RESELLER,Not Tracked (Non-Top 3 SSP)
ign.com,Tech & Gaming,sharethrough.com,3436,RESELLER,Not Tracked (Non-Top 3 SSP)
ign.com,Tech & Gaming,risecodes.com,642c4ef8ef16c40001db86d9,DIRECT,Not Tracked (Non-Top 3 SSP)
ign.com,Tech & Gaming,gumgum.com,16112,RESELLER,Not Tracked (Non-Top 3 SSP)
ign.com,Tech & Gaming,lijit.com,405318,RESELLER,Not Tracked (Non-Top 3 SSP)
ign.com,Tech & Gaming,loopme.com,11362,RESELLER,Not Tracked (Non-Top 3 SSP)
ign.com,Tech & Gaming,media.net,8CUQ6928Q,RESELLER,Not Tracked (Non-Top 3 SSP)
ign.com,Tech & Gaming,onetag.com,69f48c2160c8113,RESELLER,Not Tracked (Non-Top 3 SSP)
ign.com,Tech & Gaming,pubmatic.com,160295,RESELLER,Not Tracked (Non-Top 3 SSP)
ign.com,Tech & Gaming,risecodes.com,67697cb18eb1b90001e9f2f3,RESELLER,Not Tracked (Non-Top 3 SSP)
ign.com,Tech & Gaming,rubiconproject.com,23876,RESELLER,Typea Holdings  LTD.
ign.com,Tech & Gaming,sharethrough.com,5926d422,RESELLER,Not Tracked (Non-Top 3 SSP)
ign.com,Tech & Gaming,video.unrulymedia.com,335119963,RESELLER,Not Tracked (Non-Top 3 SSP)
ign.com,Tech & Gaming,xandr.com,14082,RESELLER,Not Tracked (Non-Top 3 SSP)
ign.com,Tech & Gaming,yieldmo.com,2754490424016969782,RESELLER,Not Tracked (Non-Top 3 SSP)
ign.com,Tech & Gaming,triplelift.com,12465,RESELLER,Not Tracked (Non-Top 3 SSP)
ign.com,Tech & Gaming,nativo.com,6072,RESELLER,Not Tracked (Non-Top 3 SSP)
ign.com,Tech & Gaming,rubiconproject.com,17960,RESELLER,Sovrn Inc.
ign.com,Tech & Gaming,pubmatic.com,137711,RESELLER,Not Tracked (Non-Top 3 SSP)
ign.com,Tech & Gaming,smaato.com,1100056344,RESELLER,Not Tracked (Non-Top 3 SSP)
ign.com,Tech & Gaming,openx.com,538959099,RESELLER,Not Tracked (Non-Top 3 SSP)
ign.com,Tech & Gaming,smartadserver.com,4926,RESELLER,Not Tracked (Non-Top 3 SSP)
ign.com,Tech & Gaming,nativo.com,5644,DIRECT,Not Tracked (Non-Top 3 SSP)
ign.com,Tech & Gaming,pubmatic.com,156500,RESELLER,Not Tracked (Non-Top 3 SSP)
ign.com,Tech & Gaming,openx.com,540709535,RESELLER,Not Tracked (Non-Top 3 SSP)
ign.com,Tech & Gaming,loopme.com,11656,RESELLER,Not Tracked (Non-Top 3 SSP)
ign.com,Tech & Gaming,appnexus.com,8035,RESELLER,Not Tracked (Non-Top 3 SSP)
ign.com,Tech & Gaming,zetaglobal.net,989,RESELLER,Not Tracked (Non-Top 3 SSP)
ign.com,Tech & Gaming,undertone.com,1265,DIRECT,Not Tracked (Non-Top 3 SSP)
ign.com,Tech & Gaming,openx.com,537153564,RESELLER,Not Tracked (Non-Top 3 SSP)
ign.com,Tech & Gaming,rubiconproject.com,22412,RESELLER,Intercept Interactive Inc. D.B.A Undertone
ign.com,Tech & Gaming,pubmatic.com,160318,RESELLER,Not Tracked (Non-Top 3 SSP)
ign.com,Tech & Gaming,blis.com,1232,DIRECT,Not Tracked (Non-Top 3 SSP)
ign.com,Tech & Gaming,rubiconproject.com,16928,RESELLER,Blis Media Limited
ign.com,Tech & Gaming,adwmg.com,101368,DIRECT,Not Tracked (Non-Top 3 SSP)
ign.com,Tech & Gaming,google.com,pub-8622186303703569,RESELLER,Unlisted / Unknown ID
ign.com,Tech & Gaming,google.com,pub-8309773808661346,RESELLER,"WMG INTERNATIONAL, INC."
ign.com,Tech & Gaming,freewheel.tv,535851-r-524565,RESELLER,Not Tracked (Non-Top 3 SSP)
ign.com,Tech & Gaming,freewheel.tv,535851-r-523319,RESELLER,Not Tracked (Non-Top 3 SSP)
ign.com,Tech & Gaming,onetag.com,5d0d72448d8bfb0,RESELLER,Not Tracked (Non-Top 3 SSP)
ign.com,Tech & Gaming,media.net,8CU9D5VTI,RESELLER,Not Tracked (Non-Top 3 SSP)
ign.com,Tech & Gaming,video.unrulymedia.com,390532592,RESELLER,Not Tracked (Non-Top 3 SSP)
ign.com,Tech & Gaming,imds.tv,82640,RESELLER,Not Tracked (Non-Top 3 SSP)
ign.com,Tech & Gaming,advertising.com,82640,RESELLER,Not Tracked (Non-Top 3 SSP)
ign.com,Tech & Gaming,the-ozone-project.com,OZONEZD00001,DIRECT,Not Tracked (Non-Top 3 SSP)
ign.com,Tech & Gaming,appnexus.com,9979,RESELLER,Not Tracked (Non-Top 3 SSP)
ign.com,Tech & Gaming,openx.com,540731760,RESELLER,Not Tracked (Non-Top 3 SSP)
ign.com,Tech & Gaming,pubmatic.com,160557,RESELLER,Not Tracked (Non-Top 3 SSP)
ign.com,Tech & Gaming,indexexchange.com,206233,RESELLER,Not Tracked (Non-Top 3 SSP)
ign.com,Tech & Gaming,cpmstar.com,54525,DIRECT,Not Tracked (Non-Top 3 SSP)
ign.com,Tech & Gaming,nativo.com,6000,RESELLER,Not Tracked (Non-Top 3 SSP)
ign.com,Tech & Gaming,openx.com,541079309,RESELLER,Not Tracked (Non-Top 3 SSP)
ign.com,Tech & Gaming,pubmatic.com,160251,RESELLER,Not Tracked (Non-Top 3 SSP)
ign.com,Tech & Gaming,rubiconproject.com,23330,RESELLER,"Aditude, Inc. (DBA CPMStar)"
ign.com,Tech & Gaming,inmobi.com,e444c15ddce744479f7f0548ddf1ff58,RESELLER,Not Tracked (Non-Top 3 SSP)
ign.com,Tech & Gaming,optidigital.com,p448,DIRECT,Not Tracked (Non-Top 3 SSP)
ign.com,Tech & Gaming,pubmatic.com,158939,RESELLER,Not Tracked (Non-Top 3 SSP)
ign.com,Tech & Gaming,rubiconproject.com,20336,RESELLER,Opti Digital SAS
ign.com,Tech & Gaming,smartadserver.com,3379,RESELLER,Not Tracked (Non-Top 3 SSP)
ign.com,Tech & Gaming,criteo.com,B-060926,RESELLER,Unlisted / Unknown ID
ign.com,Tech & Gaming,sharethrough.com,OAW69Fon,RESELLER,Not Tracked (Non-Top 3 SSP)
ign.com,Tech & Gaming,smartadserver.com,5360,DIRECT,Not Tracked (Non-Top 3 SSP)
ign.com,Tech & Gaming,sharethrough.com,5360,DIRECT,Not Tracked (Non-Top 3 SSP)
ign.com,Tech & Gaming,smartadserver.com,5835,DIRECT,Not Tracked (Non-Top 3 SSP)
ign.com,Tech & Gaming,sharethrough.com,5835,DIRECT,Not Tracked (Non-Top 3 SSP)
ign.com,Tech & Gaming,fabrik.com,143,DIRECT,Not Tracked (Non-Top 3 SSP)
ign.com,Tech & Gaming,google.com,pub-2466501570819032,DIRECT,GBW Digital Consulting (Pty) Ltd
ign.com,Tech & Gaming,google.com,pub-7078275498092649,DIRECT,Confidential
ign.com,Tech & Gaming,google.com,pub-9936969251765866,DIRECT,Refinery89 B.V.
ign.com,Tech & Gaming,google.com,pub-8142581358148644,DIRECT,Tbreak Internet Content Provider
ign.com,Tech & Gaming,google.com,pub-8113799588685394,RESELLER,Confidential
ign.com,Tech & Gaming,foxpush.com,2493,DIRECT,Not Tracked (Non-Top 3 SSP)
ign.com,Tech & Gaming,webedia.com.br,webedia-ign,DIRECT,Not Tracked (Non-Top 3 SSP)
ign.com,Tech & Gaming,google.com,pub-9189159586664939,DIRECT,Webedia Internet Brasil S.A.
ign.com,Tech & Gaming,smartadserver.com,3604-OB,RESELLER,Not Tracked (Non-Top 3 SSP)
ign.com,Tech & Gaming,indexexchange.com,209834,DIRECT,Not Tracked (Non-Top 3 SSP)
ign.com,Tech & Gaming,pubmatic.com,161280,DIRECT,Not Tracked (Non-Top 3 SSP)
ign.com,Tech & Gaming,rubiconproject.com,18424,DIRECT,Google
ign.com,Tech & Gaming,google.com,pub-9898613933767043,DIRECT,Fork Media Group Private Limited
ign.com,Tech & Gaming,google.com,pub-9418454589933945,DIRECT,Fork Media Group Private Limited
ign.com,Tech & Gaming,aps.amazon.com,6f192140-2258-4f00-a867-c3e2d1e700d9,DIRECT,Not Tracked (Non-Top 3 SSP)
ign.com,Tech & Gaming,indexexchange.com,200081,DIRECT,Not Tracked (Non-Top 3 SSP)
ign.com,Tech & Gaming,pubmatic.com,164692,RESELLER,Not Tracked (Non-Top 3 SSP)
ign.com,Tech & Gaming,google.com,pub-4939634212290203,RESELLER,"Altice Portugal, S.A."
ign.com,Tech & Gaming,refinery89.com,00058,DIRECT,Not Tracked (Non-Top 3 SSP)
ign.com,Tech & Gaming,refinery89.com,00351,DIRECT,Not Tracked (Non-Top 3 SSP)
ign.com,Tech & Gaming,emense.nl,emense-ign,DIRECT,Not Tracked (Non-Top 3 SSP)
ign.com,Tech & Gaming,google.com,pub-1192848686829550,DIRECT,Emense Media
ign.com,Tech & Gaming,google.com,pub-6678849566450770,RESELLER,Massarius BV
ign.com,Tech & Gaming,massarius.com,00227,DIRECT,Not Tracked (Non-Top 3 SSP)
ign.com,Tech & Gaming,aniview.com,614870146730b87f2e55f2cb,DIRECT,Not Tracked (Non-Top 3 SSP)
ign.com,Tech & Gaming,appnexus.com,6924,RESELLER,Not Tracked (Non-Top 3 SSP)
ign.com,Tech & Gaming,concept.dk,C-02848,DIRECT,Not Tracked (Non-Top 3 SSP)
ign.com,Tech & Gaming,google.com,pub-4307100767376023,RESELLER,Concept X ApS
ign.com,Tech & Gaming,adform.com,9,RESELLER,Not Tracked (Non-Top 3 SSP)
ign.com,Tech & Gaming,indexexchange.com,188938,RESELLER,Not Tracked (Non-Top 3 SSP)
ign.com,Tech & Gaming,cultureg.eu,3025,DIRECT,Not Tracked (Non-Top 3 SSP)
ign.com,Tech & Gaming,showheroes.com,5315,RESELLER,Not Tracked (Non-Top 3 SSP)
ign.com,Tech & Gaming,viralize.com,5315,RESELLER,Not Tracked (Non-Top 3 SSP)
ign.com,Tech & Gaming,showheroes.com,7579,DIRECT,Not Tracked (Non-Top 3 SSP)
ign.com,Tech & Gaming,viralize.com,7579,DIRECT,Not Tracked (Non-Top 3 SSP)
ign.com,Tech & Gaming,smartadserver.com,2161,RESELLER,Not Tracked (Non-Top 3 SSP)
ign.com,Tech & Gaming,freewheel.tv,536103-r-524565,RESELLER,Not Tracked (Non-Top 3 SSP)
ign.com,Tech & Gaming,appnexus.com,8833,RESELLER,Not Tracked (Non-Top 3 SSP)
ign.com,Tech & Gaming,adwmg.com,159491,DIRECT,Not Tracked (Non-Top 3 SSP)
ign.com,Tech & Gaming,smartadserver.com,4194-OB,RESELLER,Not Tracked (Non-Top 3 SSP)
ign.com,Tech & Gaming,smartadserver.com,4194,RESELLER,Not Tracked (Non-Top 3 SSP)
ign.com,Tech & Gaming,onetag.com,8bd0c4a974bda81,DIRECT,Not Tracked (Non-Top 3 SSP)
ign.com,Tech & Gaming,onetag.com,8bd0c4a974bda81-OB,DIRECT,Not Tracked (Non-Top 3 SSP)
ign.com,Tech & Gaming,adsinteractive.com,155,DIRECT,Not Tracked (Non-Top 3 SSP)
ign.com,Tech & Gaming,adform.com,961,RESELLER,Not Tracked (Non-Top 3 SSP)
ign.com,Tech & Gaming,pubmatic.com,158937,RESELLER,Not Tracked (Non-Top 3 SSP)
ign.com,Tech & Gaming,teads.tv,26804,RESELLER,Not Tracked (Non-Top 3 SSP)
ign.com,Tech & Gaming,improvedigital.com,2392,RESELLER,Not Tracked (Non-Top 3 SSP)
ign.com,Tech & Gaming,google.com,pub-3883947941959405,DIRECT,"Magia Discreta, LDA"
wired.com,Tech & Gaming,appnexus.com,7529,DIRECT,Not Tracked (Non-Top 3 SSP)
wired.com,Tech & Gaming,aps.amazon.com,3035,DIRECT,Not Tracked (Non-Top 3 SSP)
wired.com,Tech & Gaming,connatix.com,2144322548332588,DIRECT,Not Tracked (Non-Top 3 SSP)
wired.com,Tech & Gaming,contextweb.com,561584,DIRECT,Not Tracked (Non-Top 3 SSP)
wired.com,Tech & Gaming,criteo.com,B-060642,DIRECT,Unlisted / Unknown ID
wired.com,Tech & Gaming,criteo.com,B-071952,DIRECT,Unlisted / Unknown ID
wired.com,Tech & Gaming,themediagrid.com,USCXWR,DIRECT,Not Tracked (Non-Top 3 SSP)
wired.com,Tech & Gaming,google.com,pub-2725559791067351,DIRECT,The Conde Nast Publications Ltd
wired.com,Tech & Gaming,google.com,pub-3379,DIRECT,Unlisted / Unknown ID
wired.com,Tech & Gaming,google.com,pub-3844877863303739,DIRECT,Advance Magazine Publishers Inc.
wired.com,Tech & Gaming,google.com,pub-5574,DIRECT,Unlisted / Unknown ID
wired.com,Tech & Gaming,google.com,pub-1772901936034744,DIRECT,Advance Magazine Publishers Inc.
wired.com,Tech & Gaming,indexexchange.com,192960,DIRECT,Not Tracked (Non-Top 3 SSP)
wired.com,Tech & Gaming,indexexchange.com,183973,DIRECT,Not Tracked (Non-Top 3 SSP)
wired.com,Tech & Gaming,indexexchange.com,184912,DIRECT,Not Tracked (Non-Top 3 SSP)
wired.com,Tech & Gaming,media.net,8CU65UN7R,DIRECT,Not Tracked (Non-Top 3 SSP)
wired.com,Tech & Gaming,media.net,8CU5551Y5,DIRECT,Not Tracked (Non-Top 3 SSP)
wired.com,Tech & Gaming,mobkoi.com,E0E13D04,DIRECT,Not Tracked (Non-Top 3 SSP)
wired.com,Tech & Gaming,smartadserver.com,5290,RESELLER,Not Tracked (Non-Top 3 SSP)
wired.com,Tech & Gaming,mobkoi.com,CFDB6777,DIRECT,Not Tracked (Non-Top 3 SSP)
wired.com,Tech & Gaming,onetag.com,855fbff3b90c4e0,DIRECT,Not Tracked (Non-Top 3 SSP)
wired.com,Tech & Gaming,onetag.com,855fbff3b90c4e0-OB,DIRECT,Not Tracked (Non-Top 3 SSP)
wired.com,Tech & Gaming,openx.com,538995730,DIRECT,Not Tracked (Non-Top 3 SSP)
wired.com,Tech & Gaming,openx.com,539581285,DIRECT,Not Tracked (Non-Top 3 SSP)
wired.com,Tech & Gaming,openx.com,539710909,DIRECT,Not Tracked (Non-Top 3 SSP)
wired.com,Tech & Gaming,openx.com,559698510,DIRECT,Not Tracked (Non-Top 3 SSP)
wired.com,Tech & Gaming,pubmatic.com,164314,DIRECT,Not Tracked (Non-Top 3 SSP)
wired.com,Tech & Gaming,pubmatic.com,164315,DIRECT,Not Tracked (Non-Top 3 SSP)
wired.com,Tech & Gaming,pubmatic.com,164322,DIRECT,Not Tracked (Non-Top 3 SSP)
wired.com,Tech & Gaming,rubiconproject.com,11850,DIRECT,"CONDE NAST, AN UNINCORPORATED DIVISION OF ADVANCE MAGAZINE PUBLISHERS INC."
wired.com,Tech & Gaming,rubiconproject.com,17814,DIRECT,Google
wired.com,Tech & Gaming,themediagrid.com,ZRBVLH,DIRECT,Not Tracked (Non-Top 3 SSP)
wired.com,Tech & Gaming,yahoo.com,100022,DIRECT,Not Tracked (Non-Top 3 SSP)
wired.com,Tech & Gaming,google.com,pub-5405132603504384,RESELLER,"Vox Media, Inc."
wired.com,Tech & Gaming,concert.io,cbs-60d5010b49,DIRECT,Not Tracked (Non-Top 3 SSP)
wired.com,Tech & Gaming,smartadserver.com,4101,DIRECT,Not Tracked (Non-Top 3 SSP)
wired.com,Tech & Gaming,smartadserver.com,4102,DIRECT,Not Tracked (Non-Top 3 SSP)
wired.com,Tech & Gaming,spotx.tv,159835,DIRECT,Not Tracked (Non-Top 3 SSP)
wired.com,Tech & Gaming,spotxchange.com,159835,DIRECT,Not Tracked (Non-Top 3 SSP)
wired.com,Tech & Gaming,teads.tv,10218,DIRECT,Not Tracked (Non-Top 3 SSP)
wired.com,Tech & Gaming,teads.tv,5779,DIRECT,Not Tracked (Non-Top 3 SSP)
wired.com,Tech & Gaming,triplelift.com,996,DIRECT,Not Tracked (Non-Top 3 SSP)
wired.com,Tech & Gaming,triplelift.com,996-EB,DIRECT,Not Tracked (Non-Top 3 SSP)
wired.com,Tech & Gaming,triplelift.com,1063,DIRECT,Not Tracked (Non-Top 3 SSP)
wired.com,Tech & Gaming,rogerssportsandmedia.com,22656559276,DIRECT,Not Tracked (Non-Top 3 SSP)
wired.com,Tech & Gaming,rogerssportsandmedia.com,3379,DIRECT,Not Tracked (Non-Top 3 SSP)
wired.com,Tech & Gaming,google.com,pub-0942427266003794,RESELLER,Rogers Media Inc.
wired.com,Tech & Gaming,condenast.com,1,DIRECT,Not Tracked (Non-Top 3 SSP)
variety.com,Entertainment,amxrtb.com,105199330,DIRECT,Not Tracked (Non-Top 3 SSP)
variety.com,Entertainment,pubmatic.com,158355,RESELLER,Not Tracked (Non-Top 3 SSP)
variety.com,Entertainment,appnexus.com,12290,RESELLER,Not Tracked (Non-Top 3 SSP)
variety.com,Entertainment,lijit.com,260380,RESELLER,Not Tracked (Non-Top 3 SSP)
variety.com,Entertainment,rubiconproject.com,23844,RESELLER,Monet Engine Inc
variety.com,Entertainment,sharethrough.com,a6a34444,RESELLER,Not Tracked (Non-Top 3 SSP)
variety.com,Entertainment,openx.com,559680764,RESELLER,Not Tracked (Non-Top 3 SSP)
variety.com,Entertainment,adipolo.com,22889856011,RESELLER,Not Tracked (Non-Top 3 SSP)
variety.com,Entertainment,adipolosolutions.com,22889856011,RESELLER,Not Tracked (Non-Top 3 SSP)
variety.com,Entertainment,pmbmonetize.com,22889856011,RESELLER,Not Tracked (Non-Top 3 SSP)
variety.com,Entertainment,opamarketplace.com,22889856011,RESELLER,Not Tracked (Non-Top 3 SSP)
variety.com,Entertainment,smartadline.com,22889856011,RESELLER,Not Tracked (Non-Top 3 SSP)
variety.com,Entertainment,google.com,pub-2930805104418204,RESELLER,Yediot Internet
variety.com,Entertainment,google.com,pub-4903453974745530,RESELLER,Medmob
variety.com,Entertainment,google.com,pub-4836542095728076,RESELLER,Medmob
variety.com,Entertainment,google.com,pub-9135355251665930,RESELLER,Greeter HOLDINGS LTD
variety.com,Entertainment,google.com,pub-6804276076764268,RESELLER,Journkey LTD
variety.com,Entertainment,appnexus.com,16912,RESELLER,Not Tracked (Non-Top 3 SSP)
variety.com,Entertainment,imds.tv,82732,DIRECT,Not Tracked (Non-Top 3 SSP)
variety.com,Entertainment,advertising.com,82732,DIRECT,Not Tracked (Non-Top 3 SSP)
variety.com,Entertainment,rubiconproject.com,13344,RESELLER,Synacor Inc
variety.com,Entertainment,pubmatic.com,156344,RESELLER,Not Tracked (Non-Top 3 SSP)
variety.com,Entertainment,themediagrid.com,KMX76A,RESELLER,Not Tracked (Non-Top 3 SSP)
variety.com,Entertainment,openx.com,540401713,RESELLER,Not Tracked (Non-Top 3 SSP)
variety.com,Entertainment,aps.amazon.com,3157,DIRECT,Not Tracked (Non-Top 3 SSP)
variety.com,Entertainment,amxrtb.com,105199330,DIRECT,Not Tracked (Non-Top 3 SSP)
variety.com,Entertainment,blockthrough.com,5691993753649152,DIRECT,Not Tracked (Non-Top 3 SSP)
variety.com,Entertainment,pubmatic.com,160377,RESELLER,Not Tracked (Non-Top 3 SSP)
variety.com,Entertainment,rubiconproject.com,23718,RESELLER,Blockthrough Inc.
variety.com,Entertainment,appnexus.com,6979,RESELLER,Not Tracked (Non-Top 3 SSP)
variety.com,Entertainment,google.com,pub-3792796726804880,RESELLER,Blockthrough Inc.
variety.com,Entertainment,concert.io,cbs-e043cd9eac,DIRECT,Not Tracked (Non-Top 3 SSP)
variety.com,Entertainment,concert.io,cbs-e043cd9eac,RESELLER,Not Tracked (Non-Top 3 SSP)
variety.com,Entertainment,google.com,pub-5405132603504384,RESELLER,"Vox Media, Inc."
variety.com,Entertainment,connatix.com,100027,DIRECT,Not Tracked (Non-Top 3 SSP)
variety.com,Entertainment,google.com,pub-1929615694373103,RESELLER,Connatix Native Exchange Inc
variety.com,Entertainment,pubmatic.com,156592,RESELLER,Not Tracked (Non-Top 3 SSP)
variety.com,Entertainment,rubiconproject.com,19564,RESELLER,Connatix Native Exchange Inc
variety.com,Entertainment,openx.com,539496816,RESELLER,Not Tracked (Non-Top 3 SSP)
variety.com,Entertainment,indexexchange.com,190549,RESELLER,Not Tracked (Non-Top 3 SSP)
variety.com,Entertainment,media.net,8CUP5F2LD,RESELLER,Not Tracked (Non-Top 3 SSP)
variety.com,Entertainment,triplelift.com,12200,RESELLER,Not Tracked (Non-Top 3 SSP)
variety.com,Entertainment,video.unrulymedia.com,687806135,RESELLER,Not Tracked (Non-Top 3 SSP)
variety.com,Entertainment,smartadserver.com,3630,RESELLER,Not Tracked (Non-Top 3 SSP)
variety.com,Entertainment,risecodes.com,60053eeffc482800014c29be,RESELLER,Not Tracked (Non-Top 3 SSP)
variety.com,Entertainment,sharethrough.com,KnLYRz1v,RESELLER,Not Tracked (Non-Top 3 SSP)
variety.com,Entertainment,inmobi.com,64d831e7ed4840ac8ea2283745f07d75,RESELLER,Not Tracked (Non-Top 3 SSP)
variety.com,Entertainment,appnexus.com,17444,RESELLER,Not Tracked (Non-Top 3 SSP)
variety.com,Entertainment,gumgum.com,12991,RESELLER,Not Tracked (Non-Top 3 SSP)
variety.com,Entertainment,insticator.com,1c472931-6597-4f1f-b9ad-bf6db4b6b5e6,DIRECT,Not Tracked (Non-Top 3 SSP)
variety.com,Entertainment,rubiconproject.com,17062,RESELLER,Insiticator Inc
variety.com,Entertainment,lijit.com,257618,RESELLER,Not Tracked (Non-Top 3 SSP)
variety.com,Entertainment,sharethrough.com,Q9IzHdvp,RESELLER,Not Tracked (Non-Top 3 SSP)
variety.com,Entertainment,themediagrid.com,DQ6AMB,RESELLER,Not Tracked (Non-Top 3 SSP)
variety.com,Entertainment,cpmstar.com,54584,DIRECT,Not Tracked (Non-Top 3 SSP)
variety.com,Entertainment,rubiconproject.com,13510,RESELLER,Rich Audience Technologies SL
variety.com,Entertainment,openx.com,541079309,RESELLER,Not Tracked (Non-Top 3 SSP)
variety.com,Entertainment,nativo.com,6000,RESELLER,Not Tracked (Non-Top 3 SSP)
variety.com,Entertainment,pubmatic.com,160251,RESELLER,Not Tracked (Non-Top 3 SSP)
variety.com,Entertainment,loopme.com,15270,RESELLER,Not Tracked (Non-Top 3 SSP)
variety.com,Entertainment,rubiconproject.com,23330,RESELLER,"Aditude, Inc. (DBA CPMStar)"
variety.com,Entertainment,pubmatic.com,81564,RESELLER,Not Tracked (Non-Top 3 SSP)
variety.com,Entertainment,video.unrulymedia.com,1838093862,RESELLER,Not Tracked (Non-Top 3 SSP)
variety.com,Entertainment,criteo.com,B-062460,DIRECT,Unlisted / Unknown ID
variety.com,Entertainment,themediagrid.com,YIPW6F,DIRECT,Not Tracked (Non-Top 3 SSP)
variety.com,Entertainment,conversantmedia.com,11022,DIRECT,Not Tracked (Non-Top 3 SSP)
variety.com,Entertainment,google.com,pub-7130547987556188,DIRECT,Penske Media Corporation DBA Penske Media Corp
variety.com,Entertainment,gumgum.com,11224,DIRECT,Not Tracked (Non-Top 3 SSP)
variety.com,Entertainment,gumgum.com,14536,DIRECT,Not Tracked (Non-Top 3 SSP)
variety.com,Entertainment,indexexchange.com,192882,DIRECT,Not Tracked (Non-Top 3 SSP)
variety.com,Entertainment,indexexchange.com,206126,DIRECT,Not Tracked (Non-Top 3 SSP)
variety.com,Entertainment,infolinks.com,3399688,DIRECT,Not Tracked (Non-Top 3 SSP)
variety.com,Entertainment,pubmatic.com,156872,RESELLER,Not Tracked (Non-Top 3 SSP)
variety.com,Entertainment,xandr.com,3251,RESELLER,Not Tracked (Non-Top 3 SSP)
variety.com,Entertainment,lijit.com,268479,RESELLER,Not Tracked (Non-Top 3 SSP)
variety.com,Entertainment,indexexchange.com,191306,RESELLER,Not Tracked (Non-Top 3 SSP)
variety.com,Entertainment,media.net,8CUY6IX4H,RESELLER,Not Tracked (Non-Top 3 SSP)
variety.com,Entertainment,openx.com,543174347,RESELLER,Not Tracked (Non-Top 3 SSP)
variety.com,Entertainment,triplelift.com,11582,RESELLER,Not Tracked (Non-Top 3 SSP)
variety.com,Entertainment,aps.amazon.com,de948cab-9232-4f2a-90f5-794be75952c6,RESELLER,Not Tracked (Non-Top 3 SSP)
variety.com,Entertainment,yahoo.com,100026,RESELLER,Not Tracked (Non-Top 3 SSP)
variety.com,Entertainment,inmobi.com,3c8637fb219446d5ae53aec287e2e9a9,DIRECT,Not Tracked (Non-Top 3 SSP)
variety.com,Entertainment,rubiconproject.com,12266,RESELLER,INMOBI PTE LTD
variety.com,Entertainment,rubiconproject.com,11726,RESELLER,INMOBI PTE LTD
variety.com,Entertainment,pubmatic.com,157097,RESELLER,Not Tracked (Non-Top 3 SSP)
variety.com,Entertainment,conversantmedia.com,40881,RESELLER,Not Tracked (Non-Top 3 SSP)
variety.com,Entertainment,smaato.com,1100053415,RESELLER,Not Tracked (Non-Top 3 SSP)
variety.com,Entertainment,outbrain.com,00092743fa380569f00f929c5c50dfccf8,RESELLER,Not Tracked (Non-Top 3 SSP)
variety.com,Entertainment,admanmedia.com,2063,RESELLER,Not Tracked (Non-Top 3 SSP)
variety.com,Entertainment,apester.com,2212,RESELLER,Not Tracked (Non-Top 3 SSP)
variety.com,Entertainment,loopme.com,9724,RESELLER,Not Tracked (Non-Top 3 SSP)
variety.com,Entertainment,kargo.com,102,DIRECT,Not Tracked (Non-Top 3 SSP)
variety.com,Entertainment,rubiconproject.com,11864,RESELLER,"Kargo Global, Inc."
variety.com,Entertainment,appnexus.com,8173,RESELLER,Not Tracked (Non-Top 3 SSP)
variety.com,Entertainment,contextweb.com,562001,RESELLER,Not Tracked (Non-Top 3 SSP)
variety.com,Entertainment,video.unrulymedia.com,1858504412,RESELLER,Not Tracked (Non-Top 3 SSP)
variety.com,Entertainment,fabrik.com,97,DIRECT,Not Tracked (Non-Top 3 SSP)
variety.com,Entertainment,google.com,pub-6358294573682566,RESELLER,Kargo Publishing LLC
variety.com,Entertainment,liveintent.com,6408,DIRECT,Not Tracked (Non-Top 3 SSP)
variety.com,Entertainment,rubiconproject.com,11714,DIRECT,Penske Media Corporation
variety.com,Entertainment,rubiconproject.com,18038,RESELLER,Google
variety.com,Entertainment,media.net,8CUJC56O5,DIRECT,Not Tracked (Non-Top 3 SSP)
variety.com,Entertainment,media.net,8CU431SHO,RESELLER,Not Tracked (Non-Top 3 SSP)
variety.com,Entertainment,media.net,8CUVU9802,DIRECT,Not Tracked (Non-Top 3 SSP)
variety.com,Entertainment,minutemedia.com,01hcn78a9rnn,DIRECT,Not Tracked (Non-Top 3 SSP)
variety.com,Entertainment,pubmatic.com,161683,RESELLER,Not Tracked (Non-Top 3 SSP)
variety.com,Entertainment,openx.com,540780517,RESELLER,Not Tracked (Non-Top 3 SSP)
variety.com,Entertainment,lijit.com,264726,RESELLER,Not Tracked (Non-Top 3 SSP)
variety.com,Entertainment,rubiconproject.com,17598,RESELLER,Sportority Inc
variety.com,Entertainment,yieldmo.com,2954622693783052507,RESELLER,Not Tracked (Non-Top 3 SSP)
variety.com,Entertainment,triplelift.com,6030,RESELLER,Not Tracked (Non-Top 3 SSP)
variety.com,Entertainment,video.unrulymedia.com,699546687,RESELLER,Not Tracked (Non-Top 3 SSP)
variety.com,Entertainment,mobkoi.com,2173A29B,DIRECT,Not Tracked (Non-Top 3 SSP)
variety.com,Entertainment,mobkoi.com,D8DEFE26,DIRECT,Not Tracked (Non-Top 3 SSP)
variety.com,Entertainment,freewheel.tv,1578381,RESELLER,Not Tracked (Non-Top 3 SSP)
variety.com,Entertainment,smartadserver.com,5290,RESELLER,Not Tracked (Non-Top 3 SSP)
variety.com,Entertainment,nativo.com,5724,DIRECT,Not Tracked (Non-Top 3 SSP)
variety.com,Entertainment,pubmatic.com,156500,RESELLER,Not Tracked (Non-Top 3 SSP)
variety.com,Entertainment,inmobi.com,21dafc7bf4da4c399c6916da78462fb4,RESELLER,Not Tracked (Non-Top 3 SSP)
variety.com,Entertainment,openx.com,540709535,RESELLER,Not Tracked (Non-Top 3 SSP)
variety.com,Entertainment,rubiconproject.com,16156,RESELLER,Nativo Inc
variety.com,Entertainment,loopme.com,11656,RESELLER,Not Tracked (Non-Top 3 SSP)
variety.com,Entertainment,zetaglobal.net,989,RESELLER,Not Tracked (Non-Top 3 SSP)
variety.com,Entertainment,smartadserver.com,4878,RESELLER,Not Tracked (Non-Top 3 SSP)
variety.com,Entertainment,smaato.com,1100057947,RESELLER,Not Tracked (Non-Top 3 SSP)
variety.com,Entertainment,media.net,8CU20T15J,RESELLER,Not Tracked (Non-Top 3 SSP)
variety.com,Entertainment,video.unrulymedia.com,101558208,DIRECT,Not Tracked (Non-Top 3 SSP)
variety.com,Entertainment,ogury.com,93ba3bd9-246e-4e25-89cb-f87625354baf,DIRECT,Not Tracked (Non-Top 3 SSP)
variety.com,Entertainment,appnexus.com,11470,RESELLER,Not Tracked (Non-Top 3 SSP)
variety.com,Entertainment,rubiconproject.com,25198,RESELLER,OGURY Ltd
variety.com,Entertainment,pubmatic.com,163238,RESELLER,Not Tracked (Non-Top 3 SSP)
variety.com,Entertainment,openx.com,539277217,DIRECT,Not Tracked (Non-Top 3 SSP)
variety.com,Entertainment,openx.com,559750191,DIRECT,Not Tracked (Non-Top 3 SSP)
variety.com,Entertainment,spotim.market,pub_07iXtys7RAHd,DIRECT,Not Tracked (Non-Top 3 SSP)
variety.com,Entertainment,adyoulike.com,45c3d22fe366ce849ad1319c07a8c66f,DIRECT,Not Tracked (Non-Top 3 SSP)
variety.com,Entertainment,triplelift.com,10504,RESELLER,Not Tracked (Non-Top 3 SSP)
variety.com,Entertainment,appnexus.com,6933,RESELLER,Not Tracked (Non-Top 3 SSP)
variety.com,Entertainment,media.net,8CU864AMF,RESELLER,Not Tracked (Non-Top 3 SSP)
variety.com,Entertainment,nativo.com,5740,RESELLER,Not Tracked (Non-Top 3 SSP)
variety.com,Entertainment,rubiconproject.com,17184,RESELLER,"SPOT.IM, Inc."
variety.com,Entertainment,openx.com,539466082,RESELLER,Not Tracked (Non-Top 3 SSP)
variety.com,Entertainment,pubmatic.com,156813,RESELLER,Not Tracked (Non-Top 3 SSP)
variety.com,Entertainment,amxrtb.com,105199619,RESELLER,Not Tracked (Non-Top 3 SSP)
variety.com,Entertainment,appnexus.com,7664,RESELLER,Not Tracked (Non-Top 3 SSP)
variety.com,Entertainment,pubmatic.com,160925,RESELLER,Not Tracked (Non-Top 3 SSP)
variety.com,Entertainment,rubiconproject.com,20736,RESELLER,ADYOULIKE SA
variety.com,Entertainment,adipolosolutions.com,23015084430,RESELLER,Not Tracked (Non-Top 3 SSP)
variety.com,Entertainment,sharethrough.com,UN5mGpO8,RESELLER,Not Tracked (Non-Top 3 SSP)
variety.com,Entertainment,smartadserver.com,4242,RESELLER,Not Tracked (Non-Top 3 SSP)
variety.com,Entertainment,ssp.cadent.com,2510,RESELLER,Not Tracked (Non-Top 3 SSP)
variety.com,Entertainment,video.unrulymedia.com,449400134,RESELLER,Not Tracked (Non-Top 3 SSP)
variety.com,Entertainment,onetag.com,86bd773208c31e6,RESELLER,Not Tracked (Non-Top 3 SSP)
variety.com,Entertainment,sharethrough.com,SIeEIiEP,RESELLER,Not Tracked (Non-Top 3 SSP)
variety.com,Entertainment,yieldmo.com,3482865003332051270,RESELLER,Not Tracked (Non-Top 3 SSP)
variety.com,Entertainment,richaudience.com,JAHJ4YZq4O,RESELLER,Not Tracked (Non-Top 3 SSP)
variety.com,Entertainment,lijit.com,408376,RESELLER,Not Tracked (Non-Top 3 SSP)
variety.com,Entertainment,video.unrulymedia.com,297618916,RESELLER,Not Tracked (Non-Top 3 SSP)
variety.com,Entertainment,outbrain.com,00e983cf99133348c098c5a146d73b0535,DIRECT,Not Tracked (Non-Top 3 SSP)
variety.com,Entertainment,appnexus.com,7597,RESELLER,Not Tracked (Non-Top 3 SSP)
variety.com,Entertainment,openx.com,540393169,RESELLER,Not Tracked (Non-Top 3 SSP)
variety.com,Entertainment,rubiconproject.com,19668,RESELLER,Teads Holding Co.
variety.com,Entertainment,indexexchange.com,190856,RESELLER,Not Tracked (Non-Top 3 SSP)
variety.com,Entertainment,pubmatic.com,158615,RESELLER,Not Tracked (Non-Top 3 SSP)
variety.com,Entertainment,smartadserver.com,3820,RESELLER,Not Tracked (Non-Top 3 SSP)
variety.com,Entertainment,video.unrulymedia.com,367782854,RESELLER,Not Tracked (Non-Top 3 SSP)
variety.com,Entertainment,indexexchange.com,193091,RESELLER,Not Tracked (Non-Top 3 SSP)
variety.com,Entertainment,pubmatic.com,160065,RESELLER,Not Tracked (Non-Top 3 SSP)
variety.com,Entertainment,improvedigital.com,1863,RESELLER,Not Tracked (Non-Top 3 SSP)
variety.com,Entertainment,freewheel.tv,1220655,RESELLER,Not Tracked (Non-Top 3 SSP)
variety.com,Entertainment,vi.ai,g-00c959fcaea17f96a51a38af3e6eab06e2,DIRECT,Not Tracked (Non-Top 3 SSP)
variety.com,Entertainment,google.com,pub-5617098146054077,RESELLER,Unlisted / Unknown ID
variety.com,Entertainment,pubmatic.com,158055,RESELLER,Not Tracked (Non-Top 3 SSP)
variety.com,Entertainment,xandr.com,10736,RESELLER,Not Tracked (Non-Top 3 SSP)
variety.com,Entertainment,rubiconproject.com,21506,RESELLER,Unlisted / Unknown ID
variety.com,Entertainment,indexexchange.com,190500,RESELLER,Not Tracked (Non-Top 3 SSP)
variety.com,Entertainment,smartadserver.com,2776,RESELLER,Not Tracked (Non-Top 3 SSP)
variety.com,Entertainment,openx.com,540362347,RESELLER,Not Tracked (Non-Top 3 SSP)
variety.com,Entertainment,triplelift.com,11547,RESELLER,Not Tracked (Non-Top 3 SSP)
variety.com,Entertainment,improvedigital.com,1552,RESELLER,Not Tracked (Non-Top 3 SSP)
variety.com,Entertainment,contextweb.com,562709,RESELLER,Not Tracked (Non-Top 3 SSP)
variety.com,Entertainment,aps.amazon.com,3965,RESELLER,Not Tracked (Non-Top 3 SSP)
variety.com,Entertainment,freewheel.tv,1220559,RESELLER,Not Tracked (Non-Top 3 SSP)
variety.com,Entertainment,freewheel.tv,1133073,RESELLER,Not Tracked (Non-Top 3 SSP)
variety.com,Entertainment,sovrn.com,267974,RESELLER,Not Tracked (Non-Top 3 SSP)
variety.com,Entertainment,adform.com,2611,RESELLER,Not Tracked (Non-Top 3 SSP)
variety.com,Entertainment,media.net,8CU33YS38,RESELLER,Not Tracked (Non-Top 3 SSP)
variety.com,Entertainment,pubmatic.com,156436,DIRECT,Not Tracked (Non-Top 3 SSP)
variety.com,Entertainment,pubmatic.com,163345,DIRECT,Not Tracked (Non-Top 3 SSP)
variety.com,Entertainment,appnexus.com,1922,RESELLER,Not Tracked (Non-Top 3 SSP)
variety.com,Entertainment,amxrtb.com,105199746,RESELLER,Not Tracked (Non-Top 3 SSP)
variety.com,Entertainment,risecodes.com,64c290167304e80001e3edd3,RESELLER,Not Tracked (Non-Top 3 SSP)
variety.com,Entertainment,bidgx.com,58421,RESELLER,Not Tracked (Non-Top 3 SSP)
variety.com,Entertainment,rubiconproject.com,27034,RESELLER,BIDGENCY GROUP LP
variety.com,Entertainment,themediagrid.com,FNG4LA,RESELLER,Not Tracked (Non-Top 3 SSP)
variety.com,Entertainment,triplelift.com,14737,RESELLER,Not Tracked (Non-Top 3 SSP)
variety.com,Entertainment,vidazoo.com,694a91fa7e731247b1057044,DIRECT,Not Tracked (Non-Top 3 SSP)
variety.com,Entertainment,risecodes.com,64881d800ae3940001b02ee9,DIRECT,Not Tracked (Non-Top 3 SSP)
variety.com,Entertainment,risecodes.com,67ee7c1eb4467c000100a61d,RESELLER,Not Tracked (Non-Top 3 SSP)
variety.com,Entertainment,risecodes.com,60053eeffc482800014c29be,RESELLER,Not Tracked (Non-Top 3 SSP)
variety.com,Entertainment,pubmatic.com,160295,RESELLER,Not Tracked (Non-Top 3 SSP)
variety.com,Entertainment,xandr.com,14082,RESELLER,Not Tracked (Non-Top 3 SSP)
variety.com,Entertainment,rubiconproject.com,23876,RESELLER,Typea Holdings  LTD.
variety.com,Entertainment,sharethrough.com,5926d422,RESELLER,Not Tracked (Non-Top 3 SSP)
variety.com,Entertainment,triplelift.com,12465,RESELLER,Not Tracked (Non-Top 3 SSP)
variety.com,Entertainment,nitropay.com,scl19,DIRECT,Not Tracked (Non-Top 3 SSP)
variety.com,Entertainment,nitropay.com,scl20,DIRECT,Not Tracked (Non-Top 3 SSP)
variety.com,Entertainment,google.com,pub-9872233689689746,RESELLER,GG Software LP
variety.com,Entertainment,aps.amazon.com,da657530-03e5-4306-95bc-d4eb370426c9,RESELLER,Not Tracked (Non-Top 3 SSP)
variety.com,Entertainment,rubiconproject.com,17374,RESELLER,GG Software LP
variety.com,Entertainment,indexexchange.com,185177,RESELLER,Not Tracked (Non-Top 3 SSP)
variety.com,Entertainment,openx.com,564010823,RESELLER,Not Tracked (Non-Top 3 SSP)
variety.com,Entertainment,pubmatic.com,156737,RESELLER,Not Tracked (Non-Top 3 SSP)
variety.com,Entertainment,appnexus.com,7795,RESELLER,Not Tracked (Non-Top 3 SSP)
variety.com,Entertainment,seedtag.com,62fcff8a8dbb25070048e774,DIRECT,Not Tracked (Non-Top 3 SSP)
variety.com,Entertainment,xandr.com,4009,DIRECT,Not Tracked (Non-Top 3 SSP)
variety.com,Entertainment,smartadserver.com,3050,DIRECT,Not Tracked (Non-Top 3 SSP)
variety.com,Entertainment,rubiconproject.com,17280,RESELLER,Seedtag Advertising SL
variety.com,Entertainment,pubmatic.com,157743,DIRECT,Not Tracked (Non-Top 3 SSP)
variety.com,Entertainment,lijit.com,397546,DIRECT,Not Tracked (Non-Top 3 SSP)
variety.com,Entertainment,onetag.com,75601b04186d260,DIRECT,Not Tracked (Non-Top 3 SSP)
variety.com,Entertainment,openx.com,558758631,RESELLER,Not Tracked (Non-Top 3 SSP)
variety.com,Entertainment,indexexchange.com,191730,RESELLER,Not Tracked (Non-Top 3 SSP)
variety.com,Entertainment,sharethrough.com,AXS5NfBr,RESELLER,Not Tracked (Non-Top 3 SSP)
variety.com,Entertainment,loopme.com,11712,RESELLER,Not Tracked (Non-Top 3 SSP)
variety.com,Entertainment,video.unrulymedia.com,724823153,RESELLER,Not Tracked (Non-Top 3 SSP)
variety.com,Entertainment,beachfront.com,15250,RESELLER,Not Tracked (Non-Top 3 SSP)
variety.com,Entertainment,sharethrough.com,2a414385,DIRECT,Not Tracked (Non-Top 3 SSP)
variety.com,Entertainment,sharethrough.com,yIlsuctS,DIRECT,Not Tracked (Non-Top 3 SSP)
variety.com,Entertainment,sharethrough.com,06663209,RESELLER,Not Tracked (Non-Top 3 SSP)
variety.com,Entertainment,smartadserver.com,5357,DIRECT,Not Tracked (Non-Top 3 SSP)
variety.com,Entertainment,sharethrough.com,5357,DIRECT,Not Tracked (Non-Top 3 SSP)
variety.com,Entertainment,lijit.com,53413,DIRECT,Not Tracked (Non-Top 3 SSP)
variety.com,Entertainment,openx.com,538959099,RESELLER,Not Tracked (Non-Top 3 SSP)
variety.com,Entertainment,pubmatic.com,137711,RESELLER,Not Tracked (Non-Top 3 SSP)
variety.com,Entertainment,rubiconproject.com,17960,RESELLER,Sovrn Inc.
variety.com,Entertainment,smaato.com,1100056344,RESELLER,Not Tracked (Non-Top 3 SSP)
variety.com,Entertainment,teads.tv,7282,DIRECT,Not Tracked (Non-Top 3 SSP)
variety.com,Entertainment,trinityaudio.ai,8909,DIRECT,Not Tracked (Non-Top 3 SSP)
variety.com,Entertainment,adswizz.com,trinityaudio,RESELLER,Not Tracked (Non-Top 3 SSP)
variety.com,Entertainment,katzdigital.com,383,RESELLER,Not Tracked (Non-Top 3 SSP)
variety.com,Entertainment,tritondigital.com,28113,RESELLER,Not Tracked (Non-Top 3 SSP)
variety.com,Entertainment,rubiconproject.com,24996,RESELLER,Trinity Audio LTD
variety.com,Entertainment,adtonos.com,PUB659752692,RESELLER,Not Tracked (Non-Top 3 SSP)
variety.com,Entertainment,targetspot.com,92,RESELLER,Not Tracked (Non-Top 3 SSP)
variety.com,Entertainment,soundstack.com,stack-365,RESELLER,Not Tracked (Non-Top 3 SSP)
variety.com,Entertainment,boldcollective.co,800009,RESELLER,Not Tracked (Non-Top 3 SSP)
variety.com,Entertainment,instreamatic.com,216,RESELLER,Not Tracked (Non-Top 3 SSP)
variety.com,Entertainment,dxkulture.com,98841,RESELLER,Not Tracked (Non-Top 3 SSP)
variety.com,Entertainment,thisisdax.com,5449,RESELLER,Not Tracked (Non-Top 3 SSP)
variety.com,Entertainment,appnexus.com,17376,RESELLER,Not Tracked (Non-Top 3 SSP)
variety.com,Entertainment,improvedigital.com,2174,RESELLER,Not Tracked (Non-Top 3 SSP)
variety.com,Entertainment,adswizz.com,383,RESELLER,Not Tracked (Non-Top 3 SSP)
variety.com,Entertainment,improvedigital.com,2174_92,RESELLER,Not Tracked (Non-Top 3 SSP)
variety.com,Entertainment,rubiconproject.com,24998,RESELLER,Google
variety.com,Entertainment,appnexus.com,1577,RESELLER,Not Tracked (Non-Top 3 SSP)
variety.com,Entertainment,appnexus.com,7265,RESELLER,Not Tracked (Non-Top 3 SSP)
variety.com,Entertainment,rubiconproject.com,16418,RESELLER,TargetSpot France
variety.com,Entertainment,rubiconproject.com,9753,RESELLER,TargetSpot Inc
variety.com,Entertainment,rubiconproject.com,9755,RESELLER,Enticent LLC
variety.com,Entertainment,tritondigital.com,44733,RESELLER,Not Tracked (Non-Top 3 SSP)
variety.com,Entertainment,adswizz.com,targetspot,RESELLER,Not Tracked (Non-Top 3 SSP)
variety.com,Entertainment,google.com,pub-3309952587256974,RESELLER,Trinity Audio
variety.com,Entertainment,improvedigital.com,2174,RESELLER,Not Tracked (Non-Top 3 SSP)
variety.com,Entertainment,adswizz.com,audiology,RESELLER,Not Tracked (Non-Top 3 SSP)
variety.com,Entertainment,adswizz.com,52593,RESELLER,Not Tracked (Non-Top 3 SSP)
variety.com,Entertainment,tritondigital.com,38083,RESELLER,Not Tracked (Non-Top 3 SSP)
variety.com,Entertainment,appnexus.com,14256,RESELLER,Not Tracked (Non-Top 3 SSP)
variety.com,Entertainment,adswizz.com,adtonos,RESELLER,Not Tracked (Non-Top 3 SSP)
variety.com,Entertainment,rubiconproject.com,25906,RESELLER,Radio Net Media Ltd.
variety.com,Entertainment,pubmatic.com,158100,RESELLER,Not Tracked (Non-Top 3 SSP)
variety.com,Entertainment,rubiconproject.com,23644,RESELLER,Conversant LLC
variety.com,Entertainment,adswizz.com,347,RESELLER,Not Tracked (Non-Top 3 SSP)
variety.com,Entertainment,entravision.com,1539,RESELLER,Not Tracked (Non-Top 3 SSP)
variety.com,Entertainment,adswizz.com,80,RESELLER,Not Tracked (Non-Top 3 SSP)
variety.com,Entertainment,adswizz.com,172,RESELLER,Not Tracked (Non-Top 3 SSP)
variety.com,Entertainment,adswizz.com,584,RESELLER,Not Tracked (Non-Top 3 SSP)
variety.com,Entertainment,media.net,8CULP07A8,RESELLER,Not Tracked (Non-Top 3 SSP)
variety.com,Entertainment,media.net,8CUV883SI,RESELLER,Not Tracked (Non-Top 3 SSP)
variety.com,Entertainment,zetaglobal.net,546,RESELLER,Not Tracked (Non-Top 3 SSP)
variety.com,Entertainment,triplelift.com,2637,DIRECT,Not Tracked (Non-Top 3 SSP)
variety.com,Entertainment,themediagrid.com,GODNC4,RESELLER,Not Tracked (Non-Top 3 SSP)
variety.com,Entertainment,trustx.org,4739,DIRECT,Not Tracked (Non-Top 3 SSP)
variety.com,Entertainment,udmserve.net,4533,DIRECT,Not Tracked (Non-Top 3 SSP)
variety.com,Entertainment,amxrtb.com,dW5kZXJkb2dtZWRpYS5jb20,RESELLER,Not Tracked (Non-Top 3 SSP)
variety.com,Entertainment,indexexchange.com,194564,RESELLER,Not Tracked (Non-Top 3 SSP)
variety.com,Entertainment,pubmatic.com,159955,RESELLER,Not Tracked (Non-Top 3 SSP)
variety.com,Entertainment,media.net,8CUG6HNM2,RESELLER,Not Tracked (Non-Top 3 SSP)
variety.com,Entertainment,openx.com,537100188,RESELLER,Not Tracked (Non-Top 3 SSP)
variety.com,Entertainment,openx.com,537124574,RESELLER,Not Tracked (Non-Top 3 SSP)
variety.com,Entertainment,rubiconproject.com,19396,RESELLER,Media.net Advertising FZ-LLC
variety.com,Entertainment,rubiconproject.com,24042,RESELLER,"Underdog Media, LLC"
variety.com,Entertainment,themediagrid.com,CIQERY,RESELLER,Not Tracked (Non-Top 3 SSP)
variety.com,Entertainment,undertone.com,2422,DIRECT,Not Tracked (Non-Top 3 SSP)
variety.com,Entertainment,openx.com,537153564,RESELLER,Not Tracked (Non-Top 3 SSP)
variety.com,Entertainment,rubiconproject.com,22412,RESELLER,Intercept Interactive Inc. D.B.A Undertone
variety.com,Entertainment,pubmatic.com,160318,RESELLER,Not Tracked (Non-Top 3 SSP)
variety.com,Entertainment,indexexchange.com,197137,RESELLER,Not Tracked (Non-Top 3 SSP)
variety.com,Entertainment,vidazoo.com,682637f0f17980620181ff7e,DIRECT,Not Tracked (Non-Top 3 SSP)
variety.com,Entertainment,rubiconproject.com,17130,RESELLER,Vidazoo LTD.
variety.com,Entertainment,openx.com,541017750,RESELLER,Not Tracked (Non-Top 3 SSP)
variety.com,Entertainment,pubmatic.com,159988,RESELLER,Not Tracked (Non-Top 3 SSP)
variety.com,Entertainment,appnexus.com,2794,RESELLER,Not Tracked (Non-Top 3 SSP)
variety.com,Entertainment,appnexus.com,7049,DIRECT,Not Tracked (Non-Top 3 SSP)
variety.com,Entertainment,xandr.com,7049,DIRECT,Not Tracked (Non-Top 3 SSP)
variety.com,Entertainment,yahoo.com,56113,DIRECT,Not Tracked (Non-Top 3 SSP)
variety.com,Entertainment,yahoo.com,57130,DIRECT,Not Tracked (Non-Top 3 SSP)
variety.com,Entertainment,yieldmo.com,3280040453130363173,DIRECT,Not Tracked (Non-Top 3 SSP)
variety.com,Entertainment,yieldmo.com,2140637891423537086,DIRECT,Not Tracked (Non-Top 3 SSP)
hollywoodreporter.com,Entertainment,amxrtb.com,105199330,DIRECT,Not Tracked (Non-Top 3 SSP)
hollywoodreporter.com,Entertainment,pubmatic.com,158355,RESELLER,Not Tracked (Non-Top 3 SSP)
hollywoodreporter.com,Entertainment,appnexus.com,12290,RESELLER,Not Tracked (Non-Top 3 SSP)
hollywoodreporter.com,Entertainment,lijit.com,260380,RESELLER,Not Tracked (Non-Top 3 SSP)
hollywoodreporter.com,Entertainment,rubiconproject.com,23844,RESELLER,Monet Engine Inc
hollywoodreporter.com,Entertainment,sharethrough.com,a6a34444,RESELLER,Not Tracked (Non-Top 3 SSP)
hollywoodreporter.com,Entertainment,openx.com,559680764,RESELLER,Not Tracked (Non-Top 3 SSP)
hollywoodreporter.com,Entertainment,adipolo.com,22889856011,RESELLER,Not Tracked (Non-Top 3 SSP)
hollywoodreporter.com,Entertainment,adipolosolutions.com,22889856011,RESELLER,Not Tracked (Non-Top 3 SSP)
hollywoodreporter.com,Entertainment,pmbmonetize.com,22889856011,RESELLER,Not Tracked (Non-Top 3 SSP)
hollywoodreporter.com,Entertainment,opamarketplace.com,22889856011,RESELLER,Not Tracked (Non-Top 3 SSP)
hollywoodreporter.com,Entertainment,smartadline.com,22889856011,RESELLER,Not Tracked (Non-Top 3 SSP)
hollywoodreporter.com,Entertainment,google.com,pub-2930805104418204,RESELLER,Yediot Internet
hollywoodreporter.com,Entertainment,google.com,pub-4903453974745530,RESELLER,Medmob
hollywoodreporter.com,Entertainment,google.com,pub-4836542095728076,RESELLER,Medmob
hollywoodreporter.com,Entertainment,google.com,pub-9135355251665930,RESELLER,Greeter HOLDINGS LTD
hollywoodreporter.com,Entertainment,google.com,pub-6804276076764268,RESELLER,Journkey LTD
hollywoodreporter.com,Entertainment,appnexus.com,16912,RESELLER,Not Tracked (Non-Top 3 SSP)
hollywoodreporter.com,Entertainment,imds.tv,82732,DIRECT,Not Tracked (Non-Top 3 SSP)
hollywoodreporter.com,Entertainment,advertising.com,82732,DIRECT,Not Tracked (Non-Top 3 SSP)
hollywoodreporter.com,Entertainment,rubiconproject.com,13344,RESELLER,Synacor Inc
hollywoodreporter.com,Entertainment,pubmatic.com,156344,RESELLER,Not Tracked (Non-Top 3 SSP)
hollywoodreporter.com,Entertainment,themediagrid.com,KMX76A,RESELLER,Not Tracked (Non-Top 3 SSP)
hollywoodreporter.com,Entertainment,openx.com,540401713,RESELLER,Not Tracked (Non-Top 3 SSP)
hollywoodreporter.com,Entertainment,aps.amazon.com,3157,DIRECT,Not Tracked (Non-Top 3 SSP)
hollywoodreporter.com,Entertainment,amxrtb.com,105199330,DIRECT,Not Tracked (Non-Top 3 SSP)
hollywoodreporter.com,Entertainment,blockthrough.com,5691993753649152,DIRECT,Not Tracked (Non-Top 3 SSP)
hollywoodreporter.com,Entertainment,pubmatic.com,160377,RESELLER,Not Tracked (Non-Top 3 SSP)
hollywoodreporter.com,Entertainment,rubiconproject.com,23718,RESELLER,Blockthrough Inc.
hollywoodreporter.com,Entertainment,appnexus.com,6979,RESELLER,Not Tracked (Non-Top 3 SSP)
hollywoodreporter.com,Entertainment,google.com,pub-3792796726804880,RESELLER,Blockthrough Inc.
hollywoodreporter.com,Entertainment,concert.io,cbs-e043cd9eac,DIRECT,Not Tracked (Non-Top 3 SSP)
hollywoodreporter.com,Entertainment,concert.io,cbs-e043cd9eac,RESELLER,Not Tracked (Non-Top 3 SSP)
hollywoodreporter.com,Entertainment,google.com,pub-5405132603504384,RESELLER,"Vox Media, Inc."
hollywoodreporter.com,Entertainment,connatix.com,100027,DIRECT,Not Tracked (Non-Top 3 SSP)
hollywoodreporter.com,Entertainment,google.com,pub-1929615694373103,RESELLER,Connatix Native Exchange Inc
hollywoodreporter.com,Entertainment,pubmatic.com,156592,RESELLER,Not Tracked (Non-Top 3 SSP)
hollywoodreporter.com,Entertainment,rubiconproject.com,19564,RESELLER,Connatix Native Exchange Inc
hollywoodreporter.com,Entertainment,openx.com,539496816,RESELLER,Not Tracked (Non-Top 3 SSP)
hollywoodreporter.com,Entertainment,indexexchange.com,190549,RESELLER,Not Tracked (Non-Top 3 SSP)
hollywoodreporter.com,Entertainment,media.net,8CUP5F2LD,RESELLER,Not Tracked (Non-Top 3 SSP)
hollywoodreporter.com,Entertainment,triplelift.com,12200,RESELLER,Not Tracked (Non-Top 3 SSP)
hollywoodreporter.com,Entertainment,video.unrulymedia.com,687806135,RESELLER,Not Tracked (Non-Top 3 SSP)
hollywoodreporter.com,Entertainment,smartadserver.com,3630,RESELLER,Not Tracked (Non-Top 3 SSP)
hollywoodreporter.com,Entertainment,risecodes.com,60053eeffc482800014c29be,RESELLER,Not Tracked (Non-Top 3 SSP)
hollywoodreporter.com,Entertainment,sharethrough.com,KnLYRz1v,RESELLER,Not Tracked (Non-Top 3 SSP)
hollywoodreporter.com,Entertainment,inmobi.com,64d831e7ed4840ac8ea2283745f07d75,RESELLER,Not Tracked (Non-Top 3 SSP)
hollywoodreporter.com,Entertainment,appnexus.com,17444,RESELLER,Not Tracked (Non-Top 3 SSP)
hollywoodreporter.com,Entertainment,gumgum.com,12991,RESELLER,Not Tracked (Non-Top 3 SSP)
hollywoodreporter.com,Entertainment,insticator.com,1c472931-6597-4f1f-b9ad-bf6db4b6b5e6,DIRECT,Not Tracked (Non-Top 3 SSP)
hollywoodreporter.com,Entertainment,rubiconproject.com,17062,RESELLER,Insiticator Inc
hollywoodreporter.com,Entertainment,lijit.com,257618,RESELLER,Not Tracked (Non-Top 3 SSP)
hollywoodreporter.com,Entertainment,sharethrough.com,Q9IzHdvp,RESELLER,Not Tracked (Non-Top 3 SSP)
hollywoodreporter.com,Entertainment,themediagrid.com,DQ6AMB,RESELLER,Not Tracked (Non-Top 3 SSP)
hollywoodreporter.com,Entertainment,cpmstar.com,54584,DIRECT,Not Tracked (Non-Top 3 SSP)
hollywoodreporter.com,Entertainment,rubiconproject.com,13510,RESELLER,Rich Audience Technologies SL
hollywoodreporter.com,Entertainment,openx.com,541079309,RESELLER,Not Tracked (Non-Top 3 SSP)
hollywoodreporter.com,Entertainment,nativo.com,6000,RESELLER,Not Tracked (Non-Top 3 SSP)
hollywoodreporter.com,Entertainment,pubmatic.com,160251,RESELLER,Not Tracked (Non-Top 3 SSP)
hollywoodreporter.com,Entertainment,loopme.com,15270,RESELLER,Not Tracked (Non-Top 3 SSP)
hollywoodreporter.com,Entertainment,rubiconproject.com,23330,RESELLER,"Aditude, Inc. (DBA CPMStar)"
hollywoodreporter.com,Entertainment,pubmatic.com,81564,RESELLER,Not Tracked (Non-Top 3 SSP)
hollywoodreporter.com,Entertainment,video.unrulymedia.com,1838093862,RESELLER,Not Tracked (Non-Top 3 SSP)
hollywoodreporter.com,Entertainment,criteo.com,B-062460,DIRECT,Unlisted / Unknown ID
hollywoodreporter.com,Entertainment,themediagrid.com,YIPW6F,DIRECT,Not Tracked (Non-Top 3 SSP)
hollywoodreporter.com,Entertainment,conversantmedia.com,11022,DIRECT,Not Tracked (Non-Top 3 SSP)
hollywoodreporter.com,Entertainment,google.com,pub-7130547987556188,DIRECT,Penske Media Corporation DBA Penske Media Corp
hollywoodreporter.com,Entertainment,gumgum.com,11224,DIRECT,Not Tracked (Non-Top 3 SSP)
hollywoodreporter.com,Entertainment,gumgum.com,14536,DIRECT,Not Tracked (Non-Top 3 SSP)
hollywoodreporter.com,Entertainment,conversantmedia.com,100978,RESELLER,Not Tracked (Non-Top 3 SSP)
hollywoodreporter.com,Entertainment,indexexchange.com,192882,DIRECT,Not Tracked (Non-Top 3 SSP)
hollywoodreporter.com,Entertainment,indexexchange.com,206126,DIRECT,Not Tracked (Non-Top 3 SSP)
hollywoodreporter.com,Entertainment,infolinks.com,3399688,DIRECT,Not Tracked (Non-Top 3 SSP)
hollywoodreporter.com,Entertainment,pubmatic.com,156872,RESELLER,Not Tracked (Non-Top 3 SSP)
hollywoodreporter.com,Entertainment,xandr.com,3251,RESELLER,Not Tracked (Non-Top 3 SSP)
hollywoodreporter.com,Entertainment,lijit.com,268479,RESELLER,Not Tracked (Non-Top 3 SSP)
hollywoodreporter.com,Entertainment,indexexchange.com,191306,RESELLER,Not Tracked (Non-Top 3 SSP)
hollywoodreporter.com,Entertainment,media.net,8CUY6IX4H,RESELLER,Not Tracked (Non-Top 3 SSP)
hollywoodreporter.com,Entertainment,openx.com,543174347,RESELLER,Not Tracked (Non-Top 3 SSP)
hollywoodreporter.com,Entertainment,triplelift.com,11582,RESELLER,Not Tracked (Non-Top 3 SSP)
hollywoodreporter.com,Entertainment,aps.amazon.com,de948cab-9232-4f2a-90f5-794be75952c6,RESELLER,Not Tracked (Non-Top 3 SSP)
hollywoodreporter.com,Entertainment,yahoo.com,100026,RESELLER,Not Tracked (Non-Top 3 SSP)
hollywoodreporter.com,Entertainment,inmobi.com,3c8637fb219446d5ae53aec287e2e9a9,DIRECT,Not Tracked (Non-Top 3 SSP)
hollywoodreporter.com,Entertainment,rubiconproject.com,12266,RESELLER,INMOBI PTE LTD
hollywoodreporter.com,Entertainment,rubiconproject.com,11726,RESELLER,INMOBI PTE LTD
hollywoodreporter.com,Entertainment,pubmatic.com,157097,RESELLER,Not Tracked (Non-Top 3 SSP)
hollywoodreporter.com,Entertainment,conversantmedia.com,40881,RESELLER,Not Tracked (Non-Top 3 SSP)
hollywoodreporter.com,Entertainment,smaato.com,1100053415,RESELLER,Not Tracked (Non-Top 3 SSP)
hollywoodreporter.com,Entertainment,outbrain.com,00092743fa380569f00f929c5c50dfccf8,RESELLER,Not Tracked (Non-Top 3 SSP)
hollywoodreporter.com,Entertainment,admanmedia.com,2063,RESELLER,Not Tracked (Non-Top 3 SSP)
hollywoodreporter.com,Entertainment,apester.com,2212,RESELLER,Not Tracked (Non-Top 3 SSP)
hollywoodreporter.com,Entertainment,loopme.com,9724,RESELLER,Not Tracked (Non-Top 3 SSP)
hollywoodreporter.com,Entertainment,kargo.com,102,DIRECT,Not Tracked (Non-Top 3 SSP)
hollywoodreporter.com,Entertainment,rubiconproject.com,11864,RESELLER,"Kargo Global, Inc."
hollywoodreporter.com,Entertainment,appnexus.com,8173,RESELLER,Not Tracked (Non-Top 3 SSP)
hollywoodreporter.com,Entertainment,contextweb.com,562001,RESELLER,Not Tracked (Non-Top 3 SSP)
hollywoodreporter.com,Entertainment,video.unrulymedia.com,1858504412,RESELLER,Not Tracked (Non-Top 3 SSP)
hollywoodreporter.com,Entertainment,fabrik.com,97,DIRECT,Not Tracked (Non-Top 3 SSP)
hollywoodreporter.com,Entertainment,google.com,pub-6358294573682566,RESELLER,Kargo Publishing LLC
hollywoodreporter.com,Entertainment,rubiconproject.com,11714,DIRECT,Penske Media Corporation
hollywoodreporter.com,Entertainment,rubiconproject.com,18038,RESELLER,Google
hollywoodreporter.com,Entertainment,media.net,8CU431SHO,DIRECT,Not Tracked (Non-Top 3 SSP)
hollywoodreporter.com,Entertainment,media.net,8CUJC56O5,DIRECT,Not Tracked (Non-Top 3 SSP)
hollywoodreporter.com,Entertainment,media.net,8CUVU9802,DIRECT,Not Tracked (Non-Top 3 SSP)
hollywoodreporter.com,Entertainment,minutemedia.com,01hcn78a9rnn,DIRECT,Not Tracked (Non-Top 3 SSP)
hollywoodreporter.com,Entertainment,pubmatic.com,161683,RESELLER,Not Tracked (Non-Top 3 SSP)
hollywoodreporter.com,Entertainment,openx.com,540780517,RESELLER,Not Tracked (Non-Top 3 SSP)
hollywoodreporter.com,Entertainment,lijit.com,264726,RESELLER,Not Tracked (Non-Top 3 SSP)
hollywoodreporter.com,Entertainment,rubiconproject.com,17598,RESELLER,Sportority Inc
hollywoodreporter.com,Entertainment,yieldmo.com,2954622693783052507,RESELLER,Not Tracked (Non-Top 3 SSP)
hollywoodreporter.com,Entertainment,triplelift.com,6030,RESELLER,Not Tracked (Non-Top 3 SSP)
hollywoodreporter.com,Entertainment,video.unrulymedia.com,699546687,RESELLER,Not Tracked (Non-Top 3 SSP)
hollywoodreporter.com,Entertainment,mobkoi.com,2173A29B,DIRECT,Not Tracked (Non-Top 3 SSP)
hollywoodreporter.com,Entertainment,mobkoi.com,D8DEFE26,DIRECT,Not Tracked (Non-Top 3 SSP)
hollywoodreporter.com,Entertainment,freewheel.tv,1578381,RESELLER,Not Tracked (Non-Top 3 SSP)
hollywoodreporter.com,Entertainment,smartadserver.com,5290,RESELLER,Not Tracked (Non-Top 3 SSP)
hollywoodreporter.com,Entertainment,nativo.com,5724,DIRECT,Not Tracked (Non-Top 3 SSP)
hollywoodreporter.com,Entertainment,pubmatic.com,156500,RESELLER,Not Tracked (Non-Top 3 SSP)
hollywoodreporter.com,Entertainment,inmobi.com,21dafc7bf4da4c399c6916da78462fb4,RESELLER,Not Tracked (Non-Top 3 SSP)
hollywoodreporter.com,Entertainment,openx.com,540709535,RESELLER,Not Tracked (Non-Top 3 SSP)
hollywoodreporter.com,Entertainment,rubiconproject.com,16156,RESELLER,Nativo Inc
hollywoodreporter.com,Entertainment,loopme.com,11656,RESELLER,Not Tracked (Non-Top 3 SSP)
hollywoodreporter.com,Entertainment,zetaglobal.net,989,RESELLER,Not Tracked (Non-Top 3 SSP)
hollywoodreporter.com,Entertainment,smartadserver.com,4878,RESELLER,Not Tracked (Non-Top 3 SSP)
hollywoodreporter.com,Entertainment,smaato.com,1100057947,RESELLER,Not Tracked (Non-Top 3 SSP)
hollywoodreporter.com,Entertainment,media.net,8CU20T15J,RESELLER,Not Tracked (Non-Top 3 SSP)
hollywoodreporter.com,Entertainment,video.unrulymedia.com,101558208,DIRECT,Not Tracked (Non-Top 3 SSP)
hollywoodreporter.com,Entertainment,ogury.com,93ba3bd9-246e-4e25-89cb-f87625354baf,DIRECT,Not Tracked (Non-Top 3 SSP)
hollywoodreporter.com,Entertainment,appnexus.com,11470,RESELLER,Not Tracked (Non-Top 3 SSP)
hollywoodreporter.com,Entertainment,rubiconproject.com,25198,RESELLER,OGURY Ltd
hollywoodreporter.com,Entertainment,pubmatic.com,163238,RESELLER,Not Tracked (Non-Top 3 SSP)
hollywoodreporter.com,Entertainment,smartadserver.com,4537,RESELLER,Not Tracked (Non-Top 3 SSP)
hollywoodreporter.com,Entertainment,openx.com,539277217,DIRECT,Not Tracked (Non-Top 3 SSP)
hollywoodreporter.com,Entertainment,openx.com,559750191,DIRECT,Not Tracked (Non-Top 3 SSP)
hollywoodreporter.com,Entertainment,spotim.market,pub_07iXtys7RAHd,DIRECT,Not Tracked (Non-Top 3 SSP)
hollywoodreporter.com,Entertainment,adyoulike.com,45c3d22fe366ce849ad1319c07a8c66f,DIRECT,Not Tracked (Non-Top 3 SSP)
hollywoodreporter.com,Entertainment,triplelift.com,10504,RESELLER,Not Tracked (Non-Top 3 SSP)
hollywoodreporter.com,Entertainment,appnexus.com,6933,RESELLER,Not Tracked (Non-Top 3 SSP)
hollywoodreporter.com,Entertainment,media.net,8CU864AMF,RESELLER,Not Tracked (Non-Top 3 SSP)
hollywoodreporter.com,Entertainment,nativo.com,5740,RESELLER,Not Tracked (Non-Top 3 SSP)
hollywoodreporter.com,Entertainment,rubiconproject.com,17184,RESELLER,"SPOT.IM, Inc."
hollywoodreporter.com,Entertainment,openx.com,539466082,RESELLER,Not Tracked (Non-Top 3 SSP)
hollywoodreporter.com,Entertainment,pubmatic.com,156813,RESELLER,Not Tracked (Non-Top 3 SSP)
hollywoodreporter.com,Entertainment,amxrtb.com,105199619,RESELLER,Not Tracked (Non-Top 3 SSP)
hollywoodreporter.com,Entertainment,appnexus.com,7664,RESELLER,Not Tracked (Non-Top 3 SSP)
hollywoodreporter.com,Entertainment,pubmatic.com,160925,RESELLER,Not Tracked (Non-Top 3 SSP)
hollywoodreporter.com,Entertainment,rubiconproject.com,20736,RESELLER,ADYOULIKE SA
hollywoodreporter.com,Entertainment,adipolosolutions.com,23015084430,RESELLER,Not Tracked (Non-Top 3 SSP)
hollywoodreporter.com,Entertainment,sharethrough.com,UN5mGpO8,RESELLER,Not Tracked (Non-Top 3 SSP)
hollywoodreporter.com,Entertainment,smartadserver.com,4242,RESELLER,Not Tracked (Non-Top 3 SSP)
hollywoodreporter.com,Entertainment,ssp.cadent.com,2510,RESELLER,Not Tracked (Non-Top 3 SSP)
hollywoodreporter.com,Entertainment,video.unrulymedia.com,449400134,RESELLER,Not Tracked (Non-Top 3 SSP)
hollywoodreporter.com,Entertainment,onetag.com,86bd773208c31e6,RESELLER,Not Tracked (Non-Top 3 SSP)
hollywoodreporter.com,Entertainment,sharethrough.com,SIeEIiEP,RESELLER,Not Tracked (Non-Top 3 SSP)
hollywoodreporter.com,Entertainment,yieldmo.com,3482865003332051270,RESELLER,Not Tracked (Non-Top 3 SSP)
hollywoodreporter.com,Entertainment,richaudience.com,JAHJ4YZq4O,RESELLER,Not Tracked (Non-Top 3 SSP)
hollywoodreporter.com,Entertainment,lijit.com,408376,RESELLER,Not Tracked (Non-Top 3 SSP)
hollywoodreporter.com,Entertainment,video.unrulymedia.com,297618916,RESELLER,Not Tracked (Non-Top 3 SSP)
hollywoodreporter.com,Entertainment,outbrain.com,00775061ef7336b3525bdb5aa5aa917300,DIRECT,Not Tracked (Non-Top 3 SSP)
hollywoodreporter.com,Entertainment,appnexus.com,7597,RESELLER,Not Tracked (Non-Top 3 SSP)
hollywoodreporter.com,Entertainment,openx.com,540393169,RESELLER,Not Tracked (Non-Top 3 SSP)
hollywoodreporter.com,Entertainment,rubiconproject.com,19668,RESELLER,Teads Holding Co.
hollywoodreporter.com,Entertainment,indexexchange.com,190856,RESELLER,Not Tracked (Non-Top 3 SSP)
hollywoodreporter.com,Entertainment,pubmatic.com,158615,RESELLER,Not Tracked (Non-Top 3 SSP)
hollywoodreporter.com,Entertainment,smartadserver.com,3820,RESELLER,Not Tracked (Non-Top 3 SSP)
hollywoodreporter.com,Entertainment,video.unrulymedia.com,367782854,RESELLER,Not Tracked (Non-Top 3 SSP)
hollywoodreporter.com,Entertainment,indexexchange.com,193091,RESELLER,Not Tracked (Non-Top 3 SSP)
hollywoodreporter.com,Entertainment,pubmatic.com,160065,RESELLER,Not Tracked (Non-Top 3 SSP)
hollywoodreporter.com,Entertainment,improvedigital.com,1863,RESELLER,Not Tracked (Non-Top 3 SSP)
hollywoodreporter.com,Entertainment,freewheel.tv,1220655,RESELLER,Not Tracked (Non-Top 3 SSP)
hollywoodreporter.com,Entertainment,vi.ai,g-00c959fcaea17f96a51a38af3e6eab06e2,DIRECT,Not Tracked (Non-Top 3 SSP)
hollywoodreporter.com,Entertainment,google.com,pub-5617098146054077,RESELLER,Unlisted / Unknown ID
hollywoodreporter.com,Entertainment,pubmatic.com,158055,RESELLER,Not Tracked (Non-Top 3 SSP)
hollywoodreporter.com,Entertainment,xandr.com,10736,RESELLER,Not Tracked (Non-Top 3 SSP)
hollywoodreporter.com,Entertainment,rubiconproject.com,21506,RESELLER,Unlisted / Unknown ID
hollywoodreporter.com,Entertainment,indexexchange.com,190500,RESELLER,Not Tracked (Non-Top 3 SSP)
hollywoodreporter.com,Entertainment,smartadserver.com,2776,RESELLER,Not Tracked (Non-Top 3 SSP)
hollywoodreporter.com,Entertainment,openx.com,540362347,RESELLER,Not Tracked (Non-Top 3 SSP)
hollywoodreporter.com,Entertainment,triplelift.com,11547,RESELLER,Not Tracked (Non-Top 3 SSP)
hollywoodreporter.com,Entertainment,improvedigital.com,1552,RESELLER,Not Tracked (Non-Top 3 SSP)
hollywoodreporter.com,Entertainment,contextweb.com,562709,RESELLER,Not Tracked (Non-Top 3 SSP)
hollywoodreporter.com,Entertainment,aps.amazon.com,3965,RESELLER,Not Tracked (Non-Top 3 SSP)
hollywoodreporter.com,Entertainment,freewheel.tv,1220559,RESELLER,Not Tracked (Non-Top 3 SSP)
hollywoodreporter.com,Entertainment,freewheel.tv,1133073,RESELLER,Not Tracked (Non-Top 3 SSP)
hollywoodreporter.com,Entertainment,sovrn.com,267974,RESELLER,Not Tracked (Non-Top 3 SSP)
hollywoodreporter.com,Entertainment,adform.com,2611,RESELLER,Not Tracked (Non-Top 3 SSP)
hollywoodreporter.com,Entertainment,media.net,8CU33YS38,RESELLER,Not Tracked (Non-Top 3 SSP)
hollywoodreporter.com,Entertainment,pubmatic.com,156436,DIRECT,Not Tracked (Non-Top 3 SSP)
hollywoodreporter.com,Entertainment,pubmatic.com,163345,DIRECT,Not Tracked (Non-Top 3 SSP)
hollywoodreporter.com,Entertainment,appnexus.com,1922,RESELLER,Not Tracked (Non-Top 3 SSP)
hollywoodreporter.com,Entertainment,amxrtb.com,105199746,RESELLER,Not Tracked (Non-Top 3 SSP)
hollywoodreporter.com,Entertainment,risecodes.com,64c290167304e80001e3edd3,RESELLER,Not Tracked (Non-Top 3 SSP)
hollywoodreporter.com,Entertainment,bidgx.com,58421,RESELLER,Not Tracked (Non-Top 3 SSP)
hollywoodreporter.com,Entertainment,themediagrid.com,FNG4LA,RESELLER,Not Tracked (Non-Top 3 SSP)
hollywoodreporter.com,Entertainment,rubiconproject.com,27034,RESELLER,BIDGENCY GROUP LP
hollywoodreporter.com,Entertainment,triplelift.com,14737,RESELLER,Not Tracked (Non-Top 3 SSP)
hollywoodreporter.com,Entertainment,vidazoo.com,694a91fa7e731247b1057044,DIRECT,Not Tracked (Non-Top 3 SSP)
hollywoodreporter.com,Entertainment,risecodes.com,64881d800ae3940001b02ee9,DIRECT,Not Tracked (Non-Top 3 SSP)
hollywoodreporter.com,Entertainment,risecodes.com,67ee7c1eb4467c000100a61d,RESELLER,Not Tracked (Non-Top 3 SSP)
hollywoodreporter.com,Entertainment,risecodes.com,60053eeffc482800014c29be,RESELLER,Not Tracked (Non-Top 3 SSP)
hollywoodreporter.com,Entertainment,pubmatic.com,160295,RESELLER,Not Tracked (Non-Top 3 SSP)
hollywoodreporter.com,Entertainment,xandr.com,14082,RESELLER,Not Tracked (Non-Top 3 SSP)
hollywoodreporter.com,Entertainment,rubiconproject.com,23876,RESELLER,Typea Holdings  LTD.
hollywoodreporter.com,Entertainment,sharethrough.com,5926d422,RESELLER,Not Tracked (Non-Top 3 SSP)
hollywoodreporter.com,Entertainment,triplelift.com,12465,RESELLER,Not Tracked (Non-Top 3 SSP)
hollywoodreporter.com,Entertainment,nitropay.com,scl19,DIRECT,Not Tracked (Non-Top 3 SSP)
hollywoodreporter.com,Entertainment,nitropay.com,scl20,DIRECT,Not Tracked (Non-Top 3 SSP)
hollywoodreporter.com,Entertainment,google.com,pub-9872233689689746,RESELLER,GG Software LP
hollywoodreporter.com,Entertainment,aps.amazon.com,da657530-03e5-4306-95bc-d4eb370426c9,RESELLER,Not Tracked (Non-Top 3 SSP)
hollywoodreporter.com,Entertainment,rubiconproject.com,17374,RESELLER,GG Software LP
hollywoodreporter.com,Entertainment,indexexchange.com,185177,RESELLER,Not Tracked (Non-Top 3 SSP)
hollywoodreporter.com,Entertainment,openx.com,564010823,RESELLER,Not Tracked (Non-Top 3 SSP)
hollywoodreporter.com,Entertainment,pubmatic.com,156737,RESELLER,Not Tracked (Non-Top 3 SSP)
hollywoodreporter.com,Entertainment,appnexus.com,7795,RESELLER,Not Tracked (Non-Top 3 SSP)
hollywoodreporter.com,Entertainment,seedtag.com,62fcff8a8dbb25070048e774,DIRECT,Not Tracked (Non-Top 3 SSP)
hollywoodreporter.com,Entertainment,xandr.com,4009,DIRECT,Not Tracked (Non-Top 3 SSP)
hollywoodreporter.com,Entertainment,smartadserver.com,3050,DIRECT,Not Tracked (Non-Top 3 SSP)
hollywoodreporter.com,Entertainment,rubiconproject.com,17280,RESELLER,Seedtag Advertising SL
hollywoodreporter.com,Entertainment,pubmatic.com,157743,DIRECT,Not Tracked (Non-Top 3 SSP)
hollywoodreporter.com,Entertainment,lijit.com,397546,DIRECT,Not Tracked (Non-Top 3 SSP)
hollywoodreporter.com,Entertainment,onetag.com,75601b04186d260,DIRECT,Not Tracked (Non-Top 3 SSP)
hollywoodreporter.com,Entertainment,openx.com,558758631,RESELLER,Not Tracked (Non-Top 3 SSP)
hollywoodreporter.com,Entertainment,indexexchange.com,191730,RESELLER,Not Tracked (Non-Top 3 SSP)
hollywoodreporter.com,Entertainment,sharethrough.com,AXS5NfBr,RESELLER,Not Tracked (Non-Top 3 SSP)
hollywoodreporter.com,Entertainment,loopme.com,11712,RESELLER,Not Tracked (Non-Top 3 SSP)
hollywoodreporter.com,Entertainment,video.unrulymedia.com,724823153,RESELLER,Not Tracked (Non-Top 3 SSP)
hollywoodreporter.com,Entertainment,beachfront.com,15250,RESELLER,Not Tracked (Non-Top 3 SSP)
hollywoodreporter.com,Entertainment,sharethrough.com,2a414385,DIRECT,Not Tracked (Non-Top 3 SSP)
hollywoodreporter.com,Entertainment,sharethrough.com,06663209,RESELLER,Not Tracked (Non-Top 3 SSP)
hollywoodreporter.com,Entertainment,smartadserver.com,4342,DIRECT,Not Tracked (Non-Top 3 SSP)
hollywoodreporter.com,Entertainment,smartadserver.com,5357,DIRECT,Not Tracked (Non-Top 3 SSP)
hollywoodreporter.com,Entertainment,sharethrough.com,5357,DIRECT,Not Tracked (Non-Top 3 SSP)
hollywoodreporter.com,Entertainment,lijit.com,53413,DIRECT,Not Tracked (Non-Top 3 SSP)
hollywoodreporter.com,Entertainment,openx.com,538959099,RESELLER,Not Tracked (Non-Top 3 SSP)
hollywoodreporter.com,Entertainment,pubmatic.com,137711,RESELLER,Not Tracked (Non-Top 3 SSP)
hollywoodreporter.com,Entertainment,pubmatic.com,156212,RESELLER,Not Tracked (Non-Top 3 SSP)
hollywoodreporter.com,Entertainment,rubiconproject.com,17960,RESELLER,Sovrn Inc.
hollywoodreporter.com,Entertainment,smaato.com,1100056344,RESELLER,Not Tracked (Non-Top 3 SSP)
hollywoodreporter.com,Entertainment,krushmedia.com,AJxF6R572a9M6CaTvK,RESELLER,Not Tracked (Non-Top 3 SSP)
hollywoodreporter.com,Entertainment,motorik.io,100463,RESELLER,Not Tracked (Non-Top 3 SSP)
hollywoodreporter.com,Entertainment,smaato.com,1100056344,RESELLER,Not Tracked (Non-Top 3 SSP)
hollywoodreporter.com,Entertainment,smartadserver.com,4926,RESELLER,Not Tracked (Non-Top 3 SSP)
hollywoodreporter.com,Entertainment,opera.com,pub10014056052800,RESELLER,Not Tracked (Non-Top 3 SSP)
hollywoodreporter.com,Entertainment,axonix.com,59143,RESELLER,Not Tracked (Non-Top 3 SSP)
hollywoodreporter.com,Entertainment,teads.tv,7282,DIRECT,Not Tracked (Non-Top 3 SSP)
hollywoodreporter.com,Entertainment,trinityaudio.ai,8909,DIRECT,Not Tracked (Non-Top 3 SSP)
hollywoodreporter.com,Entertainment,adswizz.com,trinityaudio,RESELLER,Not Tracked (Non-Top 3 SSP)
hollywoodreporter.com,Entertainment,katzdigital.com,383,RESELLER,Not Tracked (Non-Top 3 SSP)
hollywoodreporter.com,Entertainment,tritondigital.com,28113,RESELLER,Not Tracked (Non-Top 3 SSP)
hollywoodreporter.com,Entertainment,rubiconproject.com,24996,RESELLER,Trinity Audio LTD
hollywoodreporter.com,Entertainment,adtonos.com,PUB659752692,RESELLER,Not Tracked (Non-Top 3 SSP)
hollywoodreporter.com,Entertainment,targetspot.com,92,RESELLER,Not Tracked (Non-Top 3 SSP)
hollywoodreporter.com,Entertainment,soundstack.com,stack-365,RESELLER,Not Tracked (Non-Top 3 SSP)
hollywoodreporter.com,Entertainment,boldcollective.co,800009,RESELLER,Not Tracked (Non-Top 3 SSP)
hollywoodreporter.com,Entertainment,instreamatic.com,216,RESELLER,Not Tracked (Non-Top 3 SSP)
hollywoodreporter.com,Entertainment,dxkulture.com,98841,RESELLER,Not Tracked (Non-Top 3 SSP)
hollywoodreporter.com,Entertainment,thisisdax.com,5449,RESELLER,Not Tracked (Non-Top 3 SSP)
hollywoodreporter.com,Entertainment,appnexus.com,17376,RESELLER,Not Tracked (Non-Top 3 SSP)
hollywoodreporter.com,Entertainment,improvedigital.com,2174,RESELLER,Not Tracked (Non-Top 3 SSP)
hollywoodreporter.com,Entertainment,adswizz.com,383,RESELLER,Not Tracked (Non-Top 3 SSP)
hollywoodreporter.com,Entertainment,improvedigital.com,2174_92,RESELLER,Not Tracked (Non-Top 3 SSP)
hollywoodreporter.com,Entertainment,rubiconproject.com,24998,RESELLER,Google
hollywoodreporter.com,Entertainment,appnexus.com,1577,RESELLER,Not Tracked (Non-Top 3 SSP)
hollywoodreporter.com,Entertainment,appnexus.com,7265,RESELLER,Not Tracked (Non-Top 3 SSP)
hollywoodreporter.com,Entertainment,rubiconproject.com,16418,RESELLER,TargetSpot France
hollywoodreporter.com,Entertainment,rubiconproject.com,9753,RESELLER,TargetSpot Inc
hollywoodreporter.com,Entertainment,rubiconproject.com,9755,RESELLER,Enticent LLC
hollywoodreporter.com,Entertainment,tritondigital.com,44733,RESELLER,Not Tracked (Non-Top 3 SSP)
hollywoodreporter.com,Entertainment,adswizz.com,targetspot,RESELLER,Not Tracked (Non-Top 3 SSP)
hollywoodreporter.com,Entertainment,google.com,pub-3309952587256974,RESELLER,Trinity Audio
hollywoodreporter.com,Entertainment,improvedigital.com,2174,RESELLER,Not Tracked (Non-Top 3 SSP)
hollywoodreporter.com,Entertainment,adswizz.com,audiology,RESELLER,Not Tracked (Non-Top 3 SSP)
hollywoodreporter.com,Entertainment,adswizz.com,52593,RESELLER,Not Tracked (Non-Top 3 SSP)
hollywoodreporter.com,Entertainment,tritondigital.com,38083,RESELLER,Not Tracked (Non-Top 3 SSP)
hollywoodreporter.com,Entertainment,appnexus.com,14256,RESELLER,Not Tracked (Non-Top 3 SSP)
hollywoodreporter.com,Entertainment,adswizz.com,adtonos,RESELLER,Not Tracked (Non-Top 3 SSP)
hollywoodreporter.com,Entertainment,rubiconproject.com,25906,RESELLER,Radio Net Media Ltd.
hollywoodreporter.com,Entertainment,pubmatic.com,158100,RESELLER,Not Tracked (Non-Top 3 SSP)
hollywoodreporter.com,Entertainment,rubiconproject.com,23644,RESELLER,Conversant LLC
hollywoodreporter.com,Entertainment,adswizz.com,347,RESELLER,Not Tracked (Non-Top 3 SSP)
hollywoodreporter.com,Entertainment,entravision.com,1539,RESELLER,Not Tracked (Non-Top 3 SSP)
hollywoodreporter.com,Entertainment,adswizz.com,80,RESELLER,Not Tracked (Non-Top 3 SSP)
hollywoodreporter.com,Entertainment,adswizz.com,172,RESELLER,Not Tracked (Non-Top 3 SSP)
hollywoodreporter.com,Entertainment,adswizz.com,584,RESELLER,Not Tracked (Non-Top 3 SSP)
hollywoodreporter.com,Entertainment,media.net,8CULP07A8,RESELLER,Not Tracked (Non-Top 3 SSP)
hollywoodreporter.com,Entertainment,media.net,8CUV883SI,RESELLER,Not Tracked (Non-Top 3 SSP)
hollywoodreporter.com,Entertainment,zetaglobal.net,546,RESELLER,Not Tracked (Non-Top 3 SSP)
hollywoodreporter.com,Entertainment,triplelift.com,1885,DIRECT,Not Tracked (Non-Top 3 SSP)
hollywoodreporter.com,Entertainment,themediagrid.com,GODNC4,RESELLER,Not Tracked (Non-Top 3 SSP)
hollywoodreporter.com,Entertainment,trustx.org,4739,DIRECT,Not Tracked (Non-Top 3 SSP)
hollywoodreporter.com,Entertainment,udmserve.net,4533,DIRECT,Not Tracked (Non-Top 3 SSP)
hollywoodreporter.com,Entertainment,amxrtb.com,dW5kZXJkb2dtZWRpYS5jb20,RESELLER,Not Tracked (Non-Top 3 SSP)
hollywoodreporter.com,Entertainment,indexexchange.com,194564,RESELLER,Not Tracked (Non-Top 3 SSP)
hollywoodreporter.com,Entertainment,pubmatic.com,159955,RESELLER,Not Tracked (Non-Top 3 SSP)
hollywoodreporter.com,Entertainment,media.net,8CUG6HNM2,RESELLER,Not Tracked (Non-Top 3 SSP)
hollywoodreporter.com,Entertainment,openx.com,537100188,RESELLER,Not Tracked (Non-Top 3 SSP)
hollywoodreporter.com,Entertainment,openx.com,537124574,RESELLER,Not Tracked (Non-Top 3 SSP)
hollywoodreporter.com,Entertainment,rubiconproject.com,19396,RESELLER,Media.net Advertising FZ-LLC
hollywoodreporter.com,Entertainment,rubiconproject.com,24042,RESELLER,"Underdog Media, LLC"
hollywoodreporter.com,Entertainment,themediagrid.com,CIQERY,RESELLER,Not Tracked (Non-Top 3 SSP)
hollywoodreporter.com,Entertainment,undertone.com,2422,DIRECT,Not Tracked (Non-Top 3 SSP)
hollywoodreporter.com,Entertainment,openx.com,537153564,RESELLER,Not Tracked (Non-Top 3 SSP)
hollywoodreporter.com,Entertainment,rubiconproject.com,22412,RESELLER,Intercept Interactive Inc. D.B.A Undertone
hollywoodreporter.com,Entertainment,pubmatic.com,160318,RESELLER,Not Tracked (Non-Top 3 SSP)
hollywoodreporter.com,Entertainment,indexexchange.com,197137,RESELLER,Not Tracked (Non-Top 3 SSP)
hollywoodreporter.com,Entertainment,vidazoo.com,682637f0f17980620181ff7e,DIRECT,Not Tracked (Non-Top 3 SSP)
hollywoodreporter.com,Entertainment,rubiconproject.com,17130,RESELLER,Vidazoo LTD.
hollywoodreporter.com,Entertainment,openx.com,541017750,RESELLER,Not Tracked (Non-Top 3 SSP)
hollywoodreporter.com,Entertainment,pubmatic.com,159988,RESELLER,Not Tracked (Non-Top 3 SSP)
hollywoodreporter.com,Entertainment,appnexus.com,2794,RESELLER,Not Tracked (Non-Top 3 SSP)
hollywoodreporter.com,Entertainment,appnexus.com,7049,DIRECT,Not Tracked (Non-Top 3 SSP)
hollywoodreporter.com,Entertainment,xandr.com,7049,DIRECT,Not Tracked (Non-Top 3 SSP)
hollywoodreporter.com,Entertainment,yahoo.com,56113,DIRECT,Not Tracked (Non-Top 3 SSP)
hollywoodreporter.com,Entertainment,yahoo.com,57130,DIRECT,Not Tracked (Non-Top 3 SSP)
hollywoodreporter.com,Entertainment,yieldmo.com,3280040453130363173,DIRECT,Not Tracked (Non-Top 3 SSP)
hollywoodreporter.com,Entertainment,yieldmo.com,2140637891423537086,DIRECT,Not Tracked (Non-Top 3 SSP)
people.com,Entertainment,33across.com,0010b00002CpYhEAAV,RESELLER,Not Tracked (Non-Top 3 SSP)
people.com,Entertainment,aax.media,AAXV53D7Q,DIRECT,Not Tracked (Non-Top 3 SSP)
people.com,Entertainment,amxrtb.com,105199868,DIRECT,Not Tracked (Non-Top 3 SSP)
people.com,Entertainment,appnexus.com,7090,DIRECT,Not Tracked (Non-Top 3 SSP)
people.com,Entertainment,appnexus.com,1356,RESELLER,Not Tracked (Non-Top 3 SSP)
people.com,Entertainment,appnexus.com,10490,RESELLER,Not Tracked (Non-Top 3 SSP)
people.com,Entertainment,appnexus.com,3251,RESELLER,Not Tracked (Non-Top 3 SSP)
people.com,Entertainment,appnexus.com,2794,RESELLER,Not Tracked (Non-Top 3 SSP)
people.com,Entertainment,aps.amazon.com,3446,DIRECT,Not Tracked (Non-Top 3 SSP)
people.com,Entertainment,aps.amazon.com,f735d840-7e7d-426b-af05-cb610256b71f,DIRECT,Not Tracked (Non-Top 3 SSP)
people.com,Entertainment,blis.com,1257,DIRECT,Not Tracked (Non-Top 3 SSP)
people.com,Entertainment,connatix.com,505091535110344,DIRECT,Not Tracked (Non-Top 3 SSP)
people.com,Entertainment,contextweb.com,561568,DIRECT,Not Tracked (Non-Top 3 SSP)
people.com,Entertainment,conversantmedia.com,100316,RESELLER,Not Tracked (Non-Top 3 SSP)
people.com,Entertainment,conversantmedia.com,41130,DIRECT,Not Tracked (Non-Top 3 SSP)
people.com,Entertainment,criteo.com,B-061647,DIRECT,Unlisted / Unknown ID
people.com,Entertainment,districtm.io,100146,DIRECT,Not Tracked (Non-Top 3 SSP)
people.com,Entertainment,dotdashmeredith.com,1,DIRECT,Not Tracked (Non-Top 3 SSP)
people.com,Entertainment,dotdashmeredith.com,28961966,DIRECT,Not Tracked (Non-Top 3 SSP)
people.com,Entertainment,emxdgt.com,19,DIRECT,Not Tracked (Non-Top 3 SSP)
people.com,Entertainment,google.com,pub-0978064532142215,DIRECT,DOTDASH MEDIA INC. DBA People Inc.
people.com,Entertainment,google.com,pub-6983307289689206,DIRECT,DOTDASH MEDIA INC. DBA People Inc.
people.com,Entertainment,google.com,pub-7823377254921781,DIRECT,Unlisted / Unknown ID
people.com,Entertainment,gumgum.com,12366,DIRECT,Not Tracked (Non-Top 3 SSP)
people.com,Entertainment,gumgum.com,16112,RESELLER,Not Tracked (Non-Top 3 SSP)
people.com,Entertainment,improvedigital.com,2016,RESELLER,Not Tracked (Non-Top 3 SSP)
people.com,Entertainment,indexexchange.com,184003,DIRECT,Not Tracked (Non-Top 3 SSP)
people.com,Entertainment,indexexchange.com,184044,DIRECT,Not Tracked (Non-Top 3 SSP)
people.com,Entertainment,indexexchange.com,189263,RESELLER,Not Tracked (Non-Top 3 SSP)
people.com,Entertainment,indexexchange.com,191306,RESELLER,Not Tracked (Non-Top 3 SSP)
people.com,Entertainment,indexexchange.com,192393,RESELLER,Not Tracked (Non-Top 3 SSP)
people.com,Entertainment,indexexchange.com,193328,DIRECT,Not Tracked (Non-Top 3 SSP)
people.com,Entertainment,indexexchange.com,190549,RESELLER,Not Tracked (Non-Top 3 SSP)
people.com,Entertainment,kargo.com,73,DIRECT,Not Tracked (Non-Top 3 SSP)
people.com,Entertainment,kargo.com,764b91b1-1a53-4083-83f5-f50b623c8818,DIRECT,Not Tracked (Non-Top 3 SSP)
people.com,Entertainment,lijit.com,268479,RESELLER,Not Tracked (Non-Top 3 SSP)
people.com,Entertainment,lijit.com,396468,DIRECT,Not Tracked (Non-Top 3 SSP)
people.com,Entertainment,lijit.com,396468-eb,DIRECT,Not Tracked (Non-Top 3 SSP)
people.com,Entertainment,media.net,8CU27OIC8,DIRECT,Not Tracked (Non-Top 3 SSP)
people.com,Entertainment,media.net,8CUI35W59,DIRECT,Not Tracked (Non-Top 3 SSP)
people.com,Entertainment,media.net,8CUIJLU45,DIRECT,Not Tracked (Non-Top 3 SSP)
people.com,Entertainment,media.net,8CUJWKW79,DIRECT,Not Tracked (Non-Top 3 SSP)
people.com,Entertainment,media.net,8CUO34M73,DIRECT,Not Tracked (Non-Top 3 SSP)
people.com,Entertainment,media.net,8CU5X2751,DIRECT,Not Tracked (Non-Top 3 SSP)
people.com,Entertainment,media.net,8CU9AS78T,DIRECT,Not Tracked (Non-Top 3 SSP)
people.com,Entertainment,media.net,8CUQ6928Q,RESELLER,Not Tracked (Non-Top 3 SSP)
people.com,Entertainment,media.net,8CUY6IX4H,RESELLER,Not Tracked (Non-Top 3 SSP)
people.com,Entertainment,media.net,8PR6YK195,RESELLER,Not Tracked (Non-Top 3 SSP)
people.com,Entertainment,nativo.com,5500,DIRECT,Not Tracked (Non-Top 3 SSP)
people.com,Entertainment,ogury.com,b5d2feca-65aa-4db1-ba84-d2a0fed694ca,DIRECT,Not Tracked (Non-Top 3 SSP)
people.com,Entertainment,onetag.com,598ce3ddaee8c90,RESELLER,Not Tracked (Non-Top 3 SSP)
people.com,Entertainment,onetag.com,82a76156bde545b,DIRECT,Not Tracked (Non-Top 3 SSP)
people.com,Entertainment,onetag.com,82a76156bde545b-OB,DIRECT,Not Tracked (Non-Top 3 SSP)
people.com,Entertainment,openx.com,537146277,DIRECT,Not Tracked (Non-Top 3 SSP)
people.com,Entertainment,openx.com,537150848,DIRECT,Not Tracked (Non-Top 3 SSP)
people.com,Entertainment,openx.com,560830513,DIRECT,Not Tracked (Non-Top 3 SSP)
people.com,Entertainment,openx.com,543174347,RESELLER,Not Tracked (Non-Top 3 SSP)
people.com,Entertainment,openx.com,561323353,DIRECT,Not Tracked (Non-Top 3 SSP)
people.com,Entertainment,openx.com,537153564,RESELLER,Not Tracked (Non-Top 3 SSP)
people.com,Entertainment,pubmatic.com,156569,DIRECT,Not Tracked (Non-Top 3 SSP)
people.com,Entertainment,pubmatic.com,156872,RESELLER,Not Tracked (Non-Top 3 SSP)
people.com,Entertainment,pubmatic.com,156879,DIRECT,Not Tracked (Non-Top 3 SSP)
people.com,Entertainment,pubmatic.com,158139,DIRECT,Not Tracked (Non-Top 3 SSP)
people.com,Entertainment,pubmatic.com,158984,RESELLER,Not Tracked (Non-Top 3 SSP)
people.com,Entertainment,pubmatic.com,160295,RESELLER,Not Tracked (Non-Top 3 SSP)
people.com,Entertainment,pubmatic.com,156569-M,DIRECT,Not Tracked (Non-Top 3 SSP)
people.com,Entertainment,pubmatic.com,159988,RESELLER,Not Tracked (Non-Top 3 SSP)
people.com,Entertainment,pubmatic.com,165104,DIRECT,Not Tracked (Non-Top 3 SSP)
people.com,Entertainment,pubmatic.com,156592,RESELLER,Not Tracked (Non-Top 3 SSP)
people.com,Entertainment,pubmatic.com,163238,RESELLER,Not Tracked (Non-Top 3 SSP)
people.com,Entertainment,pubmatic.com,166758,DIRECT,Not Tracked (Non-Top 3 SSP)
people.com,Entertainment,rhythmone.com,404531141,DIRECT,Not Tracked (Non-Top 3 SSP)
people.com,Entertainment,risecodes.com,64b59893c1c26e0001e587e2,DIRECT,Not Tracked (Non-Top 3 SSP)
people.com,Entertainment,risecodes.com,66fac9081efdb80001a3dc64,RESELLER,Not Tracked (Non-Top 3 SSP)
people.com,Entertainment,rubiconproject.com,12738,DIRECT,Meredith Corporation
people.com,Entertainment,rubiconproject.com,15898,DIRECT,Google
people.com,Entertainment,rubiconproject.com,23280,RESELLER,"Adblock, Inc"
people.com,Entertainment,rubiconproject.com,23876,RESELLER,Typea Holdings  LTD.
people.com,Entertainment,rubiconproject.com,25450,RESELLER,Unlisted / Unknown ID
people.com,Entertainment,rubiconproject.com,25598,RESELLER,Unlisted / Unknown ID
people.com,Entertainment,rubiconproject.com,7499,DIRECT,People Inc.
people.com,Entertainment,rubiconproject.com,16928,RESELLER,Blis Media Limited
people.com,Entertainment,rubiconproject.com,17130,RESELLER,Vidazoo LTD.
people.com,Entertainment,rubiconproject.com,25198,RESELLER,OGURY Ltd
people.com,Entertainment,rubiconproject.com,19564,RESELLER,Connatix Native Exchange Inc
people.com,Entertainment,sharethrough.com,5926d422,RESELLER,Not Tracked (Non-Top 3 SSP)
people.com,Entertainment,sharethrough.com,s12Htk1D,DIRECT,Not Tracked (Non-Top 3 SSP)
people.com,Entertainment,sharethrough.com,Zl0wJBtO,DIRECT,Not Tracked (Non-Top 3 SSP)
people.com,Entertainment,sharethrough.com,4019,DIRECT,Not Tracked (Non-Top 3 SSP)
people.com,Entertainment,sharethrough.com,4019-OB,RESELLER,Not Tracked (Non-Top 3 SSP)
people.com,Entertainment,smaato.com,1100035630,DIRECT,Not Tracked (Non-Top 3 SSP)
people.com,Entertainment,smartadserver.com,4019-OB,RESELLER,Not Tracked (Non-Top 3 SSP)
people.com,Entertainment,smartadserver.com,4125,RESELLER,Not Tracked (Non-Top 3 SSP)
people.com,Entertainment,smartadserver.com,5346,DIRECT,Not Tracked (Non-Top 3 SSP)
people.com,Entertainment,sovrn.com,268479,RESELLER,Not Tracked (Non-Top 3 SSP)
people.com,Entertainment,sovrn.com,396468,DIRECT,Not Tracked (Non-Top 3 SSP)
people.com,Entertainment,ssp.cadent.com,19,DIRECT,Not Tracked (Non-Top 3 SSP)
people.com,Entertainment,supply.colossusssp.com,636,DIRECT,Not Tracked (Non-Top 3 SSP)
people.com,Entertainment,supply.colossusssp.com,748,DIRECT,Not Tracked (Non-Top 3 SSP)
people.com,Entertainment,themediagrid.com,HW1PGR,RESELLER,Not Tracked (Non-Top 3 SSP)
people.com,Entertainment,themediagrid.com,I9Y65X,DIRECT,Not Tracked (Non-Top 3 SSP)
people.com,Entertainment,themediagrid.com,USBGF5,DIRECT,Not Tracked (Non-Top 3 SSP)
people.com,Entertainment,themediagrid.com,GODNC4,RESELLER,Not Tracked (Non-Top 3 SSP)
people.com,Entertainment,themediagrid.com,29IN8P,RESELLER,Not Tracked (Non-Top 3 SSP)
people.com,Entertainment,triplelift.com,3-EB,DIRECT,Not Tracked (Non-Top 3 SSP)
people.com,Entertainment,triplelift.com,12310,DIRECT,Not Tracked (Non-Top 3 SSP)
people.com,Entertainment,triplelift.com,12310-EB,DIRECT,Not Tracked (Non-Top 3 SSP)
people.com,Entertainment,triplelift.com,12311,DIRECT,Not Tracked (Non-Top 3 SSP)
people.com,Entertainment,triplelift.com,12311-EB,DIRECT,Not Tracked (Non-Top 3 SSP)
people.com,Entertainment,triplelift.com,12312,DIRECT,Not Tracked (Non-Top 3 SSP)
people.com,Entertainment,triplelift.com,12312-EB,DIRECT,Not Tracked (Non-Top 3 SSP)
people.com,Entertainment,triplelift.com,12313,DIRECT,Not Tracked (Non-Top 3 SSP)
people.com,Entertainment,triplelift.com,12313-EB,DIRECT,Not Tracked (Non-Top 3 SSP)
people.com,Entertainment,triplelift.com,12314,DIRECT,Not Tracked (Non-Top 3 SSP)
people.com,Entertainment,triplelift.com,12314-EB,DIRECT,Not Tracked (Non-Top 3 SSP)
people.com,Entertainment,triplelift.com,12315,DIRECT,Not Tracked (Non-Top 3 SSP)
people.com,Entertainment,triplelift.com,12315-EB,DIRECT,Not Tracked (Non-Top 3 SSP)
people.com,Entertainment,triplelift.com,12316,DIRECT,Not Tracked (Non-Top 3 SSP)
people.com,Entertainment,triplelift.com,12316-EB,DIRECT,Not Tracked (Non-Top 3 SSP)
people.com,Entertainment,triplelift.com,12317,DIRECT,Not Tracked (Non-Top 3 SSP)
people.com,Entertainment,triplelift.com,12317-EB,DIRECT,Not Tracked (Non-Top 3 SSP)
people.com,Entertainment,triplelift.com,12318,DIRECT,Not Tracked (Non-Top 3 SSP)
people.com,Entertainment,triplelift.com,12318-EB,DIRECT,Not Tracked (Non-Top 3 SSP)
people.com,Entertainment,triplelift.com,12319,DIRECT,Not Tracked (Non-Top 3 SSP)
people.com,Entertainment,triplelift.com,12319-EB,DIRECT,Not Tracked (Non-Top 3 SSP)
people.com,Entertainment,triplelift.com,12320,DIRECT,Not Tracked (Non-Top 3 SSP)
people.com,Entertainment,triplelift.com,12320-EB,DIRECT,Not Tracked (Non-Top 3 SSP)
people.com,Entertainment,triplelift.com,12321,DIRECT,Not Tracked (Non-Top 3 SSP)
people.com,Entertainment,triplelift.com,12321-EB,DIRECT,Not Tracked (Non-Top 3 SSP)
people.com,Entertainment,triplelift.com,12322,DIRECT,Not Tracked (Non-Top 3 SSP)
people.com,Entertainment,triplelift.com,12322-EB,DIRECT,Not Tracked (Non-Top 3 SSP)
people.com,Entertainment,triplelift.com,12323,DIRECT,Not Tracked (Non-Top 3 SSP)
people.com,Entertainment,triplelift.com,12323-EB,DIRECT,Not Tracked (Non-Top 3 SSP)
people.com,Entertainment,triplelift.com,12325,DIRECT,Not Tracked (Non-Top 3 SSP)
people.com,Entertainment,triplelift.com,12325-EB,DIRECT,Not Tracked (Non-Top 3 SSP)
people.com,Entertainment,triplelift.com,12326,DIRECT,Not Tracked (Non-Top 3 SSP)
people.com,Entertainment,triplelift.com,12326-EB,DIRECT,Not Tracked (Non-Top 3 SSP)
people.com,Entertainment,triplelift.com,12327,DIRECT,Not Tracked (Non-Top 3 SSP)
people.com,Entertainment,triplelift.com,12327-EB,DIRECT,Not Tracked (Non-Top 3 SSP)
people.com,Entertainment,triplelift.com,12328,DIRECT,Not Tracked (Non-Top 3 SSP)
people.com,Entertainment,triplelift.com,12328-EB,DIRECT,Not Tracked (Non-Top 3 SSP)
people.com,Entertainment,triplelift.com,12329,DIRECT,Not Tracked (Non-Top 3 SSP)
people.com,Entertainment,triplelift.com,12329-EB,DIRECT,Not Tracked (Non-Top 3 SSP)
people.com,Entertainment,triplelift.com,12330,DIRECT,Not Tracked (Non-Top 3 SSP)
people.com,Entertainment,triplelift.com,12330-EB,DIRECT,Not Tracked (Non-Top 3 SSP)
people.com,Entertainment,triplelift.com,12331,DIRECT,Not Tracked (Non-Top 3 SSP)
people.com,Entertainment,triplelift.com,12331-EB,DIRECT,Not Tracked (Non-Top 3 SSP)
people.com,Entertainment,triplelift.com,12332,DIRECT,Not Tracked (Non-Top 3 SSP)
people.com,Entertainment,triplelift.com,12332-EB,DIRECT,Not Tracked (Non-Top 3 SSP)
people.com,Entertainment,triplelift.com,12333,DIRECT,Not Tracked (Non-Top 3 SSP)
people.com,Entertainment,triplelift.com,12333-EB,DIRECT,Not Tracked (Non-Top 3 SSP)
people.com,Entertainment,triplelift.com,12334,DIRECT,Not Tracked (Non-Top 3 SSP)
people.com,Entertainment,triplelift.com,12334-EB,DIRECT,Not Tracked (Non-Top 3 SSP)
people.com,Entertainment,triplelift.com,12335,DIRECT,Not Tracked (Non-Top 3 SSP)
people.com,Entertainment,triplelift.com,12335-EB,DIRECT,Not Tracked (Non-Top 3 SSP)
people.com,Entertainment,triplelift.com,12356,DIRECT,Not Tracked (Non-Top 3 SSP)
people.com,Entertainment,triplelift.com,12356-EB,DIRECT,Not Tracked (Non-Top 3 SSP)
people.com,Entertainment,triplelift.com,14011,DIRECT,Not Tracked (Non-Top 3 SSP)
people.com,Entertainment,triplelift.com,14011-EB,DIRECT,Not Tracked (Non-Top 3 SSP)
people.com,Entertainment,triplelift.com,14012,DIRECT,Not Tracked (Non-Top 3 SSP)
people.com,Entertainment,triplelift.com,3,DIRECT,Not Tracked (Non-Top 3 SSP)
people.com,Entertainment,triplelift.com,3617,DIRECT,Not Tracked (Non-Top 3 SSP)
people.com,Entertainment,triplelift.com,3617-EB,DIRECT,Not Tracked (Non-Top 3 SSP)
people.com,Entertainment,triplelift.com,3822,DIRECT,Not Tracked (Non-Top 3 SSP)
people.com,Entertainment,triplelift.com,3822-EB,DIRECT,Not Tracked (Non-Top 3 SSP)
people.com,Entertainment,triplelift.com,3823,DIRECT,Not Tracked (Non-Top 3 SSP)
people.com,Entertainment,triplelift.com,3823-EB,DIRECT,Not Tracked (Non-Top 3 SSP)
people.com,Entertainment,triplelift.com,3824,DIRECT,Not Tracked (Non-Top 3 SSP)
people.com,Entertainment,triplelift.com,3824-EB,DIRECT,Not Tracked (Non-Top 3 SSP)
people.com,Entertainment,triplelift.com,3826,DIRECT,Not Tracked (Non-Top 3 SSP)
people.com,Entertainment,triplelift.com,3826-EB,DIRECT,Not Tracked (Non-Top 3 SSP)
people.com,Entertainment,triplelift.com,3840,DIRECT,Not Tracked (Non-Top 3 SSP)
people.com,Entertainment,triplelift.com,3840-EB,DIRECT,Not Tracked (Non-Top 3 SSP)
people.com,Entertainment,triplelift.com,3845,DIRECT,Not Tracked (Non-Top 3 SSP)
people.com,Entertainment,triplelift.com,3845-EB,DIRECT,Not Tracked (Non-Top 3 SSP)
people.com,Entertainment,triplelift.com,3847,DIRECT,Not Tracked (Non-Top 3 SSP)
people.com,Entertainment,triplelift.com,3847-EB,DIRECT,Not Tracked (Non-Top 3 SSP)
people.com,Entertainment,triplelift.com,3852-EB,DIRECT,Not Tracked (Non-Top 3 SSP)
people.com,Entertainment,triplelift.com,3859,DIRECT,Not Tracked (Non-Top 3 SSP)
people.com,Entertainment,triplelift.com,3859-EB,DIRECT,Not Tracked (Non-Top 3 SSP)
people.com,Entertainment,triplelift.com,3877,DIRECT,Not Tracked (Non-Top 3 SSP)
people.com,Entertainment,triplelift.com,3877-EB,DIRECT,Not Tracked (Non-Top 3 SSP)
people.com,Entertainment,triplelift.com,460,DIRECT,Not Tracked (Non-Top 3 SSP)
people.com,Entertainment,triplelift.com,460-EB,DIRECT,Not Tracked (Non-Top 3 SSP)
people.com,Entertainment,triplelift.com,488,DIRECT,Not Tracked (Non-Top 3 SSP)
people.com,Entertainment,triplelift.com,488-EB,DIRECT,Not Tracked (Non-Top 3 SSP)
people.com,Entertainment,triplelift.com,5930,DIRECT,Not Tracked (Non-Top 3 SSP)
people.com,Entertainment,triplelift.com,5930-EB,DIRECT,Not Tracked (Non-Top 3 SSP)
people.com,Entertainment,triplelift.com,761,DIRECT,Not Tracked (Non-Top 3 SSP)
people.com,Entertainment,triplelift.com,761-EB,DIRECT,Not Tracked (Non-Top 3 SSP)
people.com,Entertainment,triplelift.com,762,DIRECT,Not Tracked (Non-Top 3 SSP)
people.com,Entertainment,triplelift.com,762-EB,DIRECT,Not Tracked (Non-Top 3 SSP)
people.com,Entertainment,triplelift.com,775,DIRECT,Not Tracked (Non-Top 3 SSP)
people.com,Entertainment,triplelift.com,775-EB,DIRECT,Not Tracked (Non-Top 3 SSP)
people.com,Entertainment,triplelift.com,777,DIRECT,Not Tracked (Non-Top 3 SSP)
people.com,Entertainment,triplelift.com,777-EB,DIRECT,Not Tracked (Non-Top 3 SSP)
people.com,Entertainment,triplelift.com,871,DIRECT,Not Tracked (Non-Top 3 SSP)
people.com,Entertainment,triplelift.com,871-EB,DIRECT,Not Tracked (Non-Top 3 SSP)
people.com,Entertainment,triplelift.com,919,DIRECT,Not Tracked (Non-Top 3 SSP)
people.com,Entertainment,triplelift.com,919-EB,DIRECT,Not Tracked (Non-Top 3 SSP)
people.com,Entertainment,triplelift.com,9688,DIRECT,Not Tracked (Non-Top 3 SSP)
people.com,Entertainment,triplelift.com,9688-EB,DIRECT,Not Tracked (Non-Top 3 SSP)
people.com,Entertainment,triplelift.com,9689-EB,DIRECT,Not Tracked (Non-Top 3 SSP)
people.com,Entertainment,triplelift.com,9933-EB,DIRECT,Not Tracked (Non-Top 3 SSP)
people.com,Entertainment,triplelift.com,3852,DIRECT,Not Tracked (Non-Top 3 SSP)
people.com,Entertainment,triplelift.com,9689,DIRECT,Not Tracked (Non-Top 3 SSP)
people.com,Entertainment,triplelift.com,14535,DIRECT,Not Tracked (Non-Top 3 SSP)
people.com,Entertainment,triplelift.com,14536,DIRECT,Not Tracked (Non-Top 3 SSP)
people.com,Entertainment,triplelift.com,12465,RESELLER,Not Tracked (Non-Top 3 SSP)
people.com,Entertainment,trustedstack.com,TS11I27I2,DIRECT,Not Tracked (Non-Top 3 SSP)
people.com,Entertainment,trustx.org,23,DIRECT,Not Tracked (Non-Top 3 SSP)
people.com,Entertainment,undertone.com,4026,DIRECT,Not Tracked (Non-Top 3 SSP)
people.com,Entertainment,vidazoo.com,65ca116ec080fe1c5b2b0170,DIRECT,Not Tracked (Non-Top 3 SSP)
people.com,Entertainment,vidazoo.com,6538cece8ffdc67b51188b9b,RESELLER,Not Tracked (Non-Top 3 SSP)
people.com,Entertainment,video.unrulymedia.com,404531141,DIRECT,Not Tracked (Non-Top 3 SSP)
people.com,Entertainment,video.unrulymedia.com,136880640,DIRECT,Not Tracked (Non-Top 3 SSP)
people.com,Entertainment,video.unrulymedia.com,687806135,RESELLER,Not Tracked (Non-Top 3 SSP)
people.com,Entertainment,yahoo.com,55134,DIRECT,Not Tracked (Non-Top 3 SSP)
people.com,Entertainment,yahoo.com,57163,DIRECT,Not Tracked (Non-Top 3 SSP)
people.com,Entertainment,yahoo.com,58723,RESELLER,Not Tracked (Non-Top 3 SSP)
people.com,Entertainment,yahoo.com,59114,DIRECT,Not Tracked (Non-Top 3 SSP)
people.com,Entertainment,yieldmo.com,1956595881495659956,DIRECT,Not Tracked (Non-Top 3 SSP)
people.com,Entertainment,yieldmo.com,2195761149558555948,DIRECT,Not Tracked (Non-Top 3 SSP)
people.com,Entertainment,yieldmo.com,3492417466636640674,DIRECT,Not Tracked (Non-Top 3 SSP)
people.com,Entertainment,yieldmo.com,3078438591206989879,RESELLER,Not Tracked (Non-Top 3 SSP)
people.com,Entertainment,yieldmo.com,2754490424016969782,RESELLER,Not Tracked (Non-Top 3 SSP)
people.com,Entertainment,liveintent.com,1048,DIRECT,Not Tracked (Non-Top 3 SSP)
people.com,Entertainment,liveintent.com,10646,DIRECT,Not Tracked (Non-Top 3 SSP)
people.com,Entertainment,liveintent.com,1115,DIRECT,Not Tracked (Non-Top 3 SSP)
people.com,Entertainment,liveintent.com,1124,DIRECT,Not Tracked (Non-Top 3 SSP)
people.com,Entertainment,liveintent.com,1125,DIRECT,Not Tracked (Non-Top 3 SSP)
people.com,Entertainment,liveintent.com,1127,DIRECT,Not Tracked (Non-Top 3 SSP)
people.com,Entertainment,liveintent.com,1138,DIRECT,Not Tracked (Non-Top 3 SSP)
people.com,Entertainment,liveintent.com,1139,DIRECT,Not Tracked (Non-Top 3 SSP)
people.com,Entertainment,liveintent.com,1737,DIRECT,Not Tracked (Non-Top 3 SSP)
people.com,Entertainment,liveintent.com,27335,DIRECT,Not Tracked (Non-Top 3 SSP)
people.com,Entertainment,liveintent.com,2939,DIRECT,Not Tracked (Non-Top 3 SSP)
people.com,Entertainment,liveintent.com,443,DIRECT,Not Tracked (Non-Top 3 SSP)
people.com,Entertainment,liveintent.com,44795,DIRECT,Not Tracked (Non-Top 3 SSP)
people.com,Entertainment,liveintent.com,45370,DIRECT,Not Tracked (Non-Top 3 SSP)
people.com,Entertainment,liveintent.com,45371,DIRECT,Not Tracked (Non-Top 3 SSP)
people.com,Entertainment,liveintent.com,45412,DIRECT,Not Tracked (Non-Top 3 SSP)
people.com,Entertainment,liveintent.com,45586,DIRECT,Not Tracked (Non-Top 3 SSP)
people.com,Entertainment,liveintent.com,45726,DIRECT,Not Tracked (Non-Top 3 SSP)
people.com,Entertainment,liveintent.com,45734,DIRECT,Not Tracked (Non-Top 3 SSP)
people.com,Entertainment,liveintent.com,45960,DIRECT,Not Tracked (Non-Top 3 SSP)
people.com,Entertainment,liveintent.com,46109,DIRECT,Not Tracked (Non-Top 3 SSP)
people.com,Entertainment,liveintent.com,46111,DIRECT,Not Tracked (Non-Top 3 SSP)
people.com,Entertainment,liveintent.com,46113,DIRECT,Not Tracked (Non-Top 3 SSP)
people.com,Entertainment,liveintent.com,46160,DIRECT,Not Tracked (Non-Top 3 SSP)
people.com,Entertainment,liveintent.com,61676,DIRECT,Not Tracked (Non-Top 3 SSP)
people.com,Entertainment,liveintent.com,6522,DIRECT,Not Tracked (Non-Top 3 SSP)
people.com,Entertainment,liveintent.com,72515,DIRECT,Not Tracked (Non-Top 3 SSP)
people.com,Entertainment,liveintent.com,72516,DIRECT,Not Tracked (Non-Top 3 SSP)
people.com,Entertainment,liveintent.com,72517,DIRECT,Not Tracked (Non-Top 3 SSP)
people.com,Entertainment,liveintent.com,72520,DIRECT,Not Tracked (Non-Top 3 SSP)
people.com,Entertainment,liveintent.com,72666,DIRECT,Not Tracked (Non-Top 3 SSP)
people.com,Entertainment,liveintent.com,72667,DIRECT,Not Tracked (Non-Top 3 SSP)
people.com,Entertainment,liveintent.com,72669,DIRECT,Not Tracked (Non-Top 3 SSP)
people.com,Entertainment,liveintent.com,72670,DIRECT,Not Tracked (Non-Top 3 SSP)
people.com,Entertainment,liveintent.com,72671,DIRECT,Not Tracked (Non-Top 3 SSP)
people.com,Entertainment,liveintent.com,72672,DIRECT,Not Tracked (Non-Top 3 SSP)
people.com,Entertainment,liveintent.com,73296,DIRECT,Not Tracked (Non-Top 3 SSP)
people.com,Entertainment,liveintent.com,73298,DIRECT,Not Tracked (Non-Top 3 SSP)
people.com,Entertainment,liveintent.com,73299,DIRECT,Not Tracked (Non-Top 3 SSP)
people.com,Entertainment,liveintent.com,73300,DIRECT,Not Tracked (Non-Top 3 SSP)
people.com,Entertainment,liveintent.com,73301,DIRECT,Not Tracked (Non-Top 3 SSP)
people.com,Entertainment,liveintent.com,73302,DIRECT,Not Tracked (Non-Top 3 SSP)
people.com,Entertainment,liveintent.com,73303,DIRECT,Not Tracked (Non-Top 3 SSP)
people.com,Entertainment,liveintent.com,9068,DIRECT,Not Tracked (Non-Top 3 SSP)
people.com,Entertainment,liveintent.com,9405,DIRECT,Not Tracked (Non-Top 3 SSP)
people.com,Entertainment,infolinks.com,3394958,DIRECT,Not Tracked (Non-Top 3 SSP)
people.com,Entertainment,yahoo.com,100026,RESELLER,Not Tracked (Non-Top 3 SSP)
people.com,Entertainment,rubiconproject.com,20322,RESELLER,Infolinks Media LLC
people.com,Entertainment,aps.amazon.com,de948cab-9232-4f2a-90f5-794be75952c6,RESELLER,Not Tracked (Non-Top 3 SSP)
people.com,Entertainment,allrecipes.com,3865,DIRECT,Not Tracked (Non-Top 3 SSP)
people.com,Entertainment,appnexus.com,1321,RESELLER,Not Tracked (Non-Top 3 SSP)
people.com,Entertainment,appnexus.com,1908,RESELLER,Not Tracked (Non-Top 3 SSP)
people.com,Entertainment,aps.amazon.com,3719,RESELLER,Not Tracked (Non-Top 3 SSP)
people.com,Entertainment,bellmedia.ca,3865,DIRECT,Not Tracked (Non-Top 3 SSP)
people.com,Entertainment,google.com,pub-0942427266003794,RESELLER,Rogers Media Inc.
people.com,Entertainment,google.com,pub-0227480467683561,RESELLER,Bell Media Inc.
people.com,Entertainment,indexexchange.com,184315,RESELLER,Not Tracked (Non-Top 3 SSP)
people.com,Entertainment,indexexchange.com,184601,RESELLER,Not Tracked (Non-Top 3 SSP)
people.com,Entertainment,openx.com,539462051,RESELLER,Not Tracked (Non-Top 3 SSP)
people.com,Entertainment,openx.com,540302365,RESELLER,Not Tracked (Non-Top 3 SSP)
people.com,Entertainment,rubiconproject.com,13126,DIRECT,Bell Media Inc.
people.com,Entertainment,rubiconproject.com,25664,DIRECT,Rogers Media Inc.
people.com,Entertainment,rubiconproject.com,25666,DIRECT,Google
people.com,Entertainment,smaato.com,1100004890,RESELLER,Not Tracked (Non-Top 3 SSP)
people.com,Entertainment,smaato.com,1100045469,RESELLER,Not Tracked (Non-Top 3 SSP)
people.com,Entertainment,advertising.com,28506,RESELLER,Not Tracked (Non-Top 3 SSP)
people.com,Entertainment,appnexus.com,7597,RESELLER,Not Tracked (Non-Top 3 SSP)
people.com,Entertainment,aps.amazon.com,3965,RESELLER,Not Tracked (Non-Top 3 SSP)
people.com,Entertainment,contextweb.com,562709,RESELLER,Not Tracked (Non-Top 3 SSP)
people.com,Entertainment,emxdgt.com,2014,RESELLER,Not Tracked (Non-Top 3 SSP)
people.com,Entertainment,google.com,pub-1206942066043065,RESELLER,"Congoo, LLC"
people.com,Entertainment,google.com,pub-1835489473992347,RESELLER,OpsCo LLC
people.com,Entertainment,google.com,pub-5617098146054077,RESELLER,Unlisted / Unknown ID
people.com,Entertainment,google.com,pub-7439041255533808,RESELLER,Media.Net Advertising FZ-LLC
people.com,Entertainment,outbrain.com,0021c44c7de023cfa8b711b3f61663f741,DIRECT,Not Tracked (Non-Top 3 SSP)
people.com,Entertainment,outbrain.com,008f98b3dba57ecdbc8463566a6d08940e,DIRECT,Not Tracked (Non-Top 3 SSP)
people.com,Entertainment,outbrain.com,00d9c746896d24f3f8378f00468b1d9043,DIRECT,Not Tracked (Non-Top 3 SSP)
people.com,Entertainment,outbrain.com,00fd30f02395d9de986d8a84cf11fda8c6,DIRECT,Not Tracked (Non-Top 3 SSP)
people.com,Entertainment,outbrain.com,0078ce2250387c97c66b7726ea89e6eea9,DIRECT,Not Tracked (Non-Top 3 SSP)
people.com,Entertainment,outbrain.com,0017e4ff0aa65e63d0a109f84c80d25377,DIRECT,Not Tracked (Non-Top 3 SSP)
people.com,Entertainment,outbrain.com,00f4dde2cedbb2291a45839b25c3711eb5,DIRECT,Not Tracked (Non-Top 3 SSP)
people.com,Entertainment,outbrain.com,00a3fc32643ec341fded7a42152b895fbf,DIRECT,Not Tracked (Non-Top 3 SSP)
people.com,Entertainment,outbrain.com,0018ee2a311bee52c7e45916f956d5e113,DIRECT,Not Tracked (Non-Top 3 SSP)
people.com,Entertainment,outbrain.com,00140c6428ee2af8eee4eb73f9905da4b3,DIRECT,Not Tracked (Non-Top 3 SSP)
people.com,Entertainment,outbrain.com,0068204612fcb40b2159974e894b546526,DIRECT,Not Tracked (Non-Top 3 SSP)
people.com,Entertainment,outbrain.com,0029fa14277e1f21144023d2f8bbdbc82b,DIRECT,Not Tracked (Non-Top 3 SSP)
people.com,Entertainment,pubmatic.com,158055,RESELLER,Not Tracked (Non-Top 3 SSP)
people.com,Entertainment,rhythmone.com,1533124970,RESELLER,Not Tracked (Non-Top 3 SSP)
people.com,Entertainment,rubiconproject.com,12070,RESELLER,Unlisted / Unknown ID
people.com,Entertainment,rubiconproject.com,19668,RESELLER,Teads Holding Co.
people.com,Entertainment,rubiconproject.com,21506,RESELLER,Unlisted / Unknown ID
people.com,Entertainment,sharethrough.com,c21oBkqP,RESELLER,Not Tracked (Non-Top 3 SSP)
people.com,Entertainment,solvemedia.com,lRzW9LpkrdedeMOY,DIRECT,Not Tracked (Non-Top 3 SSP)
people.com,Entertainment,spotx.tv,86176,DIRECT,Not Tracked (Non-Top 3 SSP)
people.com,Entertainment,spotxchange.com,86176,DIRECT,Not Tracked (Non-Top 3 SSP)
people.com,Entertainment,triplelift.com,11547,RESELLER,Not Tracked (Non-Top 3 SSP)
people.com,Entertainment,vi.ai,660870205049083,DIRECT,Not Tracked (Non-Top 3 SSP)
people.com,Entertainment,yahoo.com,59040,RESELLER,Not Tracked (Non-Top 3 SSP)
people.com,Entertainment,blockthrough.com,5657833865478144,DIRECT,Not Tracked (Non-Top 3 SSP)
people.com,Entertainment,indexexchange.com,194341,RESELLER,Not Tracked (Non-Top 3 SSP)
people.com,Entertainment,pubmatic.com,160377,RESELLER,Not Tracked (Non-Top 3 SSP)
people.com,Entertainment,rubiconproject.com,23718,RESELLER,Blockthrough Inc.
people.com,Entertainment,appnexus.com,6979,RESELLER,Not Tracked (Non-Top 3 SSP)
people.com,Entertainment,sharethrough.com,9zUewtvl,RESELLER,Not Tracked (Non-Top 3 SSP)
people.com,Entertainment,pubmatic.com,156557,RESELLER,Not Tracked (Non-Top 3 SSP)
people.com,Entertainment,rubiconproject.com,18694,RESELLER,"Sharethrough, Inc,"
people.com,Entertainment,openx.com,540274407,RESELLER,Not Tracked (Non-Top 3 SSP)
people.com,Entertainment,33across.com,0013300001kQj2HAAS,RESELLER,Not Tracked (Non-Top 3 SSP)
people.com,Entertainment,trustedstack.com,TS3YM7Z35,RESELLER,Not Tracked (Non-Top 3 SSP)
people.com,Entertainment,media.net,8PR4460XU,RESELLER,Not Tracked (Non-Top 3 SSP)
people.com,Entertainment,pubmatic.com,164187,RESELLER,Not Tracked (Non-Top 3 SSP)
people.com,Entertainment,rubiconproject.com,26144,RESELLER,"TStack, Inc"
people.com,Entertainment,openx.com,559911747,RESELLER,Not Tracked (Non-Top 3 SSP)
people.com,Entertainment,themediagrid.com,7E2DLW,RESELLER,Not Tracked (Non-Top 3 SSP)
people.com,Entertainment,video.unrulymedia.com,553875126,RESELLER,Not Tracked (Non-Top 3 SSP)
people.com,Entertainment,adyoulike.com,721b6835ef0d2c92c70997496f11e645,RESELLER,Not Tracked (Non-Top 3 SSP)
people.com,Entertainment,rubiconproject.com,20736,RESELLER,ADYOULIKE SA
people.com,Entertainment,insticator.com,5954e780-3109-4f11-9903-d80b3ec9068f,RESELLER,Not Tracked (Non-Top 3 SSP)
people.com,Entertainment,sharethrough.com,Q9IzHdvp,RESELLER,Not Tracked (Non-Top 3 SSP)
people.com,Entertainment,nativo.com,5758,RESELLER,Not Tracked (Non-Top 3 SSP)
people.com,Entertainment,pubmatic.com,156500,RESELLER,Not Tracked (Non-Top 3 SSP)
people.com,Entertainment,inmobi.com,21dafc7bf4da4c399c6916da78462fb4,RESELLER,Not Tracked (Non-Top 3 SSP)
people.com,Entertainment,playbuzz.com,0016M00002gFlaCQAS,DIRECT,Not Tracked (Non-Top 3 SSP)
people.com,Entertainment,video.unrulymedia.com,776418614052335749,RESELLER,Not Tracked (Non-Top 3 SSP)
people.com,Entertainment,ottadvisors.com,122597404845,RESELLER,Not Tracked (Non-Top 3 SSP)
people.com,Entertainment,nativo.com,5969,RESELLER,Not Tracked (Non-Top 3 SSP)
people.com,Entertainment,pubmatic.com,158554,RESELLER,Not Tracked (Non-Top 3 SSP)
people.com,Entertainment,google.com,pub-9790762811057699,RESELLER,EX.CO Technologies LTD
people.com,Entertainment,indexexchange.com,189396,RESELLER,Not Tracked (Non-Top 3 SSP)
people.com,Entertainment,openx.com,540847574,RESELLER,Not Tracked (Non-Top 3 SSP)
people.com,Entertainment,rubiconproject.com,17136,RESELLER,EX.CO TECHNOLOGIES LTD
people.com,Entertainment,indexexchange.com,190719,RESELLER,Not Tracked (Non-Top 3 SSP)
people.com,Entertainment,appnexus.com,12753,RESELLER,Not Tracked (Non-Top 3 SSP)
people.com,Entertainment,sharethrough.com,73diKlx9,RESELLER,Not Tracked (Non-Top 3 SSP)
people.com,Entertainment,freewheel.tv,1442946,RESELLER,Not Tracked (Non-Top 3 SSP)
people.com,Entertainment,freewheel.tv,1446450,RESELLER,Not Tracked (Non-Top 3 SSP)
people.com,Entertainment,aps.amazon.com,d0a898e4-a01e-4c35-a6bf-eb83d563b900,RESELLER,Not Tracked (Non-Top 3 SSP)
people.com,Entertainment,the-ozone-project.com,OZONEDDM0001,DIRECT,Not Tracked (Non-Top 3 SSP)
people.com,Entertainment,appnexus.com,9979,RESELLER,Not Tracked (Non-Top 3 SSP)
people.com,Entertainment,openx.com,540731760,RESELLER,Not Tracked (Non-Top 3 SSP)
people.com,Entertainment,pubmatic.com,160557,RESELLER,Not Tracked (Non-Top 3 SSP)
people.com,Entertainment,indexexchange.com,206233,RESELLER,Not Tracked (Non-Top 3 SSP)
people.com,Entertainment,nativo.com,6056,DIRECT,Not Tracked (Non-Top 3 SSP)
people.com,Entertainment,lijit.com,545055,DIRECT,Not Tracked (Non-Top 3 SSP)
people.com,Entertainment,lijit.com,545055-eb,DIRECT,Not Tracked (Non-Top 3 SSP)
people.com,Entertainment,openx.com,538959099,RESELLER,Not Tracked (Non-Top 3 SSP)
people.com,Entertainment,pubmatic.com,137711,RESELLER,Not Tracked (Non-Top 3 SSP)
people.com,Entertainment,pubmatic.com,156212,RESELLER,Not Tracked (Non-Top 3 SSP)
people.com,Entertainment,rubiconproject.com,17960,RESELLER,Sovrn Inc.
people.com,Entertainment,appnexus.com,1019,RESELLER,Not Tracked (Non-Top 3 SSP)
people.com,Entertainment,video.unrulymedia.com,2444764291,RESELLER,Not Tracked (Non-Top 3 SSP)
people.com,Entertainment,contextweb.com,558511,RESELLER,Not Tracked (Non-Top 3 SSP)
people.com,Entertainment,krushmedia.com,AJxF6R572a9M6CaTvK,RESELLER,Not Tracked (Non-Top 3 SSP)
people.com,Entertainment,motorik.io,100463,RESELLER,Not Tracked (Non-Top 3 SSP)
people.com,Entertainment,smaato.com,1100056344,RESELLER,Not Tracked (Non-Top 3 SSP)
people.com,Entertainment,smartadserver.com,4926,RESELLER,Not Tracked (Non-Top 3 SSP)
bleacherreport.com,Sports,rubiconproject.com,11078,DIRECT,Turnier Digital Ad Sal
bleacherreport.com,Sports,yieldmo.com,1981084746893657653,DIRECT,Not Tracked (Non-Top 3 SSP)
bleacherreport.com,Sports,yahoo.com,59995,DIRECT,Not Tracked (Non-Top 3 SSP)
bleacherreport.com,Sports,indexexchange.com,194132,DIRECT,Not Tracked (Non-Top 3 SSP)
bleacherreport.com,Sports,freewheel.tv,535029,RESELLER,Not Tracked (Non-Top 3 SSP)
bleacherreport.com,Sports,openx.com,561711183,DIRECT,Not Tracked (Non-Top 3 SSP)
bleacherreport.com,Sports,openx.com,561827512,DIRECT,Not Tracked (Non-Top 3 SSP)
bleacherreport.com,Sports,freewheel.tv,191701,DIRECT,Not Tracked (Non-Top 3 SSP)
bleacherreport.com,Sports,freewheel.tv,191701-523319,DIRECT,Not Tracked (Non-Top 3 SSP)
bleacherreport.com,Sports,videobyte.com,VJ3yZJ2,DIRECT,Not Tracked (Non-Top 3 SSP)
bleacherreport.com,Sports,kargo.com,113,DIRECT,Not Tracked (Non-Top 3 SSP)
bleacherreport.com,Sports,kargo.com,113,DIRECT,Not Tracked (Non-Top 3 SSP)
bleacherreport.com,Sports,lgads.tv,948648,DIRECT,Not Tracked (Non-Top 3 SSP)
bleacherreport.com,Sports,telaria.com,2auap-pv33y,DIRECT,Not Tracked (Non-Top 3 SSP)
bleacherreport.com,Sports,tremorhub.com,2auap-pv33y,DIRECT,Not Tracked (Non-Top 3 SSP)
bleacherreport.com,Sports,telaria.com,r5rfy-oas58,DIRECT,Not Tracked (Non-Top 3 SSP)
bleacherreport.com,Sports,tremorhub.com,r5rfy-oas58,DIRECT,Not Tracked (Non-Top 3 SSP)
bleacherreport.com,Sports,telaria.com,m8r1c-2u262,DIRECT,Not Tracked (Non-Top 3 SSP)
bleacherreport.com,Sports,tremorhub.com,m8r1c-2u262,DIRECT,Not Tracked (Non-Top 3 SSP)
bleacherreport.com,Sports,freewheel.tv,512029,DIRECT,Not Tracked (Non-Top 3 SSP)
bleacherreport.com,Sports,appnexus.com,17499,DIRECT,Not Tracked (Non-Top 3 SSP)
bleacherreport.com,Sports,pubmatic.com,166192,RESELLER,Not Tracked (Non-Top 3 SSP)
bleacherreport.com,Sports,telaria.com,8jhse-ifyq9,DIRECT,Not Tracked (Non-Top 3 SSP)
bleacherreport.com,Sports,tremorhub.com,8jhse-ifyq9,DIRECT,Not Tracked (Non-Top 3 SSP)
bleacherreport.com,Sports,triplelift.com,11244-EB,DIRECT,Not Tracked (Non-Top 3 SSP)
bleacherreport.com,Sports,telaria.com,m8r1c-o0139,DIRECT,Not Tracked (Non-Top 3 SSP)
bleacherreport.com,Sports,tremorhub.com,m8r1c-o0139,DIRECT,Not Tracked (Non-Top 3 SSP)
bleacherreport.com,Sports,telaria.com,oyz9g-ocspl,RESELLER,Not Tracked (Non-Top 3 SSP)
bleacherreport.com,Sports,tremorhub.com,oyz9g-ocspl,RESELLER,Not Tracked (Non-Top 3 SSP)
bleacherreport.com,Sports,appnexus.com,13779,RESELLER,Not Tracked (Non-Top 3 SSP)
bleacherreport.com,Sports,yahoo.com,59120,RESELLER,Not Tracked (Non-Top 3 SSP)
bleacherreport.com,Sports,freewheel.tv,1119233,RESELLER,Not Tracked (Non-Top 3 SSP)
bleacherreport.com,Sports,pubmatic.com,162263,RESELLER,Not Tracked (Non-Top 3 SSP)
bleacherreport.com,Sports,vizio.com,345948,RESELLER,Not Tracked (Non-Top 3 SSP)
bleacherreport.com,Sports,freewheel.tv,sg1251726,RESELLER,Not Tracked (Non-Top 3 SSP)
bleacherreport.com,Sports,freewheel.tv,535082-r-523319,RESELLER,Not Tracked (Non-Top 3 SSP)
bleacherreport.com,Sports,springserve.com,1043,RESELLER,Not Tracked (Non-Top 3 SSP)
bleacherreport.com,Sports,telaria.com,oyz9g-19rao,DIRECT,Not Tracked (Non-Top 3 SSP)
bleacherreport.com,Sports,tremorhub.com,oyz9g-19rao,DIRECT,Not Tracked (Non-Top 3 SSP)
bleacherreport.com,Sports,appnexus.com,7745,DIRECT,Not Tracked (Non-Top 3 SSP)
bleacherreport.com,Sports,google.com,pub-7439281311086140,DIRECT,"Turner Broadcasting System, Inc."
bleacherreport.com,Sports,aps.amazon.com,3159,DIRECT,Not Tracked (Non-Top 3 SSP)
bleacherreport.com,Sports,pubmatic.com,156599,DIRECT,Not Tracked (Non-Top 3 SSP)
bleacherreport.com,Sports,inmobi.com,b4e83026d85c4f5c8e2f64328ec31b9c,DIRECT,Not Tracked (Non-Top 3 SSP)
bleacherreport.com,Sports,media.net,8CUW4YZSU,DIRECT,Not Tracked (Non-Top 3 SSP)
bleacherreport.com,Sports,media.net,8CUTGDN33,DIRECT,Not Tracked (Non-Top 3 SSP)
bleacherreport.com,Sports,triplelift.com,953,DIRECT,Not Tracked (Non-Top 3 SSP)
bleacherreport.com,Sports,undertone.com,4303,DIRECT,Not Tracked (Non-Top 3 SSP)
bleacherreport.com,Sports,openx.com,537153564,RESELLER,Not Tracked (Non-Top 3 SSP)
bleacherreport.com,Sports,rubiconproject.com,22412,RESELLER,Intercept Interactive Inc. D.B.A Undertone
bleacherreport.com,Sports,pubmatic.com,160318,RESELLER,Not Tracked (Non-Top 3 SSP)
bleacherreport.com,Sports,themediagrid.com,9UX1JV,DIRECT,Not Tracked (Non-Top 3 SSP)
bleacherreport.com,Sports,wbd.com,1,DIRECT,Not Tracked (Non-Top 3 SSP)
bleacherreport.com,Sports,pubmatic.com,162932,DIRECT,Not Tracked (Non-Top 3 SSP)
bleacherreport.com,Sports,facebook.com,147412386065826,RESELLER,Not Tracked (Non-Top 3 SSP)
bleacherreport.com,Sports,pubmatic.com,158801,DIRECT,Not Tracked (Non-Top 3 SSP)
bleacherreport.com,Sports,triplelift.com,248,DIRECT,Not Tracked (Non-Top 3 SSP)
bleacherreport.com,Sports,triplelift.com,248-EB,DIRECT,Not Tracked (Non-Top 3 SSP)
bleacherreport.com,Sports,triplelift.com,5754-EB,DIRECT,Not Tracked (Non-Top 3 SSP)
bleacherreport.com,Sports,telaria.com,eq97f-r9ggu,DIRECT,Not Tracked (Non-Top 3 SSP)
bleacherreport.com,Sports,tremorhub.com,eq97f-r9ggu,DIRECT,Not Tracked (Non-Top 3 SSP)
bleacherreport.com,Sports,openx.com,540038342,DIRECT,Not Tracked (Non-Top 3 SSP)
bleacherreport.com,Sports,advertising.com,12624,RESELLER,Not Tracked (Non-Top 3 SSP)
bleacherreport.com,Sports,advertising.com,28555,RESELLER,Not Tracked (Non-Top 3 SSP)
bleacherreport.com,Sports,appnexus.com,7597,RESELLER,Not Tracked (Non-Top 3 SSP)
bleacherreport.com,Sports,appnexus.com,10736,RESELLER,Not Tracked (Non-Top 3 SSP)
bleacherreport.com,Sports,freewheel.tv,484721,RESELLER,Not Tracked (Non-Top 3 SSP)
bleacherreport.com,Sports,freewheel.tv,741650,RESELLER,Not Tracked (Non-Top 3 SSP)
bleacherreport.com,Sports,freewheel.tv,843169,RESELLER,Not Tracked (Non-Top 3 SSP)
bleacherreport.com,Sports,freewheel.tv,843185,RESELLER,Not Tracked (Non-Top 3 SSP)
bleacherreport.com,Sports,freewheel.tv,1131457,RESELLER,Not Tracked (Non-Top 3 SSP)
bleacherreport.com,Sports,freewheel.tv,1133073,RESELLER,Not Tracked (Non-Top 3 SSP)
bleacherreport.com,Sports,fyber.com,f2a848067b5fe77e73205e8024940cbf,RESELLER,Not Tracked (Non-Top 3 SSP)
bleacherreport.com,Sports,google.com,pub-5617098146054077,RESELLER,Unlisted / Unknown ID
bleacherreport.com,Sports,indexexchange.com,194132,DIRECT,Not Tracked (Non-Top 3 SSP)
bleacherreport.com,Sports,indexexchange.com,187781,DIRECT,Not Tracked (Non-Top 3 SSP)
bleacherreport.com,Sports,indexexchange.com,190856,RESELLER,Not Tracked (Non-Top 3 SSP)
bleacherreport.com,Sports,indexexchange.com,193091,RESELLER,Not Tracked (Non-Top 3 SSP)
bleacherreport.com,Sports,indexexchange.com,189507,RESELLER,Not Tracked (Non-Top 3 SSP)
bleacherreport.com,Sports,lkqd.net,602,RESELLER,Not Tracked (Non-Top 3 SSP)
bleacherreport.com,Sports,openx.com,540393169,RESELLER,Not Tracked (Non-Top 3 SSP)
bleacherreport.com,Sports,openx.com,540447820,RESELLER,Not Tracked (Non-Top 3 SSP)
bleacherreport.com,Sports,outbrain.com,00f1055a16bf3a984f6e77a3a3a1b4741b,DIRECT,Not Tracked (Non-Top 3 SSP)
bleacherreport.com,Sports,outbrain.com,004212d4e187697bc2ce1a454fa06c19d2,DIRECT,Not Tracked (Non-Top 3 SSP)
bleacherreport.com,Sports,pubmatic.com,158615,RESELLER,Not Tracked (Non-Top 3 SSP)
bleacherreport.com,Sports,pubmatic.com,160065,RESELLER,Not Tracked (Non-Top 3 SSP)
bleacherreport.com,Sports,pubmatic.com,158055,RESELLER,Not Tracked (Non-Top 3 SSP)
bleacherreport.com,Sports,aps.amazon.com,3965,RESELLER,Not Tracked (Non-Top 3 SSP)
bleacherreport.com,Sports,rubiconproject.com,18426,DIRECT,Google
bleacherreport.com,Sports,rubiconproject.com,18694,RESELLER,"Sharethrough, Inc,"
bleacherreport.com,Sports,rubiconproject.com,19668,RESELLER,Teads Holding Co.
bleacherreport.com,Sports,rubiconproject.com,20690,RESELLER,Unlisted / Unknown ID
bleacherreport.com,Sports,rhythmone.com,1021095649,DIRECT,Not Tracked (Non-Top 3 SSP)
bleacherreport.com,Sports,rhythmone.com,367782854,RESELLER,Not Tracked (Non-Top 3 SSP)
bleacherreport.com,Sports,sharethrough.com,c21oBkqP,RESELLER,Not Tracked (Non-Top 3 SSP)
bleacherreport.com,Sports,sharethrough.com,uDlHlVKG,RESELLER,Not Tracked (Non-Top 3 SSP)
bleacherreport.com,Sports,spotx.tv,238936,RESELLER,Not Tracked (Non-Top 3 SSP)
bleacherreport.com,Sports,spotx.tv,304237,RESELLER,Not Tracked (Non-Top 3 SSP)
bleacherreport.com,Sports,spotxchange.com,184125,RESELLER,Not Tracked (Non-Top 3 SSP)
bleacherreport.com,Sports,spotx.tv,184125,RESELLER,Not Tracked (Non-Top 3 SSP)
bleacherreport.com,Sports,spotxchange.com,219004,DIRECT,Not Tracked (Non-Top 3 SSP)
bleacherreport.com,Sports,spotx.tv,219004,DIRECT,Not Tracked (Non-Top 3 SSP)
bleacherreport.com,Sports,indexexchange.com,186948,DIRECT,Not Tracked (Non-Top 3 SSP)
bleacherreport.com,Sports,spotxchange.com,238936,RESELLER,Not Tracked (Non-Top 3 SSP)
bleacherreport.com,Sports,spotxchange.com,304237,RESELLER,Not Tracked (Non-Top 3 SSP)
bleacherreport.com,Sports,telaria.com,gjd4s,RESELLER,Not Tracked (Non-Top 3 SSP)
bleacherreport.com,Sports,themediagrid.com,9UX1JV,DIRECT,Not Tracked (Non-Top 3 SSP)
bleacherreport.com,Sports,tremorhub.com,gjd4s,RESELLER,Not Tracked (Non-Top 3 SSP)
bleacherreport.com,Sports,criteo.com,B-058240,DIRECT,Unlisted / Unknown ID
bleacherreport.com,Sports,tremorhub.com,q017o-78mlk,RESELLER,Not Tracked (Non-Top 3 SSP)
bleacherreport.com,Sports,triplelift.com,11547,RESELLER,Not Tracked (Non-Top 3 SSP)
bleacherreport.com,Sports,vi.ai,649774461155146,DIRECT,Not Tracked (Non-Top 3 SSP)
bleacherreport.com,Sports,video.unrulymedia.com,367782854,RESELLER,Not Tracked (Non-Top 3 SSP)
bleacherreport.com,Sports,vidazoo.com,1773068026,RESELLER,Not Tracked (Non-Top 3 SSP)
bleacherreport.com,Sports,xandr.com,10736,RESELLER,Not Tracked (Non-Top 3 SSP)
bleacherreport.com,Sports,yahoo.com,59658,RESELLER,Not Tracked (Non-Top 3 SSP)
bleacherreport.com,Sports,yieldmo.com,1556425156826872341,DIRECT,Not Tracked (Non-Top 3 SSP)
bleacherreport.com,Sports,yieldmo.com,2140675095243950036,DIRECT,Not Tracked (Non-Top 3 SSP)
bleacherreport.com,Sports,video.unrulymedia.com,1021095649,DIRECT,Not Tracked (Non-Top 3 SSP)
bleacherreport.com,Sports,media.net,8CUVSKR7T,DIRECT,Not Tracked (Non-Top 3 SSP)
bleacherreport.com,Sports,aps.amazon.com,3159,DIRECT,Not Tracked (Non-Top 3 SSP)
bleacherreport.com,Sports,openx.com,537153334,DIRECT,Not Tracked (Non-Top 3 SSP)
bleacherreport.com,Sports,appnexus.com,7745,DIRECT,Not Tracked (Non-Top 3 SSP)
bleacherreport.com,Sports,pubmatic.com,156599,DIRECT,Not Tracked (Non-Top 3 SSP)
bleacherreport.com,Sports,rubiconproject.com,11078,DIRECT,Turnier Digital Ad Sal
bleacherreport.com,Sports,triplelift.com,953,DIRECT,Not Tracked (Non-Top 3 SSP)
bleacherreport.com,Sports,indexexchange.com,194132,DIRECT,Not Tracked (Non-Top 3 SSP)
bleacherreport.com,Sports,media.net,8CUW4YZSU,DIRECT,Not Tracked (Non-Top 3 SSP)
bleacherreport.com,Sports,sharethrough.com,tQiJV7fJ,DIRECT,Not Tracked (Non-Top 3 SSP)
bleacherreport.com,Sports,gumgum.com,16057,DIRECT,Not Tracked (Non-Top 3 SSP)
bleacherreport.com,Sports,undertone.com,4303,RESELLER,Not Tracked (Non-Top 3 SSP)
bleacherreport.com,Sports,themediagrid.com,JTQKMP,RESELLER,Not Tracked (Non-Top 3 SSP)
bleacherreport.com,Sports,nativo.com,5661,DIRECT,Not Tracked (Non-Top 3 SSP)
bleacherreport.com,Sports,pubmatic.com,156500,RESELLER,Not Tracked (Non-Top 3 SSP)
bleacherreport.com,Sports,inmobi.com,21dafc7bf4da4c399c6916da78462fb4,RESELLER,Not Tracked (Non-Top 3 SSP)
bleacherreport.com,Sports,openx.com,540709535,RESELLER,Not Tracked (Non-Top 3 SSP)
bleacherreport.com,Sports,rubiconproject.com,16156,RESELLER,Nativo Inc
bleacherreport.com,Sports,loopme.com,11656,RESELLER,Not Tracked (Non-Top 3 SSP)
bleacherreport.com,Sports,zetaglobal.net,989,RESELLER,Not Tracked (Non-Top 3 SSP)
bleacherreport.com,Sports,smartadserver.com,4878,RESELLER,Not Tracked (Non-Top 3 SSP)
bleacherreport.com,Sports,smaato.com,1100057947,RESELLER,Not Tracked (Non-Top 3 SSP)
bleacherreport.com,Sports,media.net,8CU20T15J,RESELLER,Not Tracked (Non-Top 3 SSP)
bleacherreport.com,Sports,pubnative.net,1009948,RESELLER,Not Tracked (Non-Top 3 SSP)
bleacherreport.com,Sports,indexexchange.com,184081,RESELLER,Not Tracked (Non-Top 3 SSP)
bleacherreport.com,Sports,contextweb.com,562001,RESELLER,Not Tracked (Non-Top 3 SSP)
bleacherreport.com,Sports,appnexus.com,8173,RESELLER,Not Tracked (Non-Top 3 SSP)
bleacherreport.com,Sports,rubiconproject.com,11864,RESELLER,"Kargo Global, Inc."
bleacherreport.com,Sports,gumgum.com,16114,DIRECT,Not Tracked (Non-Top 3 SSP)
bleacherreport.com,Sports,teads.tv,23337,DIRECT,Not Tracked (Non-Top 3 SSP)
bleacherreport.com,Sports,sharethrough.com,5618,DIRECT,Not Tracked (Non-Top 3 SSP)
bleacherreport.com,Sports,smartadserver.com,5618,DIRECT,Not Tracked (Non-Top 3 SSP)
bleacherreport.com,Sports,appnexus.com,1908,RESELLER,Not Tracked (Non-Top 3 SSP)
bleacherreport.com,Sports,appnexus.com,8353,DIRECT,Not Tracked (Non-Top 3 SSP)
bleacherreport.com,Sports,appnexus.com,8613,DIRECT,Not Tracked (Non-Top 3 SSP)
bleacherreport.com,Sports,districtm.io,101707,DIRECT,Not Tracked (Non-Top 3 SSP)
bleacherreport.com,Sports,emxdgt.com,975,DIRECT,Not Tracked (Non-Top 3 SSP)
bleacherreport.com,Sports,google.com,pub-5995202563537249,RESELLER,Confidential
bleacherreport.com,Sports,google.com,pub-8566795000208645,DIRECT,"CNN, Inc"
bleacherreport.com,Sports,google.com,pub-9685734445476814,RESELLER,Sharethrough Inc
bleacherreport.com,Sports,indexexchange.com,184694,DIRECT,Not Tracked (Non-Top 3 SSP)
bleacherreport.com,Sports,indexexchange.com,186370,DIRECT,Not Tracked (Non-Top 3 SSP)
bleacherreport.com,Sports,openx.com,539275389,DIRECT,Not Tracked (Non-Top 3 SSP)
bleacherreport.com,Sports,openx.com,540165835,DIRECT,Not Tracked (Non-Top 3 SSP)
bleacherreport.com,Sports,openx.com,540274407,RESELLER,Not Tracked (Non-Top 3 SSP)
bleacherreport.com,Sports,pubmatic.com,156557,RESELLER,Not Tracked (Non-Top 3 SSP)
bleacherreport.com,Sports,spotx.tv,143454,DIRECT,Not Tracked (Non-Top 3 SSP)
bleacherreport.com,Sports,spotx.tv,143647,DIRECT,Not Tracked (Non-Top 3 SSP)
bleacherreport.com,Sports,spotx.tv,212457,RESELLER,Not Tracked (Non-Top 3 SSP)
bleacherreport.com,Sports,spotxchange.com,212457,RESELLER,Not Tracked (Non-Top 3 SSP)
bleacherreport.com,Sports,spotxchange.com,229540,DIRECT,Not Tracked (Non-Top 3 SSP)
bleacherreport.com,Sports,tremorhub.com,px2ii-9d07k,DIRECT,Not Tracked (Non-Top 3 SSP)
bleacherreport.com,Sports,rubiconproject.com,11016,DIRECT,"Turner Broadcasting System, Inc."
bleacherreport.com,Sports,pubmatic.com,157628-A,DIRECT,Not Tracked (Non-Top 3 SSP)
bleacherreport.com,Sports,spotxchange.com,229540,DIRECT,Not Tracked (Non-Top 3 SSP)
bleacherreport.com,Sports,spotx.tv,229540,DIRECT,Not Tracked (Non-Top 3 SSP)
bleacherreport.com,Sports,indexexchange.com,193663,DIRECT,Not Tracked (Non-Top 3 SSP)
bleacherreport.com,Sports,appnexus.com,8353,DIRECT,Not Tracked (Non-Top 3 SSP)
bleacherreport.com,Sports,yahoo.com,55774,RESELLER,Not Tracked (Non-Top 3 SSP)
bleacherreport.com,Sports,smaato.com,1100044650,RESELLER,Not Tracked (Non-Top 3 SSP)
bleacherreport.com,Sports,yieldmo.com,2719019867620450718,RESELLER,Not Tracked (Non-Top 3 SSP)
bleacherreport.com,Sports,smartadserver.com,4125,RESELLER,Not Tracked (Non-Top 3 SSP)
bleacherreport.com,Sports,triplelift.com,8085,DIRECT,Not Tracked (Non-Top 3 SSP)
bleacherreport.com,Sports,sharethrough.com,04c75099,DIRECT,Not Tracked (Non-Top 3 SSP)
bleacherreport.com,Sports,google.com,pub-1011508009856018,RESELLER,Unlisted / Unknown ID
bleacherreport.com,Sports,rubiconproject.com,14904,DIRECT,Cue Digital Media Inc.
bleacherreport.com,Sports,rubiconproject.com,23434,RESELLER,"GumGum, Inc."
bleacherreport.com,Sports,pubmatic.com,157897,RESELLER,Not Tracked (Non-Top 3 SSP)
bleacherreport.com,Sports,contextweb.com,558355,RESELLER,Not Tracked (Non-Top 3 SSP)
bleacherreport.com,Sports,openx.com,537149485,RESELLER,Not Tracked (Non-Top 3 SSP)
bleacherreport.com,Sports,conversantmedia.com,100978,RESELLER,Not Tracked (Non-Top 3 SSP)
bleacherreport.com,Sports,improvedigital.com,1884,RESELLER,Not Tracked (Non-Top 3 SSP)
bleacherreport.com,Sports,smartadserver.com,4005,RESELLER,Not Tracked (Non-Top 3 SSP)
bleacherreport.com,Sports,admanmedia.com,799,RESELLER,Not Tracked (Non-Top 3 SSP)
bleacherreport.com,Sports,appnexus.com,2758,RESELLER,Not Tracked (Non-Top 3 SSP)
bleacherreport.com,Sports,the-ozone-project.com,OZONECNN0001,DIRECT,Not Tracked (Non-Top 3 SSP)
bleacherreport.com,Sports,appnexus.com,9979,RESELLER,Not Tracked (Non-Top 3 SSP)
bleacherreport.com,Sports,openx.com,540731760,RESELLER,Not Tracked (Non-Top 3 SSP)
bleacherreport.com,Sports,adform.com,2657,RESELLER,Not Tracked (Non-Top 3 SSP)
bleacherreport.com,Sports,pubmatic.com,160557,RESELLER,Not Tracked (Non-Top 3 SSP)
bleacherreport.com,Sports,indexexchange.com,206233,RESELLER,Not Tracked (Non-Top 3 SSP)
bleacherreport.com,Sports,aps.amazon.com,3288,DIRECT,Not Tracked (Non-Top 3 SSP)
bleacherreport.com,Sports,appnexus.com,8353,DIRECT,Not Tracked (Non-Top 3 SSP)
bleacherreport.com,Sports,spotxchange.com,229540,DIRECT,Not Tracked (Non-Top 3 SSP)
bleacherreport.com,Sports,spotx.tv,229540,DIRECT,Not Tracked (Non-Top 3 SSP)
bleacherreport.com,Sports,pubmatic.com,157628,DIRECT,Not Tracked (Non-Top 3 SSP)
bleacherreport.com,Sports,rubiconproject.com,11016,DIRECT,"Turner Broadcasting System, Inc."
bleacherreport.com,Sports,indexexchange.com,193663,DIRECT,Not Tracked (Non-Top 3 SSP)
bleacherreport.com,Sports,yahoo.com,55774,RESELLER,Not Tracked (Non-Top 3 SSP)
bleacherreport.com,Sports,sovrn.com,375328,RESELLER,Not Tracked (Non-Top 3 SSP)
bleacherreport.com,Sports,lijit.com,375328,RESELLER,Not Tracked (Non-Top 3 SSP)
bleacherreport.com,Sports,smartadserver.com,4125,RESELLER,Not Tracked (Non-Top 3 SSP)
bleacherreport.com,Sports,yieldmo.com,2719019867620450718,RESELLER,Not Tracked (Non-Top 3 SSP)
bleacherreport.com,Sports,sharethrough.com,04c75099,DIRECT,Not Tracked (Non-Top 3 SSP)
bleacherreport.com,Sports,gumgum.com,16114,DIRECT,Not Tracked (Non-Top 3 SSP)
bleacherreport.com,Sports,kargo.com,8915,DIRECT,Not Tracked (Non-Top 3 SSP)
bleacherreport.com,Sports,nativo.com,5661,DIRECT,Not Tracked (Non-Top 3 SSP)
expedia.com,Retail Media & E-Commerce,google.com,pub-2572582711826905,DIRECT,"Expedia, Inc."
expedia.com,Retail Media & E-Commerce,appnexus.com,8344,DIRECT,Not Tracked (Non-Top 3 SSP)
expedia.com,Retail Media & E-Commerce,indexexchange.com,145638,DIRECT,Not Tracked (Non-Top 3 SSP)
expedia.com,Retail Media & E-Commerce,indexexchange.com,184560,DIRECT,Not Tracked (Non-Top 3 SSP)
expedia.com,Retail Media & E-Commerce,openx.com,540045331,DIRECT,Not Tracked (Non-Top 3 SSP)
expedia.com,Retail Media & E-Commerce,openx.com,540282950,DIRECT,Not Tracked (Non-Top 3 SSP)
expedia.com,Retail Media & E-Commerce,rubiconproject.com,18514,DIRECT,Unlisted / Unknown ID
expedia.com,Retail Media & E-Commerce,rubiconproject.com,20334,DIRECT,Unlisted / Unknown ID
expedia.com,Retail Media & E-Commerce,rubiconproject.com,28345,DIRECT,Google
expedia.com,Retail Media & E-Commerce,liveintent.com,9504,DIRECT,Not Tracked (Non-Top 3 SSP)
expedia.com,Retail Media & E-Commerce,liveintent.com,13985,DIRECT,Not Tracked (Non-Top 3 SSP)
expedia.com,Retail Media & E-Commerce,liveintent.com,14672,DIRECT,Not Tracked (Non-Top 3 SSP)
expedia.com,Retail Media & E-Commerce,liveintent.com,13970,DIRECT,Not Tracked (Non-Top 3 SSP)
expedia.com,Retail Media & E-Commerce,liveintent.com,13919,DIRECT,Not Tracked (Non-Top 3 SSP)
expedia.com,Retail Media & E-Commerce,liveintent.com,14502,DIRECT,Not Tracked (Non-Top 3 SSP)
expedia.com,Retail Media & E-Commerce,sovrn.com,267878,DIRECT,Not Tracked (Non-Top 3 SSP)
expedia.com,Retail Media & E-Commerce,lijit.com,267878,DIRECT,Not Tracked (Non-Top 3 SSP)
expedia.com,Retail Media & E-Commerce,pubmatic.com,158147,DIRECT,Not Tracked (Non-Top 3 SSP)
zillow.com,Retail Media & E-Commerce,appnexus.com,3820,DIRECT,Not Tracked (Non-Top 3 SSP)
zillow.com,Retail Media & E-Commerce,google.com,pub-2400833883574909,DIRECT,Zillow Group Inc.
zillow.com,Retail Media & E-Commerce,indexexchange.com,182276,DIRECT,Not Tracked (Non-Top 3 SSP)
zillow.com,Retail Media & E-Commerce,indexexchange.com,184043,DIRECT,Not Tracked (Non-Top 3 SSP)
zillow.com,Retail Media & E-Commerce,pubmatic.com,157030,DIRECT,Not Tracked (Non-Top 3 SSP)
zillow.com,Retail Media & E-Commerce,pubmatic.com,32637,DIRECT,Not Tracked (Non-Top 3 SSP)
zillow.com,Retail Media & E-Commerce,pubmatic.com,160772,DIRECT,Not Tracked (Non-Top 3 SSP)
zillow.com,Retail Media & E-Commerce,rubiconproject.com,12222,DIRECT,Zillow Inc.
zillow.com,Retail Media & E-Commerce,rubiconproject.com,16240,DIRECT,Google
zillow.com,Retail Media & E-Commerce,triplelift.com,4466,DIRECT,Not Tracked (Non-Top 3 SSP)
zillow.com,Retail Media & E-Commerce,triplelift.com,4466-EB,DIRECT,Not Tracked (Non-Top 3 SSP)
zillow.com,Retail Media & E-Commerce,triplelift.com,14513,DIRECT,Not Tracked (Non-Top 3 SSP)
zillow.com,Retail Media & E-Commerce,triplelift.com,14495-EB,DIRECT,Not Tracked (Non-Top 3 SSP)
zillow.com,Retail Media & E-Commerce,themediagrid.com,NF1K6D,DIRECT,Not Tracked (Non-Top 3 SSP)
zillow.com,Retail Media & E-Commerce,aps.amazon.com,af442c89-f1b6-4d52-9e13-e2d6fdcc3ac1,DIRECT,Not Tracked (Non-Top 3 SSP)
redfin.com,Retail Media & E-Commerce,google.com,pub-3627990749990935,DIRECT,Redfin Corporation
redfin.com,Retail Media & E-Commerce,aps.amazon.com,d9b54ccb-c63e-4bbb-b328-1fd7d736b814,DIRECT,Not Tracked (Non-Top 3 SSP)
redfin.com,Retail Media & E-Commerce,sharethrough.com,94n2jpju,DIRECT,Not Tracked (Non-Top 3 SSP)
redfin.com,Retail Media & E-Commerce,smartadserver.com,4342,RESELLER,Not Tracked (Non-Top 3 SSP)
redfin.com,Retail Media & E-Commerce,smartadserver.com,4012,RESELLER,Not Tracked (Non-Top 3 SSP)
redfin.com,Retail Media & E-Commerce,xandr.com,16739,DIRECT,Not Tracked (Non-Top 3 SSP)
redfin.com,Retail Media & E-Commerce,risecodes.com,66ea93a13ad0350001a9e9a0,DIRECT,Not Tracked (Non-Top 3 SSP)
redfin.com,Retail Media & E-Commerce,pubmatic.com,160295,RESELLER,Not Tracked (Non-Top 3 SSP)
redfin.com,Retail Media & E-Commerce,xandr.com,14082,RESELLER,Not Tracked (Non-Top 3 SSP)
redfin.com,Retail Media & E-Commerce,rubiconproject.com,23876,RESELLER,Typea Holdings  LTD.
redfin.com,Retail Media & E-Commerce,sharethrough.com,5926d422,RESELLER,Not Tracked (Non-Top 3 SSP)
redfin.com,Retail Media & E-Commerce,yieldmo.com,2754490424016969782,RESELLER,Not Tracked (Non-Top 3 SSP)
redfin.com,Retail Media & E-Commerce,media.net,8CUQ6928Q,RESELLER,Not Tracked (Non-Top 3 SSP)
redfin.com,Retail Media & E-Commerce,33across.com,0010b00002Xbn7QAAR,RESELLER,Not Tracked (Non-Top 3 SSP)
redfin.com,Retail Media & E-Commerce,openx.com,537140488,RESELLER,Not Tracked (Non-Top 3 SSP)
redfin.com,Retail Media & E-Commerce,indexexchange.com,210285,DIRECT,Not Tracked (Non-Top 3 SSP)
redfin.com,Retail Media & E-Commerce,indexexchange.com,210544,DIRECT,Not Tracked (Non-Top 3 SSP)
redfin.com,Retail Media & E-Commerce,rubiconproject.com,27030,DIRECT,Redfin Corporation
redfin.com,Retail Media & E-Commerce,​amxrtb.com,105199834,DIRECT,Not Tracked (Non-Top 3 SSP)
redfin.com,Retail Media & E-Commerce,redfin.com,1,DIRECT,Not Tracked (Non-Top 3 SSP)
redfin.com,Retail Media & E-Commerce,triplelift.com,3668,DIRECT,Not Tracked (Non-Top 3 SSP)
redfin.com,Retail Media & E-Commerce,pubmatic.com,165987,DIRECT,Not Tracked (Non-Top 3 SSP)
redfin.com,Retail Media & E-Commerce,pubmatic.com,165988,DIRECT,Not Tracked (Non-Top 3 SSP)
redfin.com,Retail Media & E-Commerce,media.net,8CU22D68A,DIRECT,Not Tracked (Non-Top 3 SSP)
redfin.com,Retail Media & E-Commerce,media.net,8CUMQH13B,DIRECT,Not Tracked (Non-Top 3 SSP)
redfin.com,Retail Media & E-Commerce,openx.com,561832285,DIRECT,Not Tracked (Non-Top 3 SSP)
redfin.com,Retail Media & E-Commerce,openx.com,561832663,DIRECT,Not Tracked (Non-Top 3 SSP)
redfin.com,Retail Media & E-Commerce,pmc.com,1243275,DIRECT,Not Tracked (Non-Top 3 SSP)
redfin.com,Retail Media & E-Commerce,rubiconproject.com,10278,RESELLER,"SHEMedia, LLC"
redfin.com,Retail Media & E-Commerce,pgamssp.com,681b8cef1f673608cb0ae729,DIRECT,Not Tracked (Non-Top 3 SSP)
redfin.com,Retail Media & E-Commerce,pubmatic.com,162623,RESELLER,Not Tracked (Non-Top 3 SSP)
redfin.com,Retail Media & E-Commerce,rubiconproject.com,24852,RESELLER,PGAM Media LLC
redfin.com,Retail Media & E-Commerce,video.unrulymedia.com,5921144960123684292,RESELLER,Not Tracked (Non-Top 3 SSP)
redfin.com,Retail Media & E-Commerce,onetag.com,87f80e5d9d55274,RESELLER,Not Tracked (Non-Top 3 SSP)
redfin.com,Retail Media & E-Commerce,amxrtb.com,105199776,RESELLER,Not Tracked (Non-Top 3 SSP)
redfin.com,Retail Media & E-Commerce,sharethrough.com,FhiWXM0L,RESELLER,Not Tracked (Non-Top 3 SSP)
redfin.com,Retail Media & E-Commerce,33across.com,0015a00003ALsDfAAL,DIRECT,Not Tracked (Non-Top 3 SSP)
redfin.com,Retail Media & E-Commerce,lijit.com,402418,RESELLER,Not Tracked (Non-Top 3 SSP)
redfin.com,Retail Media & E-Commerce,smaato.com,1100058906,DIRECT,Not Tracked (Non-Top 3 SSP)
redfin.com,Retail Media & E-Commerce,yahoo.com,100017,DIRECT,Not Tracked (Non-Top 3 SSP)
redfin.com,Retail Media & E-Commerce,cordlessmedia.com,62798,DIRECT,Not Tracked (Non-Top 3 SSP)
redfin.com,Retail Media & E-Commerce,ads.cordlessmedia.com,90021,DIRECT,Not Tracked (Non-Top 3 SSP)
redfin.com,Retail Media & E-Commerce,google.com,pub-4063127864427500,DIRECT,Unlisted / Unknown ID
redfin.com,Retail Media & E-Commerce,google.com,pub-7424569910149170,DIRECT,Unlisted / Unknown ID
redfin.com,Retail Media & E-Commerce,google.com,pub-5512453461149962,DIRECT,CordlessMedia LLC
redfin.com,Retail Media & E-Commerce,google.com,pub-9800369217370779,DIRECT,Unlisted / Unknown ID
redfin.com,Retail Media & E-Commerce,google.com,pub-9194912297507734,DIRECT,Unlisted / Unknown ID
redfin.com,Retail Media & E-Commerce,liveintent.com,83793,DIRECT,Not Tracked (Non-Top 3 SSP)
redfin.com,Retail Media & E-Commerce,liveintent.com,86526,DIRECT,Not Tracked (Non-Top 3 SSP)
redfin.com,Retail Media & E-Commerce,trustx.org,12064,DIRECT,Not Tracked (Non-Top 3 SSP)
